#{"t_start": 1776096173.95502, "env_id": "None"}
r,l,t
-8.4,18,1.968151
-9.05,18,1.980195
-7.4,18,1.985987
-8.7,18,2.012155
-5.85,18,2.024611
-8.65,18,2.039985
-8.65,18,2.050921
-9.05,18,2.069199
-8.85,18,2.080843
-5.6,18,2.105468
12.3,18,2.130522
-8.5,18,2.153078
-8.6,18,2.160554
-6.5,18,2.181685
-8.55,18,2.294107
-8.95,18,2.307667
-9.0,18,2.324604
-8.0,18,2.339697
-7.6,18,2.359092
-8.85,18,2.374341
-7.55,18,2.387446
-7.55,18,2.403547
11.85,18,2.4294
2.65,18,2.446308
-7.4,18,2.463523
12.95,18,2.477651
11.95,18,2.491884
-7.15,18,2.491884
-7.75,18,2.57481
-8.5,18,2.58865
14.1,18,2.604439
-8.55,18,2.620224
-8.8,18,2.636043
-8.75,18,2.655032
-9.2,18,2.673111
-8.9,18,2.692312
-8.65,18,2.704119
-7.35,18,2.716582
-8.4,18,2.730103
-8.65,18,2.739858
-8.7,18,2.75783
-8.6,18,2.773413
-8.8,18,2.842496
-9.1,18,2.862535
-7.45,18,2.883128
14.05,18,2.902397
13.4,18,2.920151
-7.7,18,2.936025
-8.0,18,2.954863
-7.65,18,2.969373
-7.6,18,2.988727
-7.05,18,3.004339
-8.15,18,3.017308
-7.6,18,3.02886
-7.6,18,3.039015
2.9,18,3.039015
14.6,18,3.106534
-8.65,18,3.119902
-8.6,18,3.132699
14.15,18,3.14449
-7.0,18,3.158271
-7.75,18,3.172075
1.85,18,3.183872
2.9,18,3.183872
-7.95,18,3.209825
-8.7,18,3.222103
13.6,18,3.275337
-7.6,18,3.287388
-8.5,18,3.300347
-6.3,18,3.313022
15.35,18,3.323936
13.45,18,3.425791
-6.75,18,3.4516
-8.0,18,3.4672
-9.05,18,3.485273
-8.7,18,3.497066
-7.85,18,3.508858
1.85,18,3.525327
-6.2,18,3.536975
-7.75,18,3.548156
12.95,18,3.561177
12.85,18,3.57341
13.1,18,3.585167
-7.55,18,3.59934
12.1,18,3.609122
13.0,18,3.703115
-7.85,18,3.729716
-9.0,18,3.743253
-7.5,18,3.7555
-7.15,18,3.771295
-7.5,18,3.785916
-8.9,18,3.799745
-7.2,18,3.810732
1.35,18,3.823781
11.85,18,3.837541
17.45,18,3.853304
-9.15,18,3.86471
-8.1,18,3.879499
-7.75,18,3.892738
-8.7,18,3.938893
-8.4,18,3.952652
-7.8,18,3.965229
-8.45,18,3.978978
1.85,18,3.991218
-8.15,18,4.004692
-8.8,18,4.01645
-7.05,18,4.026525
-8.9,18,4.040317
13.75,18,4.052103
-8.65,18,4.060086
-8.5,18,4.078208
-7.6,18,4.09168
-8.65,18,4.105796
-8.65,18,4.167922
-7.45,18,4.17994
-8.35,18,4.19118
-7.85,18,4.205478
-8.4,18,4.225211
-8.95,18,4.236969
1.6,18,4.249886
14.35,18,4.262905
-8.95,18,4.278668
12.65,18,4.293724
-8.95,18,4.306978
-7.9,18,4.31672
13.9,18,4.328737
-8.85,18,4.348245
2.55,18,4.360296
12.05,18,4.417439
-7.55,18,4.434022
1.7,18,4.449095
-7.45,18,4.461139
-8.55,18,4.474968
-7.95,18,4.488727
14.15,18,4.50429
-9.25,18,4.516606
14.3,18,4.532398
-7.7,18,4.544541
-7.4,18,4.558341
-8.35,18,4.572137
-9.0,18,4.584176
15.3,18,4.597782
-9.4,18,4.663433
-8.75,18,4.682579
-9.0,18,4.695436
-9.0,18,4.711457
-8.5,18,4.72401
-7.6,18,4.736073
-7.6,18,4.744385
-8.5,18,4.762263
1.5,18,4.772278
-8.05,18,4.786041
-9.45,18,4.798056
-8.85,18,4.807811
-6.95,18,4.823083
-8.85,18,4.833901
-8.4,18,4.889258
-9.0,18,4.903055
-7.1,18,4.914845
-6.4,18,4.930632
-9.4,18,4.943633
-9.05,18,4.954278
-8.65,18,4.962423
-8.5,18,4.978946
-8.65,18,4.992234
13.65,18,5.005547
-8.7,18,5.0176
-8.6,18,5.029648
-7.55,18,5.049392
2.25,18,5.061132
-9.45,18,5.111358
13.25,18,5.125117
-6.45,18,5.13513
-6.35,18,5.14889
14.75,18,5.161124
-7.55,18,5.174528
-9.0,18,5.184588
14.8,18,5.198333
2.55,18,5.212395
-9.05,18,5.226195
15.0,18,5.237979
-6.85,18,5.251643
-8.9,18,5.264483
12.8,18,5.275497
-6.5,18,5.341915
-8.9,18,5.359679
-9.25,18,5.37199
-7.35,18,5.384719
-8.7,18,5.397722
13.05,18,5.40874
-6.3,18,5.42241
12.0,18,5.436174
-8.9,18,5.449974
-9.0,18,5.462024
-7.9,18,5.477828
-8.35,18,5.4898
-9.1,18,5.504867
-9.15,18,5.514622
-8.55,18,5.528383
-7.45,18,5.576631
-8.95,18,5.59194
14.05,18,5.604649
-8.3,18,5.618793
-9.2,18,5.630559
15.05,18,5.644621
13.05,18,5.656417
12.9,18,5.67022
-7.6,18,5.686024
-6.7,18,5.696038
12.55,18,5.711361
1.7,18,5.723955
-9.1,18,5.730021
2.4,18,5.751727
13.9,18,5.804969
-9.4,18,5.817505
-8.7,18,5.828994
-9.05,18,5.837355
-8.6,18,5.85955
12.05,18,5.871067
1.8,18,5.886832
-8.5,18,5.898848
13.0,18,5.914613
-7.95,18,5.928564
15.9,18,5.943733
-8.6,18,6.004108
1.9,18,6.015713
-8.25,18,6.027763
2.3,18,6.085412
-9.45,18,6.104418
-8.3,18,6.120008
-9.3,18,6.132025
12.5,18,6.144219
-7.7,18,6.159188
-9.2,18,6.17105
-6.55,18,6.184811
-9.05,18,6.19857
-7.0,18,6.210595
3.85,18,6.236112
-8.3,18,6.246825
-7.45,18,6.265427
-8.75,18,6.277607
-8.95,18,6.332834
13.85,18,6.349324
-9.1,18,6.364019
-7.75,18,6.382428
-8.85,18,6.397046
-9.2,18,6.408564
-7.9,18,6.42008
-6.65,18,6.434099
-7.7,18,6.446543
12.5,18,6.461567
13.2,18,6.470254
-8.8,18,6.487358
-8.9,18,6.500128
-8.5,18,6.512349
-8.55,18,6.526151
-6.6,18,6.589344
-8.9,18,6.602732
13.25,18,6.614305
13.7,18,6.628366
-8.15,18,6.640156
-8.1,18,6.653956
-7.3,18,6.666005
-8.5,18,6.681781
11.95,18,6.697107
13.05,18,6.709965
-8.4,18,6.719944
-6.75,18,6.7282
14.1,18,6.750023
3.75,18,6.763826
-8.0,18,6.812974
13.9,18,6.821039
-7.25,18,6.841168
-8.95,18,6.854974
14.75,18,6.866255
-6.85,18,6.878309
-9.5,18,6.894093
-7.6,18,7.307246
2.3,18,7.317877
-8.6,18,7.338722
-7.8,18,7.350232
-9.35,18,7.358531
-8.2,18,7.376352
-7.55,18,7.390154
-7.2,18,7.445798
-7.65,18,7.459653
11.9,18,7.471776
-8.1,18,7.485352
-8.7,18,7.501253
-7.75,18,7.511931
13.4,18,7.527459
-7.8,18,7.541245
-7.4,18,7.555054
11.4,18,7.568462
-8.15,18,7.580039
-6.7,18,7.592093
-7.3,18,7.604143
-8.6,18,7.617933
-8.5,18,7.675657
-7.85,18,7.689568
-8.15,18,7.7022
-9.5,18,7.716611
13.1,18,7.728664
-6.95,18,7.740369
-9.35,18,7.75618
-7.55,18,7.767067
2.9,18,7.782586
-7.05,18,7.794721
-7.9,18,7.806515
-8.4,18,7.820317
1.6,18,7.832368
-5.95,18,7.844882
-9.15,18,7.901522
1.75,18,7.903524
-7.45,18,7.925065
-8.75,18,7.935078
-9.25,18,7.945091
3.55,18,7.956848
-7.65,18,7.969825
-8.4,18,7.985097
-7.9,18,8.001541
-8.1,18,8.015696
-7.3,18,8.02749
-8.2,18,8.041289
1.35,18,8.055086
-6.2,18,8.067126
14.25,18,8.081358
-9.5,18,8.139584
-8.35,18,8.153344
-8.75,18,8.167103
-9.55,18,8.179119
-7.2,18,8.192878
-7.15,18,8.20535
15.15,18,8.218634
13.25,18,8.23146
13.4,18,8.242476
-8.8,18,8.256237
2.1,18,8.268252
2.75,18,8.278006
-8.95,18,8.292502
11.85,18,8.305226
-8.65,18,8.356755
-8.85,18,8.369319
14.15,18,8.384225
-8.25,18,8.400264
-7.7,18,8.417391
-8.8,18,8.434944
-6.65,18,8.447541
-6.2,18,8.460338
-8.75,18,8.474102
-7.55,18,8.488854
-8.55,18,8.507209
-8.2,18,8.51888
-8.35,18,8.531812
-6.8,18,8.540256
-7.05,18,8.62436
2.05,18,8.644833
14.2,18,8.66068
-8.2,18,8.66068
-9.05,18,8.686308
-9.05,18,8.735711
1.5,18,8.74831
-9.2,18,8.760587
14.1,18,8.772105
-8.45,18,8.785866
-7.85,18,8.799626
-9.05,18,8.815426
11.8,18,8.815426
-9.25,18,8.839275
2.75,18,8.897236
12.65,18,8.911336
-7.4,18,8.927834
1.45,18,8.945225
-7.1,18,8.959785
3.4,18,8.972182
-9.15,18,8.992614
-7.7,18,9.006553
-8.0,18,9.020537
-7.6,18,9.034556
-6.6,18,9.052996
-8.9,18,9.068708
-9.4,18,9.082472
2.3,18,9.09449
-7.0,18,9.108287
-8.55,18,9.170304
-7.95,18,9.187767
-9.1,18,9.205546
12.15,18,9.220521
2.6,18,9.23454
-9.7,18,9.248302
13.0,18,9.264858
1.95,18,9.279911
-9.5,18,9.294972
-7.8,18,9.308768
-6.45,18,9.322561
-8.5,18,9.340199
-4.8,18,9.356467
-9.35,18,9.368515
-8.55,18,9.434045
-9.65,18,9.450778
-8.7,18,9.466282
2.85,18,9.483287
13.2,18,9.498142
-8.9,18,9.513168
-7.45,18,9.52693
-7.9,18,9.541144
-7.2,18,9.556668
14.3,18,9.569503
3.7,18,9.582334
-9.25,18,9.596223
-8.25,18,9.611369
-8.4,18,9.622201
2.0,18,9.687111
13.65,18,9.701493
-8.3,18,9.715296
-7.55,18,9.729094
13.2,18,9.741138
13.6,18,9.756931
-7.35,18,9.774698
-8.35,18,9.787997
-8.15,18,9.804429
-8.75,18,9.826757
-7.9,18,9.846343
-6.5,18,9.863965
-7.65,18,9.89326
-7.3,18,9.912801
2.4,18,9.996986
-7.4,18,10.019076
-6.45,18,10.03934
-8.85,18,10.063324
-9.35,18,10.078276
2.15,18,10.097169
1.85,18,10.119373
-6.6,18,10.137628
-9.1,18,10.165629
-8.6,18,10.187352
-6.2,18,10.210694
-8.55,18,10.238695
12.2,18,10.260754
3.8,18,10.283055
-7.6,18,10.360709
-7.9,18,10.377806
-8.7,18,10.392659
-9.2,18,10.412824
-8.65,18,10.428176
-8.25,18,10.448339
2.05,18,10.462873
-8.9,18,10.481047
13.55,18,10.503282
14.2,18,10.52349
-7.3,18,10.543876
11.9,18,10.567481
-6.65,18,10.596214
-8.85,18,10.620794
-7.15,18,10.649954
-8.7,18,10.724921
14.05,18,10.74534
14.2,18,10.758358
-9.2,18,10.776577
3.25,18,10.793379
-8.5,18,10.8118
-8.95,18,10.835366
-9.1,18,10.855543
-8.5,18,10.87271
-8.45,18,10.889361
-9.35,18,10.900379
-9.15,18,10.916136
-8.2,18,10.932053
12.6,18,10.954892
13.65,18,11.020355
-7.9,18,11.04056
-7.75,18,11.060146
-9.05,18,11.086448
-8.65,18,11.102335
13.2,18,11.121424
13.25,18,11.133615
-7.7,18,11.147415
-7.65,18,11.163516
-7.2,18,11.179528
3.65,18,11.205266
-8.95,18,11.224703
-7.6,18,11.224703
1.15,18,11.245488
-8.2,18,11.327044
-7.6,18,11.339094
-8.35,18,11.358427
3.4,18,11.373566
-8.75,18,11.387379
-8.3,18,11.409824
-7.4,18,11.428647
-7.55,18,11.444194
-6.5,18,11.4613
-9.55,18,11.475804
-8.5,18,11.494761
-7.75,18,11.520778
-6.55,18,11.535463
15.7,18,11.548455
-6.1,18,11.674796
-6.75,18,11.696474
-8.5,18,11.713441
-8.15,18,11.742232
-8.9,18,11.759747
-6.65,18,11.770214
2.0,18,11.788113
13.65,18,11.80498
13.8,18,11.821384
-7.75,18,11.847815
15.8,18,11.868091
-7.35,18,11.880682
15.25,18,11.890414
-6.5,18,11.906117
-8.65,18,11.926062
12.2,18,12.022915
-8.5,18,12.050138
2.95,18,12.064344
-9.25,18,12.078754
2.05,18,12.091309
12.1,18,12.102688
-9.2,18,12.12204
13.2,18,12.140691
-7.7,18,12.159574
-6.5,18,12.178068
-8.8,18,12.196263
-9.15,18,12.2021
-6.55,18,12.218164
12.45,18,12.242689
13.6,18,12.309452
13.8,18,12.325383
-8.95,18,12.337168
-8.7,18,12.35713
-7.95,18,12.377829
11.8,18,12.401645
2.6,18,12.427697
-7.9,18,12.45356
-9.55,18,12.477297
-8.75,18,12.501243
-8.8,18,12.525116
-9.35,18,12.556547
-7.45,18,12.572216
2.35,18,12.602507
-8.6,18,12.670234
-8.95,18,12.690028
2.1,18,12.705101
-7.6,18,12.717345
-7.95,18,12.733516
12.95,18,12.760936
-9.4,18,12.778718
-9.0,18,12.794487
-7.75,18,12.819518
-7.4,18,12.836345
-8.0,18,12.8512
11.45,18,12.865242
-8.2,18,12.890484
-7.9,18,12.913639
-8.65,18,12.981088
-7.5,18,13.378165
1.25,18,13.405314
-9.0,18,13.429441
3.3,18,13.457381
-8.65,18,13.475199
-8.35,18,13.487392
-8.8,18,13.505447
-8.55,18,13.523744
-6.7,18,13.542026
2.5,18,13.559995
-7.7,18,13.584505
-6.25,18,13.620896
-7.9,18,13.638448
-7.1,18,13.719624
-8.15,18,13.733739
-8.35,18,13.755924
-7.1,18,13.775077
-7.75,18,13.796295
-6.75,18,13.810591
-8.35,18,13.828602
-8.5,18,13.846684
-8.1,18,13.86105
-8.8,18,13.883453
-9.1,18,13.91559
-9.05,18,13.945017
11.9,18,13.963709
-8.05,18,13.984201
13.35,18,14.00199
12.25,18,14.093386
-8.1,18,14.114471
-8.8,18,14.131719
-7.5,18,14.147961
12.75,18,14.164137
12.7,18,14.188868
-6.7,18,14.209986
13.35,18,14.226154
-8.65,18,14.241663
-8.55,18,14.258641
-8.35,18,14.274391
13.1,18,14.294363
-8.75,18,14.306215
-8.5,18,14.324691
-8.1,18,14.399624
-7.6,18,14.422815
-8.0,18,14.439451
12.0,18,14.458482
13.25,18,14.47233
13.8,18,14.486067
1.55,18,14.499753
-6.55,18,14.514156
-8.25,18,14.529181
3.3,18,14.547402
-8.8,18,14.559872
-8.2,18,14.572089
-9.05,18,14.589825
3.05,18,14.596457
14.4,18,14.656331
-7.9,18,14.667286
2.45,18,14.678825
13.25,18,14.691932
-9.25,18,14.704992
14.05,18,14.7191
-8.05,18,14.732089
-7.95,18,14.745857
13.2,18,14.760576
-8.4,18,14.775065
-8.6,18,14.787666
-8.45,18,14.798556
-8.95,18,14.81224
-8.6,18,14.824153
12.1,18,14.889437
-9.05,18,14.910097
-9.3,18,14.92436
-6.5,18,14.936559
-8.75,18,14.952276
-8.1,18,14.970024
-9.05,18,14.983686
-7.4,18,14.997775
-7.3,18,15.012181
-7.2,18,15.038953
13.9,18,15.054321
-9.0,18,15.069859
15.75,18,15.085378
-8.75,18,15.099862
-8.6,18,15.106951
12.85,18,15.170074
-8.35,18,15.188877
2.7,18,15.203104
1.75,18,15.215643
12.95,18,15.228053
-7.95,18,15.244303
13.65,18,15.256408
-7.65,18,15.268983
3.45,18,15.284026
-8.7,18,15.299577
-8.8,18,15.313614
-8.3,18,15.326251
13.35,18,15.340495
-7.45,18,15.353632
-9.0,18,15.432405
-8.2,18,15.444565
-9.15,18,15.45673
-7.55,18,15.470629
-8.35,18,15.484978
15.0,18,15.505909
-8.25,18,15.525292
-8.95,18,15.537174
11.65,18,15.554098
13.65,18,15.567085
-8.3,18,15.580627
-6.3,18,15.591557
12.8,18,15.614623
2.55,18,15.623876
-8.7,18,15.674467
1.85,18,15.686224
3.6,18,15.699936
-7.05,18,15.717605
-8.75,18,15.730968
-8.55,18,15.743594
13.6,18,15.757469
11.9,18,15.763477
14.05,18,15.783844
12.8,18,15.797196
-7.15,18,15.80812
12.25,18,15.824321
15.35,18,15.836356
13.0,18,15.850293
-9.15,18,15.90796
1.8,18,15.924273
12.1,18,15.93679
-8.95,18,15.950228
-9.1,18,15.965782
-6.0,18,15.977875
11.75,18,15.989957
15.05,18,16.002124
11.95,18,16.016366
-7.55,18,16.036366
-7.9,18,16.050258
-9.4,18,16.062657
-7.8,18,16.075937
-9.25,18,16.088656
2.7,18,16.149026
-9.05,18,16.16231
1.95,18,16.1759
-9.4,18,16.18978
-6.85,18,16.204116
-6.8,18,16.216058
-7.75,18,16.228147
13.8,18,16.244164
12.5,18,16.257491
-7.9,18,16.264999
-8.75,18,16.281998
-7.7,18,16.296386
13.25,18,16.311239
13.3,18,16.324195
-6.7,18,16.336059
-6.95,18,16.39573
-8.6,18,16.407758
-7.4,18,16.422113
-8.25,18,16.434095
-8.65,18,16.448363
11.85,18,16.463947
-8.5,18,16.478625
-9.3,18,16.496593
-7.3,18,16.510239
13.15,18,16.523937
-8.4,18,16.535459
1.5,18,16.54912
-6.55,18,16.56267
-8.4,18,16.578582
-7.25,18,16.635073
-8.55,18,16.650886
13.95,18,16.664335
11.85,18,16.681141
-7.1,18,16.693939
-6.45,18,16.707062
-7.45,18,16.719978
-8.45,18,16.738527
-8.2,18,16.752293
-7.3,18,16.763264
-6.9,18,16.777772
-7.5,18,16.796902
-8.45,18,16.810717
-7.8,18,16.824592
-7.6,18,16.88439
-8.7,18,16.907136
-7.85,18,16.920662
-9.75,18,16.932848
-9.05,18,16.946653
-7.5,18,16.958704
11.65,18,16.972502
-7.55,18,16.986277
-7.8,18,17.000038
11.95,18,17.016874
11.85,18,17.032058
-7.4,18,17.044862
14.35,18,17.052937
-7.6,18,17.067153
11.85,18,17.144422
15.7,18,17.159602
-6.95,18,17.173833
-6.25,18,17.183851
-7.75,18,17.204156
-9.25,18,17.217729
-7.95,18,17.234845
-8.7,18,17.248668
12.2,18,17.261809
2.5,18,17.274487
-7.65,18,17.286832
18.2,18,17.298455
12.4,18,17.317325
-7.45,18,17.330065
-8.75,18,17.341227
-7.35,18,17.412748
11.95,18,17.425633
14.55,18,17.438335
11.9,18,17.453661
-9.6,18,17.464981
-8.7,18,17.479749
-9.0,18,17.491545
-8.7,18,17.505351
12.85,18,17.517377
14.15,18,17.531138
-7.5,18,17.544064
-9.1,18,17.553325
-7.35,18,17.571816
2.0,18,17.583334
-6.75,18,17.636942
-7.7,18,17.650188
13.1,18,17.663603
-9.1,18,17.677628
-8.9,18,17.689419
1.95,18,17.70281
4.3,18,17.716803
-9.25,18,17.730753
-7.8,18,17.746847
-8.4,18,17.760858
-7.0,18,17.773109
12.7,18,17.784106
-8.55,18,17.800004
-8.45,18,17.813747
-8.15,18,17.880375
-9.35,18,17.894237
2.7,18,17.90687
11.75,18,17.921322
-9.4,18,17.933649
-9.3,18,17.948331
-9.65,18,17.960398
-7.65,18,17.985678
12.05,18,17.997813
-8.3,18,18.011619
3.6,18,18.019776
-8.2,18,18.03583
2.55,18,18.04774
13.0,18,18.065549
-7.6,18,18.13013
-8.4,18,18.147906
-6.4,18,18.171699
1.75,18,18.191361
16.0,18,18.20559
-9.35,18,18.219727
-7.35,18,18.273581
13.45,18,18.287184
-9.1,18,18.298615
-7.4,18,18.313545
-8.1,18,18.326605
-8.8,18,18.336648
1.8,18,18.348442
-8.3,18,18.360234
13.45,18,18.413645
3.4,18,18.425921
-7.45,18,18.440616
-8.15,18,18.457649
1.6,18,18.475456
-9.0,18,18.495535
-8.05,18,18.510745
13.8,18,18.522658
-6.6,18,18.534679
-9.5,18,18.775707
12.9,18,18.792844
11.8,18,18.813406
-4.7,18,18.827004
-7.4,18,18.840215
-7.65,18,18.848298
-9.1,18,18.920983
-6.9,18,18.934816
-5.15,18,18.949005
-7.95,18,18.963751
-9.3,18,18.980781
1.9,18,18.994588
-8.35,18,19.008397
-6.4,18,19.023378
12.15,18,19.03783
-8.9,18,19.050987
-8.55,18,19.063743
-8.85,18,19.076762
13.0,18,19.08852
11.65,18,19.100643
-7.3,18,19.185016
-8.05,18,19.202113
12.5,18,19.217928
-8.0,18,19.238312
14.3,18,19.252186
12.15,18,19.265051
-6.85,18,19.278209
14.0,18,19.290877
-7.9,18,19.303521
2.65,18,19.314539
-7.65,18,19.328385
-7.5,18,19.346354
-9.05,18,19.359966
2.5,18,19.373324
-7.7,18,19.428323
11.6,18,19.442349
12.95,18,19.459048
13.15,18,19.471951
-7.8,18,19.487296
-7.8,18,19.499054
3.5,18,19.513616
12.4,18,19.525133
-7.55,18,19.537151
-9.5,18,19.546906
-8.5,18,19.562942
11.2,18,19.577801
-9.1,18,19.58952
-7.6,18,19.602137
12.25,18,19.656977
-7.5,18,19.670737
14.75,18,19.679985
-7.5,18,19.694708
-9.35,18,19.704418
3.0,18,19.720709
-8.5,18,19.735713
14.1,18,19.748734
1.8,18,19.764497
-9.05,18,19.780586
-8.2,18,19.795362
14.1,18,19.808269
-7.35,18,19.8214
-8.65,18,19.833419
-8.4,18,19.847179
1.85,18,19.908514
-8.4,18,19.92259
2.3,18,19.936291
13.15,18,19.948808
-8.45,18,19.961458
11.95,18,19.97257
13.75,18,19.98644
2.8,18,20.000468
-9.0,18,20.015662
-8.8,18,20.028792
-7.85,18,20.04055
-7.85,18,20.050565
-9.25,18,20.062323
-8.55,18,20.07408
-9.7,18,20.129082
-9.25,18,20.141007
-8.5,18,20.15413
-8.0,18,20.168153
-8.25,18,20.181446
-9.0,18,20.193462
12.25,18,20.20522
-9.5,18,20.222986
2.65,18,20.234794
-8.75,18,20.247445
-8.15,18,20.253454
-8.2,18,20.272419
-5.5,18,20.284436
-8.75,18,20.296453
-8.15,18,20.352961
-8.85,18,20.364436
15.55,18,20.364436
-7.4,18,20.392349
14.1,18,20.408112
-7.0,18,20.419869
12.2,18,20.435632
-9.55,18,20.447671
-6.95,18,20.460727
-7.95,18,20.472146
-8.55,18,20.49402
-8.7,18,20.509809
12.6,18,20.523571
-8.25,18,20.540232
12.85,18,20.591258
-7.4,18,20.605063
2.3,18,20.617117
-8.1,18,20.628912
-6.65,18,20.642711
-8.9,18,20.656495
-8.5,18,20.669678
-7.85,18,20.68272
-8.15,18,20.694255
-9.7,18,20.707637
-9.05,18,20.721199
-8.75,18,20.732996
-9.1,18,20.745075
1.95,18,20.756833
-8.8,18,20.812486
-9.35,18,20.823354
12.5,18,20.839585
-8.95,18,20.852608
-9.05,18,20.874586
-8.8,18,20.888224
-8.2,18,20.901153
-7.1,18,20.914173
12.8,18,20.925939
11.85,18,20.939736
-8.0,18,20.953531
-8.25,18,20.965583
-7.1,18,20.979389
-9.0,18,20.99317
11.85,18,21.0077
-7.5,18,21.064719
-9.45,18,21.076477
2.4,18,21.094242
-6.5,18,21.10695
-7.75,18,21.118493
13.5,18,21.133767
-8.6,18,21.145524
-9.1,18,21.159284
13.65,18,21.173303
-7.65,18,21.185059
13.7,18,21.198821
-7.85,18,21.211566
-8.4,18,21.225357
-7.45,18,21.239118
-9.0,18,21.298294
-9.05,18,21.312619
13.2,18,21.325298
-9.3,18,21.337056
12.1,18,21.347069
13.05,18,21.352818
-9.15,18,21.370878
14.2,18,21.382671
-8.1,18,21.396725
16.15,18,21.407879
-7.6,18,21.428403
12.65,18,21.441818
14.1,18,21.452507
-8.95,18,21.465565
1.5,18,21.523563
-8.35,18,21.53819
13.45,18,21.550425
-7.65,18,21.562566
-8.3,18,21.576367
-8.55,18,21.590168
-7.55,18,21.603972
-8.75,18,21.620718
-8.65,18,21.63501
1.75,18,21.647367
-8.15,18,21.658884
-6.5,18,21.672169
13.45,18,21.682188
-8.35,18,21.697241
-8.3,18,21.752284
3.55,18,21.764042
-9.6,18,21.777819
13.25,18,21.789594
2.75,18,21.803354
-5.05,18,21.817374
-9.25,18,21.833136
-8.75,18,21.845352
12.85,18,21.859113
-7.55,18,21.869126
-8.95,18,21.884763
14.2,18,21.898523
12.3,18,21.912284
12.0,18,21.930312
-7.6,18,21.942423
14.0,18,22.001942
-9.05,18,22.015961
-8.4,18,22.027719
-7.3,18,22.043482
-8.3,18,22.056727
-7.35,18,22.067786
-8.9,18,22.081546
2.85,18,22.095305
12.3,18,22.10831
13.05,18,22.122329
-8.7,18,22.134345
1.6,18,22.151851
15.6,18,22.162707
-8.4,18,22.174723
-8.4,18,22.223515
-7.45,18,22.233529
-8.9,18,22.247288
-8.8,18,22.255713
12.8,18,22.263231
-8.9,18,22.283137
-8.15,18,22.295387
17.25,18,22.345807
-7.8,18,22.358262
-8.0,18,22.371776
-6.55,18,22.383569
-7.15,18,22.39737
-7.5,18,22.409421
-8.25,18,22.421216
-8.9,18,22.477263
12.8,18,22.489318
-8.7,18,22.501076
1.6,18,22.51485
-8.5,18,22.528645
14.55,18,22.540406
-9.25,18,22.55042
-7.45,18,22.564181
11.85,18,22.57746
-6.75,18,22.58781
12.9,18,22.597568
-7.05,18,22.609583
-8.4,18,22.621341
-8.3,18,22.634343
3.2,18,22.688647
13.8,18,22.704486
-8.65,18,22.718468
-8.95,18,22.731421
13.1,18,22.744479
13.05,18,22.758279
15.1,18,22.774723
-6.95,18,22.787222
-8.7,18,22.80022
-8.6,18,22.812014
-7.6,18,22.825815
15.75,18,22.839889
-8.0,18,22.851941
-8.9,18,22.867757
-7.3,18,22.923269
14.75,18,22.937029
-7.9,18,22.948806
-8.0,18,22.962611
12.8,18,22.976412
-8.9,18,22.988429
2.8,18,23.001166
-8.2,18,23.011772
-9.45,18,23.021785
-7.7,18,23.035545
1.9,18,23.047302
3.25,18,23.059317
-8.4,18,23.069071
-6.8,18,23.084834
-7.45,18,23.100665
-8.55,18,23.154107
12.95,18,23.167815
-9.0,18,23.183148
-7.7,18,23.194906
2.95,18,23.207273
-8.55,18,23.220077
16.5,18,23.232093
-6.05,18,23.24385
13.2,18,23.259613
-7.5,18,23.271371
-9.45,18,23.285131
-8.35,18,23.300894
-8.5,18,23.315541
-7.9,18,23.328195
-9.35,18,23.382843
14.05,18,23.394859
-8.5,18,23.612226
-6.8,18,23.627999
15.8,18,23.645052
-8.95,18,23.655878
12.8,18,23.664061
13.65,18,23.679083
14.1,18,23.735438
-9.05,18,23.754499
-8.7,18,23.772832
12.6,18,23.780974
3.05,18,23.79688
-9.75,18,23.814571
14.6,18,23.87859
12.9,18,23.892181
-7.9,18,23.90468
-7.8,18,23.917401
-6.6,18,23.930461
-8.45,18,23.944521
-8.65,18,23.959323
-7.35,18,23.97134
-9.1,18,23.985761
12.85,18,23.999174
-8.1,18,24.012598
-8.35,18,24.024614
-8.75,18,24.038377
13.8,18,24.052164
-8.1,18,24.109545
-8.8,18,24.121264
2.2,18,24.135065
-8.4,18,24.146854
-9.4,18,24.160903
-8.5,18,24.177434
-8.55,18,24.188916
11.95,18,24.202697
-7.0,18,24.213994
-7.8,18,24.224008
-7.2,18,24.236023
-7.45,18,24.247781
11.6,18,24.259537
-8.4,18,24.273297
-5.4,18,24.285054
-7.8,18,24.340854
-9.15,18,24.353877
11.7,18,24.365896
-8.45,18,24.377656
-8.1,18,24.393347
16.3,18,24.407189
-8.45,18,24.419318
-9.1,18,24.430549
14.1,18,24.444568
-6.25,18,24.460331
-9.2,18,24.470085
-6.3,18,24.482101
-9.0,18,24.495861
13.0,18,24.505032
-8.55,18,24.559901
-8.45,18,24.571917
-8.15,18,24.585676
-8.8,18,24.597583
-8.5,18,24.612176
-8.45,18,24.624984
-8.55,18,24.637699
-9.25,18,24.649716
-6.65,18,24.663478
-7.45,18,24.674932
-8.75,18,24.689835
-6.6,18,24.704994
-8.0,18,24.704994
-7.6,18,24.726463
-7.85,18,24.877757
-8.25,18,24.897287
-9.45,18,24.91105
-8.65,18,24.921064
-8.2,18,24.935102
14.7,18,24.949957
-8.15,18,24.963082
-9.15,18,24.976842
12.5,18,24.988599
-7.5,18,24.998353
2.9,18,25.010369
-9.1,18,25.020123
-8.3,18,25.033322
16.4,18,25.085911
13.25,18,25.15476
-7.85,18,25.168367
-7.35,18,25.186036
-8.4,18,25.215197
-7.9,18,25.229003
-7.8,18,25.231013
0.9,18,25.25689
-8.3,18,25.269241
13.45,18,25.277298
-8.5,18,25.293499
12.1,18,25.309521
-8.85,18,25.323281
-8.1,18,25.337041
-8.85,18,25.348798
12.8,18,25.404745
-9.2,18,25.420513
-8.55,18,25.442381
-8.65,18,25.46031
-7.95,18,25.472637
2.65,18,25.485048
-6.95,18,25.494061
-8.15,18,25.506077
-7.75,18,25.519838
1.8,18,25.531596
-8.3,18,25.545355
-6.75,18,25.561117
1.9,18,25.575199
-8.7,18,25.588883
14.5,18,25.598155
3.85,18,25.671484
3.4,18,25.687642
-9.0,18,25.701403
-7.4,18,25.713418
-8.35,18,25.726426
-8.75,18,25.738443
12.75,18,25.752203
-8.35,18,25.766415
-9.15,18,25.78044
-8.25,18,25.792457
14.7,18,25.806218
-7.6,18,25.819978
12.1,18,25.831736
-7.55,18,25.843493
12.2,18,25.899321
2.55,18,25.911892
-8.2,18,25.924056
-8.85,18,25.938381
13.95,18,25.95055
12.8,18,25.966167
-5.75,18,25.980053
-8.55,18,25.997482
13.65,18,26.011
-8.25,18,26.025337
-8.7,18,26.041246
13.25,18,26.055041
-8.45,18,26.066679
-7.45,18,26.080484
-8.0,18,26.13247
-8.95,18,26.151248
13.9,18,26.165013
-8.25,18,26.17597
5.55,18,26.186508
-8.75,18,26.198668
12.9,18,26.214431
13.95,18,26.228355
14.4,18,26.243075
-7.35,18,26.25412
1.75,18,26.265914
-8.9,18,26.280151
-6.8,18,26.294146
1.9,18,26.308373
-8.6,18,26.361806
4.7,18,26.373856
-7.1,18,26.388714
-9.3,18,26.40306
4.1,18,26.416475
-7.4,18,26.431131
12.0,18,26.443887
-9.2,18,26.460246
-7.15,18,26.473592
-6.15,18,26.485447
-9.2,18,26.497806
-8.4,18,26.507483
12.0,18,26.509902
-9.2,18,26.531802
1.6,18,26.547585
-7.55,18,26.600827
14.3,18,26.613133
-9.25,18,26.627194
-7.8,18,26.638986
12.7,18,26.652787
-6.0,18,26.667176
13.5,18,26.679614
-7.05,18,26.691779
13.7,18,26.699814
12.45,18,26.718665
-8.65,18,26.732318
2.65,18,26.745336
12.65,18,26.755349
1.95,18,26.771012
-8.8,18,26.827247
13.6,18,26.839004
14.15,18,26.85102
-9.2,18,26.866031
13.15,18,26.880718
-6.25,18,26.89415
-8.65,18,26.907099
-8.45,18,26.920094
-8.3,18,26.933738
2.6,18,26.945755
-8.6,18,26.959515
-7.45,18,26.971272
-7.7,18,26.985033
2.35,18,26.997709
11.75,18,27.051035
-9.4,18,27.068542
-8.4,18,27.078555
-9.2,18,27.094249
12.1,18,27.10708
11.85,18,27.116115
-8.45,18,27.130583
-8.15,18,27.142378
14.2,18,27.156181
-6.35,18,27.168228
-8.75,18,27.180021
-6.4,18,27.1968
-7.25,18,27.211733
13.3,18,27.226123
12.4,18,27.276098
14.3,18,27.287888
13.95,18,27.303818
-9.05,18,27.31809
-8.9,18,27.332035
-7.95,18,27.344462
-7.0,18,27.358493
-7.4,18,27.372297
15.1,18,27.384484
-8.75,18,27.398045
-8.0,18,27.411838
11.3,18,27.424733
-7.75,18,27.437409
12.25,18,27.455133
-6.25,18,27.50839
12.05,18,27.524159
-7.3,18,27.539911
-9.3,18,27.546414
-8.95,18,27.565982
-7.6,18,27.578026
-8.15,18,27.591826
-9.0,18,27.603619
-9.4,18,27.620923
13.55,18,27.630936
-7.4,18,27.645205
-8.05,18,27.651441
12.3,18,27.65976
13.7,18,27.685567
-8.7,18,27.697364
-8.9,18,27.758659
-6.75,18,27.813738
-6.5,18,27.824754
-8.3,18,27.838514
-9.0,18,27.850531
3.65,18,27.861314
-9.05,18,27.876866
-8.9,18,27.888624
-7.85,18,27.898637
-9.15,18,27.910395
-8.25,18,27.92015
-7.8,18,27.931906
1.5,18,27.946245
-7.85,18,27.948009
-7.4,18,28.018516
-5.3,18,28.038367
-9.0,18,28.054193
3.1,18,28.069967
1.95,18,28.083759
-7.85,18,28.096174
-7.9,18,28.108571
-7.75,18,28.122382
-8.8,18,28.136185
-6.65,18,28.151994
-7.35,18,28.16605
-7.75,18,28.18498
2.95,18,28.199386
-8.05,18,28.211819
-8.4,18,28.264045
13.95,18,28.277812
-9.35,18,28.296951
-8.8,18,28.309386
12.1,18,28.323865
-8.7,18,28.337721
1.5,18,28.352189
12.1,18,28.367711
-8.3,18,28.38148
13.0,18,28.581889
12.95,18,28.595466
-8.5,18,28.605258
13.6,18,28.622456
-8.0,18,28.638306
-7.6,18,28.692369
-8.9,18,28.702125
-9.55,18,28.714142
-8.1,18,28.729904
2.55,18,28.742793
-7.1,18,28.757695
11.9,18,28.771456
-9.45,18,28.783473
12.9,18,28.797234
2.75,18,28.810994
-9.4,18,28.826889
-8.9,18,28.840283
-8.15,18,28.851344
-8.7,18,28.865532
-7.9,18,28.877054
-8.7,18,28.934471
-8.05,18,28.946487
3.55,18,28.962147
-7.1,18,28.97481
-6.6,18,28.976859
12.15,18,28.996547
-8.75,18,29.008305
-9.1,18,29.020322
-8.4,18,29.030076
16.3,18,29.045839
-8.65,18,29.059124
-8.45,18,29.072713
13.95,18,29.085402
-7.95,18,29.095943
-8.95,18,29.151877
15.25,18,29.16962
13.8,18,29.178542
13.15,18,29.194944
-8.3,18,29.208723
-7.15,18,29.220519
-8.8,18,29.236325
-8.6,18,29.248371
-7.6,18,29.262538
-8.45,18,29.274452
-9.4,18,29.288928
12.85,18,29.301688
13.85,18,29.313973
-7.35,18,29.327778
12.25,18,29.384381
12.95,18,29.398011
13.75,18,29.411383
-7.25,18,29.425408
-8.1,18,29.437166
-7.3,18,29.448924
-8.7,18,29.462683
-7.9,18,29.47545
-9.1,18,29.488803
-7.95,18,29.499182
13.1,18,29.510373
-8.75,18,29.524436
-7.7,18,29.536232
-7.7,18,29.550037
13.35,18,29.608736
-8.35,18,29.622031
2.05,18,29.636084
-8.7,18,29.647843
-9.2,18,29.661903
-8.05,18,29.674836
3.15,18,29.688867
-8.2,18,29.703582
-6.85,18,29.717731
-8.7,18,29.729927
-8.1,18,29.743687
-7.1,18,29.755444
-7.95,18,29.771206
2.75,18,29.786969
-9.2,18,29.851001
-8.55,18,29.864762
-8.6,18,29.878521
12.25,18,29.8926
-8.75,18,29.906733
12.3,18,29.9222
-8.7,18,29.93382
15.35,18,29.948088
-9.15,18,29.959884
-8.05,18,29.973932
-9.4,18,29.983687
-7.2,18,29.997447
2.6,18,30.011206
-8.45,18,30.022963
12.85,18,30.035351
-8.6,18,30.090059
-7.3,18,30.102112
14.1,18,30.119982
-8.6,18,30.13392
-8.95,18,30.145978
-7.7,18,30.158035
2.8,18,30.169091
-8.45,18,30.182151
-9.15,18,30.195953
-7.3,18,30.207747
1.55,18,30.225494
-9.75,18,30.238003
-8.3,18,30.248961
-8.5,18,30.263203
-7.65,18,30.314322
-8.55,18,30.329969
-7.5,18,30.343204
-7.45,18,30.358379
-7.9,18,30.374449
13.35,18,30.386563
-6.6,18,30.401967
-6.9,18,30.414881
-8.9,18,30.427889
-8.35,18,30.439764
-8.75,18,30.453933
-8.05,18,30.468331
-8.8,18,30.481661
-7.3,18,30.494568
-9.25,18,30.563331
12.0,18,30.576313
-8.8,18,30.584414
-8.8,18,30.600169
-8.75,18,30.615804
12.65,18,30.627854
-9.2,18,30.641654
12.9,18,30.658712
-8.8,18,30.673136
-7.95,18,30.687248
-7.75,18,30.699007
15.9,18,30.70902
-9.1,18,30.720777
12.05,18,30.732534
-8.5,18,30.790579
-9.4,18,30.79836
-8.4,18,30.818127
12.9,18,30.831927
13.05,18,30.843981
-8.8,18,30.855772
12.3,18,30.874058
13.0,18,30.889687
-8.05,18,30.903546
-6.4,18,30.915317
-9.4,18,30.927155
-8.85,18,30.941174
-9.45,18,30.954108
-7.05,18,30.971597
-7.6,18,30.98382
14.25,18,31.044004
-8.7,18,31.057765
-8.0,18,31.07744
-7.75,18,31.096082
14.9,18,31.109627
-8.85,18,31.121706
-9.15,18,31.135514
-7.65,18,31.147531
-7.95,18,31.16129
-7.75,18,31.173047
11.8,18,31.18942
-7.65,18,31.202312
-8.0,18,31.214055
-8.45,18,31.226968
14.85,18,31.29627
-9.1,18,31.308028
-8.9,18,31.320179
14.05,18,31.335945
-7.95,18,31.350203
-7.1,18,31.363763
-6.85,18,31.377811
-8.5,18,31.391598
12.45,18,31.407291
12.9,18,31.419341
13.1,18,31.432874
-7.7,18,31.447043
-9.0,18,31.458838
13.25,18,31.473026
12.0,18,31.529602
13.9,18,31.542054
-8.05,18,31.556014
-7.35,18,31.568695
-8.5,18,31.581749
-8.55,18,31.593533
-7.7,18,31.607326
-7.5,18,31.623131
13.05,18,31.634888
11.95,18,31.646816
-8.25,18,31.658737
14.1,18,31.673626
-9.1,18,31.686646
-9.05,18,31.698403
-8.7,18,31.754475
-8.7,18,31.764269
-6.8,18,31.778953
13.4,18,31.791322
-8.65,18,31.803914
-7.8,18,31.816602
16.75,18,31.830404
2.25,18,31.844657
12.9,18,31.857964
-8.0,18,31.871279
-8.65,18,31.886297
4.7,18,31.899317
12.9,18,31.913077
-8.35,18,31.926837
-7.2,18,31.986287
-8.8,18,31.990463
14.95,18,32.010677
-7.75,18,32.025506
-7.65,18,32.03805
13.1,18,32.054064
-7.75,18,32.06778
-6.8,18,32.079197
2.5,18,32.091702
-9.55,18,32.105507
12.95,18,32.121314
-9.0,18,32.135335
-7.7,18,32.147092
14.65,18,32.164857
1.85,18,32.179307
12.9,18,32.235983
-9.6,18,32.248251
-8.55,18,32.26207
3.75,18,32.27683
-8.55,18,32.291162
-7.55,18,32.30141
14.4,18,32.317096
-9.8,18,32.329111
13.55,18,32.342871
-7.55,18,32.354628
-7.8,18,32.37039
13.85,18,32.383102
-8.9,18,32.396428
12.75,18,32.408793
-7.95,18,32.459624
13.3,18,32.475388
-6.95,18,32.488686
-6.9,18,32.499254
1.05,18,32.507418
-7.55,18,32.531083
-9.0,18,32.547148
-8.4,18,32.559722
15.0,18,32.575274
12.8,18,32.591185
-8.4,18,32.604284
-8.35,18,32.614494
-9.9,18,32.622769
1.75,18,32.640987
-8.95,18,32.690803
12.3,18,32.708643
-6.9,18,32.719077
13.55,18,32.734258
-7.7,18,32.747946
3.55,18,32.759962
-7.4,18,32.773501
-9.15,18,32.788948
-8.6,18,32.800972
-8.95,18,32.815558
-7.0,18,32.828879
2.75,18,32.844081
12.6,18,32.858372
-8.3,18,32.869388
-8.2,18,32.935198
-8.15,18,32.948959
-8.25,18,32.960717
-8.6,18,32.973676
-7.2,18,32.985847
12.15,18,32.999866
-7.9,18,33.016282
-7.3,18,33.027628
-8.55,18,33.041629
-8.05,18,33.053423
-9.05,18,33.066983
13.35,18,33.079842
13.15,18,33.096908
18.2,18,33.107933
-7.95,18,33.11944
-8.55,18,33.170753
-8.9,18,33.188519
-7.65,18,33.397506
-8.45,18,33.413237
2.75,18,33.427677
1.55,18,33.445482
14.65,18,33.458981
-8.95,18,33.469195
-7.3,18,33.471203
-9.6,18,33.494768
-9.1,18,33.504811
12.4,18,33.516861
-7.4,18,33.518611
-7.4,18,33.545744
11.8,18,33.606293
-8.05,18,33.619708
-8.85,18,33.63245
-8.35,18,33.639167
12.25,18,33.660157
14.3,18,33.668967
13.65,18,33.67698
-7.2,18,33.694709
-7.85,18,33.706726
-5.5,18,33.720485
-9.0,18,33.734245
-7.7,18,33.750007
-8.85,18,33.763547
-8.85,18,33.777809
-9.1,18,33.835047
1.75,18,33.850811
14.05,18,33.867052
3.1,18,33.879036
-9.05,18,33.888814
-6.65,18,33.902428
-9.15,18,33.912442
-7.15,18,33.9242
13.15,18,33.935472
-9.2,18,33.949526
-8.7,18,33.965307
11.9,18,33.978781
14.4,18,33.99222
-8.05,18,33.998245
-7.5,18,34.0575
1.5,18,34.073262
-8.65,18,34.086537
-7.4,18,34.100731
1.7,18,34.112863
-8.5,18,34.127441
-8.3,18,34.140707
13.15,18,34.15275
-9.45,18,34.166554
-7.6,18,34.182341
-8.8,18,34.196885
-6.9,18,34.208368
12.95,18,34.221076
-7.25,18,34.234832
-6.8,18,34.291487
-8.6,18,34.303431
-8.7,18,34.315781
-8.95,18,34.327615
-8.95,18,34.338147
11.8,18,34.338147
-9.25,18,34.365965
-6.75,18,34.377759
-6.85,18,34.394747
-7.55,18,34.406987
13.5,18,34.420549
-8.35,18,34.437044
13.2,18,34.450009
-8.6,18,34.462026
12.3,18,34.474042
1.75,18,34.530454
11.75,18,34.543014
-7.85,18,34.555572
-7.2,18,34.567592
2.3,18,34.583355
-9.0,18,34.595113
13.1,18,34.608644
14.2,18,34.620745
-7.7,18,34.632522
-9.65,18,34.646673
-6.65,18,34.660691
-9.3,18,34.673678
-9.45,18,34.685912
-8.85,18,34.697965
14.9,18,34.757483
11.75,18,34.77068
13.65,18,34.786486
16.5,18,34.800039
17.25,18,34.809063
-8.7,18,34.824085
12.15,18,34.844449
4.7,18,34.856875
12.6,18,34.867885
2.2,18,34.878897
-7.5,18,34.891616
-6.3,18,34.903407
2.2,18,34.921207
-9.25,18,34.934487
-8.95,18,34.990902
-9.15,18,35.003811
-6.7,18,35.01386
-7.5,18,35.029661
13.8,18,35.044266
13.5,18,35.055749
12.25,18,35.06968
12.1,18,35.081476
-8.7,18,35.095279
-5.95,18,35.107072
-6.45,18,35.122872
-8.5,18,35.137677
14.9,18,35.149359
-7.8,18,35.162892
-7.8,18,35.217437
-9.0,18,35.233461
-9.3,18,35.246136
-9.0,18,35.259407
-9.4,18,35.272893
-8.35,18,35.285691
-8.6,18,35.29871
-7.9,18,35.311643
-9.05,18,35.325661
14.2,18,35.337677
-7.5,18,35.35344
-8.55,18,35.365726
3.55,18,35.379979
13.3,18,35.392735
-9.45,18,35.405797
-7.85,18,35.459169
-7.85,18,35.471429
-7.55,18,35.486865
-9.05,18,35.5028
-8.25,18,35.52576
13.15,18,35.538475
14.2,18,35.553387
-7.95,18,35.565349
12.55,18,35.57605
2.0,18,35.590321
-9.1,18,35.601986
-8.8,18,35.613744
-9.25,18,35.625501
-8.45,18,35.637517
13.5,18,35.687216
-8.95,18,35.695232
13.95,18,35.711397
-8.55,18,35.726991
-7.8,18,35.737815
14.65,18,35.750835
-8.5,18,35.765457
3.8,18,35.779478
-7.15,18,35.792595
-7.65,18,35.808225
-8.1,18,35.818879
1.95,18,35.831898
1.8,18,35.845919
-5.55,18,35.859679
-9.3,18,35.919046
1.7,18,35.930803
-8.6,18,35.945092
13.0,18,35.997926
1.35,18,36.009922
12.45,18,36.02387
12.8,18,36.035655
-8.75,18,36.047442
-8.5,18,36.06111
-8.0,18,36.078916
-8.95,18,36.094146
-8.65,18,36.10723
13.25,18,36.113261
2.6,18,36.13028
-7.8,18,36.174644
1.75,18,36.193647
-8.25,18,36.206604
-6.4,18,36.218205
-8.65,18,36.224891
-7.9,18,36.242416
-7.95,18,36.256495
-7.45,18,36.268289
-8.45,18,36.28564
-8.2,18,36.298616
-9.05,18,36.311478
-7.15,18,36.327142
-6.9,18,36.331147
-8.0,18,36.350894
-8.05,18,36.450896
-7.5,18,36.464878
-8.35,18,36.47861
-8.75,18,36.480613
-7.9,18,36.504316
-9.0,18,36.516132
-9.1,18,36.526146
15.7,18,36.537903
14.2,18,36.552893
-9.1,18,36.564565
-6.05,18,36.575816
2.8,18,36.585885
13.45,18,36.603848
-7.4,18,36.615864
-9.0,18,36.627621
-9.45,18,36.683153
-8.25,18,36.697096
-7.2,18,36.706642
1.35,18,36.714804
-8.3,18,36.736396
12.2,18,36.75822
-6.35,18,36.774421
13.1,18,36.788555
-8.85,18,36.800644
11.85,18,36.809682
-9.1,18,36.825698
13.75,18,36.837746
12.15,18,36.84954
-7.4,18,36.86334
12.15,18,36.918391
12.15,18,36.931647
-6.9,18,36.94545
2.7,18,36.96086
-8.75,18,36.974593
-9.0,18,36.990958
-7.25,18,37.003191
-8.5,18,37.01654
-8.5,18,37.029044
-8.85,18,37.040308
14.35,18,37.050869
12.45,18,37.062385
12.5,18,37.072399
-6.55,18,37.086663
-7.4,18,37.134323
-8.65,18,37.153585
-7.8,18,37.169609
14.05,18,37.185371
13.75,18,37.195385
-8.05,18,37.209858
-9.35,18,37.220201
12.1,18,37.231382
15.2,18,37.241395
-6.55,18,37.253157
-6.65,18,37.266955
-8.1,18,37.278993
2.3,18,37.293204
13.8,18,37.307112
-7.45,18,37.410815
-8.35,18,37.430049
-8.95,18,37.456086
-8.65,18,37.476134
-8.2,18,37.491901
14.15,18,37.507665
-8.8,18,37.521701
12.75,18,37.535521
4.55,18,37.547442
-8.0,18,37.55994
-7.3,18,37.5735
-8.1,18,37.58726
-8.4,18,37.603024
1.8,18,37.603024
12.05,18,37.624848
-8.65,18,37.677911
-8.35,18,37.69193
-8.0,18,37.70569
1.95,18,37.743209
-8.6,18,37.75366
-6.85,18,37.765911
-9.05,18,37.777668
-9.3,18,37.791228
-8.95,18,37.803357
-8.85,18,37.816954
2.05,18,37.834921
-8.55,18,37.849066
-8.35,18,37.862588
2.8,18,37.872764
-6.3,18,37.922112
-7.25,18,37.939063
-7.85,18,37.953335
2.45,18,37.965419
-7.5,18,37.979756
-9.2,18,37.993445
13.05,18,38.005461
-8.75,18,38.019222
3.45,18,38.032983
14.1,18,38.048748
-8.9,18,38.245479
-8.9,18,38.245479
2.75,18,38.26164
-7.5,18,38.278544
-7.8,18,38.340797
12.8,18,38.352594
-7.6,18,38.365386
-7.55,18,38.381402
14.3,18,38.39371
14.4,18,38.40755
-6.85,18,38.418791
-8.75,18,38.428804
-9.25,18,38.444566
-8.45,18,38.456323
-6.4,18,38.468081
1.8,18,38.487849
-7.9,18,38.500721
-7.45,18,38.51542
14.8,18,38.566765
-8.8,18,38.578522
13.55,18,38.588536
12.1,18,38.602295
1.65,18,38.615824
-7.4,18,38.628927
-5.55,18,38.642058
-7.55,18,38.654626
-9.15,18,38.670148
-7.15,18,38.681906
-8.55,18,38.695924
14.2,18,38.709685
-8.65,18,38.721843
-7.2,18,38.735719
-9.45,18,38.788012
-7.75,18,38.80003
-7.6,18,38.810042
-7.8,18,38.823802
-7.65,18,38.838295
-8.4,18,38.851208
1.85,18,38.863199
-8.15,18,38.876999
12.85,18,38.890801
2.6,18,38.902856
-8.15,18,38.908863
16.05,18,38.927609
-9.25,18,38.940715
15.15,18,38.953297
13.65,18,38.959505
-7.9,18,39.00916
-8.5,18,39.02499
2.3,18,39.039009
-8.95,18,39.053646
-8.95,18,39.066402
-8.95,18,39.080629
-8.6,18,39.092524
-6.4,18,39.104281
-9.2,18,39.118053
-9.05,18,39.13386
-8.35,18,39.151664
12.15,18,39.166694
13.05,18,39.178949
-8.25,18,39.184958
11.9,18,39.238408
2.9,18,39.257176
-9.2,18,39.280735
-8.15,18,39.293683
-6.7,18,39.307637
13.7,18,39.31987
-7.1,18,39.333889
-9.0,18,39.345646
-7.7,18,39.35942
-9.5,18,39.373637
-8.6,18,39.387443
-7.5,18,39.399862
13.75,18,39.409758
-8.25,18,39.425996
2.5,18,39.485092
-8.85,18,39.496849
-8.7,18,39.510563
-8.95,18,39.522977
-7.2,18,39.5351
-7.1,18,39.546829
2.0,18,39.557495
12.4,18,39.567566
-8.85,18,39.579582
2.4,18,39.595345
-8.05,18,39.606711
-6.8,18,39.619035
-9.05,18,39.63309
16.05,18,39.644876
-7.9,18,39.701429
-8.15,18,39.714867
12.55,18,39.726096
-8.8,18,39.73791
-6.9,18,39.749926
12.25,18,39.763686
-8.55,18,39.775702
-7.65,18,39.789464
-6.25,18,39.805226
1.85,18,39.819659
-8.15,18,39.833793
-9.0,18,39.849058
-8.4,18,39.861075
-9.5,18,39.874836
1.7,18,39.888596
-8.95,18,39.942715
2.55,18,39.956404
12.05,18,39.967104
12.8,18,39.981579
-8.3,18,39.992725
-8.15,18,40.00678
-6.9,18,40.022838
2.55,18,40.036352
-8.95,18,40.050278
-7.95,18,40.052287
12.5,18,40.068033
-8.45,18,40.083828
-8.25,18,40.094519
-8.9,18,40.105534
3.65,18,40.157408
2.25,18,40.163455
-8.1,18,40.181079
-7.25,18,40.193465
-8.45,18,40.228471
14.1,18,40.243351
2.1,18,40.25637
-9.2,18,40.269978
13.2,18,40.281939
12.15,18,40.293696
-9.4,18,40.307456
-7.7,18,40.319212
12.55,18,40.331228
-8.35,18,40.344177
-8.1,18,40.41954
-9.15,18,40.431558
1.9,18,40.449325
14.2,18,40.462802
2.45,18,40.477652
-7.8,18,40.49051
-8.1,18,40.504345
12.8,18,40.514358
-6.95,18,40.527594
12.9,18,40.539611
12.1,18,40.556637
-7.9,18,40.56749
14.55,18,40.581338
-7.65,18,40.595174
-7.85,18,40.667267
15.1,18,40.693331
13.0,18,40.706786
-8.65,18,40.712814
-5.35,18,40.728606
-7.85,18,40.742843
-8.45,18,40.754635
-8.95,18,40.771427
-9.0,18,40.78476
-8.25,18,40.797693
13.6,18,40.803702
-7.3,18,40.819468
12.6,18,40.819468
-8.1,18,40.84569
4.6,18,40.90225
-8.0,18,40.914957
13.35,18,40.924959
-5.65,18,40.940815
12.05,18,40.954862
-8.25,18,40.966342
-8.55,18,40.981721
-9.05,18,40.996449
15.35,18,41.007758
-9.65,18,41.023782
-8.45,18,41.034197
13.85,18,41.047994
2.95,18,41.060047
14.8,18,41.071844
-7.85,18,41.087635
-8.75,18,41.141817
12.15,18,41.155381
-8.9,18,41.169184
-9.2,18,41.184983
-6.65,18,41.200755
-8.85,18,41.224254
2.6,18,41.238549
-8.75,18,41.251674
-6.7,18,41.26369
-8.85,18,41.27745
-7.55,18,41.289495
-8.6,18,41.305258
13.05,18,41.324652
12.0,18,41.341265
-7.3,18,41.391564
-8.85,18,41.436676
-5.6,18,41.448071
13.85,18,41.460446
1.7,18,41.474518
-9.4,18,41.486308
-6.4,18,41.500108
-8.75,18,41.511902
-9.05,18,41.528347
-9.0,18,41.542441
-8.8,18,41.553998
13.55,18,41.567306
13.1,18,41.581496
14.75,18,41.59252
-9.6,18,41.642129
2.75,18,41.656562
-7.5,18,41.674426
-9.0,18,41.693554
-7.8,18,41.706853
-9.0,18,41.71861
-7.4,18,41.734678
-9.3,18,41.75248
-9.15,18,41.765075
-7.3,18,41.777541
-7.95,18,41.78738
-7.1,18,41.801639
2.45,18,41.815738
12.05,18,41.829544
-8.55,18,41.901046
12.85,18,41.914181
-8.8,18,41.926219
-7.65,18,41.940264
-8.5,18,41.954041
-7.75,18,41.969805
13.15,18,41.985573
-8.5,18,42.005678
-8.95,18,42.025463
-8.1,18,42.043277
-9.15,18,42.05507
12.7,18,42.068072
15.55,18,42.079026
-7.35,18,42.096406
-8.1,18,42.106768
-7.65,18,42.158178
13.05,18,42.1722
2.7,18,42.194924
-8.65,18,42.213579
2.6,18,42.231495
3.75,18,42.245298
-7.65,18,42.25533
-8.7,18,42.269189
-9.3,18,42.279202
-7.65,18,42.294965
3.5,18,42.306047
-8.35,18,42.320381
-8.9,18,42.33312
-8.95,18,42.345967
-8.4,18,42.46359
-8.85,18,42.475457
-7.85,18,42.487251
13.8,18,42.497293
-7.7,18,42.511991
-7.3,18,42.526304
-9.0,18,42.538512
12.4,18,42.551733
-7.6,18,42.565783
-8.7,18,42.57834
-8.45,18,42.589356
-8.5,18,42.599111
-8.85,18,42.61162
13.6,18,42.631372
-8.2,18,42.685718
-8.35,18,42.699509
-9.55,18,42.712553
11.75,18,42.728585
-6.9,18,42.740118
12.95,18,42.754089
11.8,18,42.810336
-7.8,18,42.828101
-7.65,18,42.838113
-9.25,18,42.852273
-8.9,18,42.864284
11.6,18,42.872321
11.8,18,42.872321
2.15,18,42.888111
2.4,18,42.952637
-9.05,18,42.963048
-5.75,18,42.979146
-8.65,18,42.995142
-9.3,18,43.217062
-8.0,18,43.217062
2.0,18,43.232956
2.7,18,43.249074
13.4,18,43.249074
-7.6,18,43.272869
-9.6,18,43.28667
-8.3,18,43.294972
-8.7,18,43.294972
12.9,18,43.311125
-8.3,18,43.374829
-8.9,18,43.38758
-8.05,18,43.401473
-7.55,18,43.412443
-8.95,18,43.423471
-7.6,18,43.434281
-9.25,18,43.444583
-7.1,18,43.458344
-8.45,18,43.472104
13.75,18,43.490093
-8.55,18,43.504667
-9.05,18,43.519224
13.8,18,43.532622
-9.15,18,43.545684
-7.45,18,43.558271
4.6,18,43.615123
-8.25,18,43.623135
4.3,18,43.641059
-9.25,18,43.653113
-8.2,18,43.666918
-9.35,18,43.678025
-8.85,18,43.694112
-7.85,18,43.706615
-9.6,18,43.72068
-6.9,18,43.734956
-7.95,18,43.74876
-8.8,18,43.760814
-7.15,18,43.77261
-8.35,18,43.786413
13.35,18,43.841758
14.7,18,43.852228
-9.6,18,43.852228
14.4,18,43.875996
-7.75,18,43.887782
1.55,18,43.90356
-7.5,18,43.913575
-6.95,18,43.926663
13.3,18,43.934815
13.85,18,43.95452
-5.35,18,43.968562
-7.9,18,43.974311
13.0,18,43.990057
-8.2,18,44.005099
-6.45,18,44.056098
-8.55,18,44.06441
-8.6,18,44.080167
-8.5,18,44.080167
12.1,18,44.104039
3.0,18,44.119956
-8.65,18,44.163693
-8.05,18,44.176748
14.0,18,44.19121
-6.7,18,44.203456
11.45,18,44.217161
-8.2,18,44.233182
13.25,18,44.242548
-8.95,18,44.255983
12.35,18,44.307159
-8.45,18,44.320998
13.55,18,44.336764
-7.4,18,44.355371
3.65,18,44.372199
-7.85,18,44.384283
-8.95,18,44.398042
11.75,18,44.411801
12.65,18,44.425561
-6.5,18,44.441323
-8.7,18,44.455196
-7.6,18,44.469923
3.55,18,44.484543
-8.6,18,44.4981
2.1,18,44.511382
14.65,18,44.562725
14.65,18,44.575107
-8.85,18,44.59068
-8.6,18,44.601697
11.95,18,44.613715
2.85,18,44.627475
-8.4,18,44.639232
-8.6,18,44.650991
-9.15,18,44.663797
-9.1,18,44.678018
13.05,18,44.692235
12.15,18,44.707147
-8.0,18,44.720207
-9.4,18,44.732426
-8.1,18,44.788445
2.65,18,44.801065
12.7,18,44.813472
-8.8,18,44.825486
-8.6,18,44.837243
-8.8,18,44.846997
-8.3,18,44.859014
13.8,18,44.868767
-8.25,18,44.88453
-8.6,18,44.89604
-9.2,18,44.907852
-8.75,18,44.924616
-8.55,18,44.936658
-8.05,18,44.949175
-8.05,18,45.002002
-8.85,18,45.013585
12.2,18,45.027657
13.15,18,45.027657
13.5,18,45.052734
14.35,18,45.064789
-5.45,18,45.076585
-8.05,18,45.091916
-8.65,18,45.10804
13.15,18,45.12192
-9.15,18,45.134748
-7.15,18,45.148543
1.35,18,45.162304
12.85,18,45.176323
15.25,18,45.23745
-8.75,18,45.252128
-7.55,18,45.26582
-8.4,18,45.279624
12.65,18,45.29142
-8.8,18,45.30721
15.45,18,45.31885
-8.65,18,45.332451
11.95,18,45.342706
-9.0,18,45.342706
-8.5,18,45.366541
-8.7,18,45.378299
-8.7,18,45.394061
-7.5,18,45.409823
12.55,18,45.453504
-8.0,18,45.479229
4.5,18,45.530817
-9.05,18,45.544816
-9.2,18,45.55459
-8.0,18,45.570686
13.0,18,45.584705
4.5,18,45.598466
-8.55,18,45.610224
1.05,18,45.623985
-8.65,18,45.638921
3.5,18,45.65316
-7.35,18,45.665927
-8.55,18,45.676009
-7.5,18,45.691765
-8.6,18,45.743271
-8.05,18,45.758278
-8.55,18,45.771543
-8.05,18,45.786946
-9.5,18,45.798981
-7.7,18,45.812947
2.55,18,45.827374
-8.8,18,45.84131
-7.7,18,45.854017
2.9,18,45.867777
-9.0,18,45.878881
-7.3,18,45.892223
2.6,18,45.906082
-9.65,18,45.918098
2.6,18,45.972979
-7.6,18,45.985758
-9.3,18,45.999083
-8.9,18,46.01185
-9.1,18,46.02601
-7.9,18,46.037806
12.9,18,46.05161
-7.85,18,46.065382
-8.45,18,46.079147
-7.6,18,46.093194
-7.0,18,46.105453
-5.85,18,46.118407
-6.75,18,46.131352
-7.5,18,46.142404
-8.95,18,46.195736
-8.25,18,46.209741
-9.4,18,46.223425
12.95,18,46.23451
-9.45,18,46.248295
-8.45,18,46.260354
12.15,18,46.274145
-9.15,18,46.287946
-8.2,18,46.303728
-8.0,18,46.317534
-8.6,18,46.330443
-8.45,18,46.336633
-8.25,18,46.355026
-8.6,18,46.368787
11.95,18,46.425773
-8.35,18,46.44145
-7.95,18,46.454132
-6.3,18,46.464144
-8.8,18,46.473659
-6.45,18,46.487418
-9.0,18,46.499174
-6.25,18,46.509187
-8.75,18,46.524949
-9.3,18,46.539072
-8.7,18,46.552822
-7.5,18,46.564837
-7.9,18,46.577165
12.6,18,46.590927
-8.75,18,46.604687
-9.1,18,46.655836
-8.75,18,46.664188
-9.15,18,46.681977
2.9,18,46.695781
2.25,18,46.709842
3.75,18,46.721539
12.45,18,46.735393
-7.8,18,46.748231
13.5,18,46.762678
14.0,18,46.775017
-8.15,18,46.779034
-7.6,18,46.798656
13.05,18,46.810453
-8.6,18,46.822506
-8.55,18,46.883111
-8.45,18,46.883111
13.25,18,46.908267
-8.8,18,46.9188
-8.5,18,46.93232
-8.35,18,46.942334
-8.9,18,46.956095
-6.95,18,46.967341
-8.7,18,46.980847
-9.2,18,46.991179
12.85,18,47.00557
-7.65,18,47.018089
-9.25,18,47.031149
-7.55,18,47.043203
-9.5,18,47.09821
-8.75,18,47.113747
3.65,18,47.125789
-7.65,18,47.139586
-9.0,18,47.153388
14.1,18,47.165442
12.15,18,47.186323
-8.15,18,47.199009
-9.3,18,47.211856
-8.55,18,47.224875
-8.6,18,47.238895
13.65,18,47.250652
-8.9,18,47.264411
-8.45,18,47.280174
-8.55,18,47.337799
11.7,18,47.351602
-7.45,18,47.363652
1.35,18,47.375702
11.95,18,47.392576
-8.4,18,47.40507
-8.3,18,47.415241
-8.4,18,47.415241
15.6,18,47.439137
-8.3,18,47.452942
12.8,18,47.464738
-9.15,18,47.478544
-7.95,18,47.490598
12.0,18,47.506657
-8.3,18,47.65881
-8.85,18,47.709931
6.05,18,47.764384
-6.85,18,47.797871
-8.85,18,47.811675
-9.25,18,47.823727
-8.85,18,47.844398
-9.05,18,47.860205
-8.65,18,47.87555
2.75,18,47.886192
-7.85,18,47.897081
13.9,18,47.908113
2.95,18,48.110466
-8.7,18,48.126327
-9.0,18,48.126327
12.05,18,48.201036
-8.85,18,48.21256
13.4,18,48.26887
-9.05,18,48.282631
12.1,18,48.300479
-7.5,18,48.310184
-7.65,18,48.323815
-7.95,18,48.337836
-7.3,18,48.347849
2.7,18,48.359606
12.55,18,48.370577
-8.6,18,48.3866
13.6,18,48.398131
-8.5,18,48.405024
12.5,18,48.468138
-8.6,18,48.479895
-9.15,18,48.497663
-7.9,18,48.514161
-9.0,18,48.52242
-8.7,18,48.540881
-8.8,18,48.55268
-8.25,18,48.566484
-8.75,18,48.580289
2.55,18,48.594092
-8.9,18,48.610789
-7.45,18,48.621835
-7.75,18,48.63524
11.9,18,48.647414
-8.7,18,48.717208
3.45,18,48.736385
-7.9,18,48.748458
3.4,18,48.760246
-8.5,18,48.774052
-7.25,18,48.786104
-8.8,18,48.79991
-9.15,18,48.817699
11.5,18,48.8296
-9.3,18,48.841702
12.0,18,48.858153
-6.65,18,48.870934
-8.6,18,48.890221
-7.95,18,48.90411
-8.4,18,48.974728
-6.75,18,48.990769
14.45,18,49.004793
-6.3,18,49.020563
-9.0,18,49.042089
12.55,18,49.067744
-8.7,18,49.084171
-8.35,18,49.096459
-7.6,18,49.109249
-9.0,18,49.12301
-8.75,18,49.13677
12.9,18,49.151982
-8.7,18,49.16588
-8.55,18,49.174798
-9.65,18,49.181868
11.95,18,49.243237
15.75,18,49.263357
15.15,18,49.281897
-8.15,18,49.301218
12.8,18,49.315239
-7.5,18,49.327021
-7.65,18,49.338815
-8.55,18,49.35464
-6.9,18,49.368145
-6.4,18,49.380742
1.4,18,49.397382
-8.55,18,49.4104
-8.65,18,49.425675
-8.55,18,49.427678
12.05,18,49.497788
-9.45,18,49.519637
-8.95,18,49.545446
-7.4,18,49.557208
14.95,18,49.573083
13.9,18,49.62406
-9.65,18,49.636117
-8.7,18,49.64817
-8.5,18,49.660389
13.25,18,49.678001
11.8,18,49.691073
-8.95,18,49.702183
-6.7,18,49.714024
-7.8,18,49.726194
-6.9,18,49.785108
-8.3,18,49.80477
-7.2,18,49.833409
-7.8,18,49.855934
-7.15,18,49.87661
14.05,18,49.900192
-8.2,18,49.914044
-7.9,18,49.92801
-7.5,18,49.940107
15.15,18,49.952984
-9.0,18,49.964355
-8.85,18,49.979256
-8.55,18,49.993085
3.35,18,50.004884
-7.9,18,50.070052
2.7,18,50.09008
-8.35,18,50.108741
-7.45,18,50.120916
-9.2,18,50.135368
-7.9,18,50.151952
-7.95,18,50.165428
-7.8,18,50.176736
13.6,18,50.192804
-7.55,18,50.204562
2.1,18,50.2184
-6.9,18,50.229681
-6.2,18,50.241152
-9.1,18,50.249263
-9.2,18,50.340069
14.45,18,50.361453
15.7,18,50.380957
3.55,18,50.393085
-8.35,18,50.408471
12.0,18,50.420294
1.4,18,50.436357
-8.6,18,50.452682
-8.8,18,50.466103
-8.7,18,50.477807
-8.55,18,50.491921
-8.25,18,50.503957
12.75,18,50.516311
-8.8,18,50.532415
3.0,18,50.544995
-7.5,18,50.629658
13.95,18,50.649981
2.15,18,50.673182
-8.5,18,50.687472
3.3,18,50.700125
-8.7,18,50.712027
-6.5,18,50.725968
-7.85,18,50.738338
-8.75,18,50.752261
-7.55,18,50.764156
-8.7,18,50.777696
-8.25,18,50.790725
2.8,18,50.80312
-7.15,18,50.810656
-9.15,18,50.872426
-8.7,18,50.887378
-9.0,18,50.899643
1.8,18,50.911837
-8.75,18,50.925654
-8.45,18,50.941719
-7.7,18,50.954115
-7.3,18,50.969583
13.6,18,50.982794
1.65,18,50.995291
-9.4,18,51.009288
-6.55,18,51.020832
-9.2,18,51.034634
15.25,18,51.046684
14.9,18,51.106591
-7.3,18,51.119889
-6.8,18,51.131701
-8.85,18,51.14472
3.7,18,51.156478
1.75,18,51.166491
-7.4,18,51.182538
-9.3,18,51.196669
12.0,18,51.207943
-7.2,18,51.221066
-9.55,18,51.234826
-9.2,18,51.248586
-6.1,18,51.260343
-6.35,18,51.274409
-7.8,18,51.328007
15.55,18,51.342028
-8.9,18,51.35622
-7.9,18,51.36872
12.05,18,51.384039
11.95,18,51.398641
-8.5,18,51.412708
3.85,18,51.42589
-7.2,18,51.438448
-6.6,18,51.45065
-8.5,18,51.465628
-8.7,18,51.479581
-8.5,18,51.49191
13.6,18,51.508507
-9.4,18,51.521852
-8.65,18,51.578631
3.5,18,51.592005
-7.5,18,51.607224
-8.4,18,51.621749
2.35,18,51.634991
-7.4,18,51.647119
13.8,18,51.661834
-8.3,18,51.671809
12.8,18,51.684215
15.6,18,51.705374
-8.65,18,51.714929
12.45,18,51.725921
-7.2,18,51.744449
3.55,18,51.756552
-7.9,18,51.815372
13.55,18,51.828906
-8.1,18,51.841014
-7.6,18,51.853166
-9.05,18,51.865585
-7.95,18,51.877776
12.3,18,51.892017
-8.35,18,51.901587
-8.45,18,51.920179
-8.5,18,51.932932
-8.0,18,51.944478
-7.9,18,51.958944
11.55,18,51.970959
-6.45,18,51.982978
12.9,18,52.039328
-8.1,18,52.053132
-8.05,18,52.065733
3.5,18,52.077857
-8.95,18,52.09207
2.05,18,52.106075
-8.35,18,52.120189
14.05,18,52.137994
-8.85,18,52.151465
-7.95,18,52.165491
-7.25,18,52.174754
-9.5,18,52.191151
-7.1,18,52.202568
12.25,18,52.217139
-7.5,18,52.271731
12.75,18,52.2858
-7.95,18,52.300092
-6.85,18,52.31411
13.45,18,52.328576
19.1,18,52.338356
-7.8,18,52.358154
-8.35,18,52.371753
-8.6,18,52.386618
-8.9,18,52.399166
11.85,18,52.411368
-8.25,18,52.425781
-6.3,18,52.43086
-4.65,18,52.449475
-8.9,18,52.511909
-8.7,18,52.527673
-8.2,18,52.539731
-8.7,18,52.553493
-8.65,18,52.567254
-8.95,18,52.582012
-6.55,18,52.595033
-8.3,18,52.608654
-9.4,18,52.620725
-8.25,18,52.634617
-9.2,18,52.64641
-9.05,18,52.660205
-8.35,18,52.675985
-8.9,18,52.690381
-8.0,18,52.701771
-9.25,18,52.756274
-6.75,18,52.769387
12.5,18,52.785172
11.75,18,52.798147
12.3,18,52.813404
-8.75,18,52.824913
-8.65,18,52.837695
-7.9,18,52.851254
-7.55,18,52.865056
-8.65,18,52.878699
-9.2,18,52.89399
13.8,18,52.90977
-8.05,18,52.92171
-9.15,18,52.937138
2.7,18,52.989769
13.3,18,53.00318
12.05,18,53.022883
-9.55,18,53.036873
-7.3,18,53.263546
-9.1,18,53.2796
-8.65,18,53.2796
-7.7,18,53.295542
2.1,18,53.311365
-7.55,18,53.333541
1.7,18,53.344522
-8.05,18,53.355976
-8.55,18,53.355976
-7.4,18,53.375628
-7.65,18,53.49071
-7.6,18,53.507729
-9.25,18,53.531115
-8.05,18,53.547348
12.35,18,53.561153
3.3,18,53.577624
3.6,18,53.593492
-8.6,18,53.608771
2.25,18,53.622844
-8.55,18,53.637817
-9.2,18,53.649835
-9.15,18,53.66319
2.0,18,53.736814
-8.35,18,53.774746
-8.8,18,53.909533
1.55,18,53.935874
-7.6,18,53.953198
2.95,18,53.97106
-7.15,18,53.991091
2.85,18,54.007766
-7.3,18,54.025862
-8.55,18,54.042894
4.45,18,54.056654
-8.3,18,54.070417
-9.15,18,54.082434
13.5,18,54.096195
-9.55,18,54.11
13.6,18,54.120662
-7.9,18,54.133892
-7.8,18,54.189496
-9.15,18,54.207262
-8.55,18,54.229296
-8.15,18,54.249146
-8.55,18,54.276856
-8.6,18,54.302553
-8.15,18,54.320337
2.55,18,54.338204
-7.55,18,54.352139
-7.6,18,54.366107
13.0,18,54.379883
-7.0,18,54.391676
13.15,18,54.403727
-7.55,18,54.413514
-9.3,18,54.47332
-8.3,18,54.488313
-8.25,18,54.499367
-8.65,18,54.515332
-9.05,18,54.531445
-8.75,18,54.548093
-7.65,18,54.563287
-7.55,18,54.578543
-8.4,18,54.59236
-9.25,18,54.605905
-9.15,18,54.617954
1.9,18,54.634297
-8.7,18,54.6517
12.1,18,54.671177
13.35,18,54.744286
-8.75,18,54.768386
-8.2,18,54.78403
-8.55,18,54.79812
-9.35,18,54.81227
2.8,18,54.828076
-7.65,18,54.841065
14.05,18,54.853515
-9.2,18,54.876058
14.95,18,54.889239
12.1,18,54.904669
-6.85,18,54.928669
13.85,18,54.941804
-9.5,18,54.953854
13.7,18,55.007154
-8.95,18,55.022818
-8.75,18,55.034751
-8.4,18,55.048562
-7.3,18,55.062625
-7.45,18,55.074421
-7.9,18,55.098313
0.8,18,55.113674
1.9,18,55.129206
-9.5,18,55.143636
-7.5,18,55.155392
-7.2,18,55.16999
2.65,18,55.181538
2.1,18,55.197482
-9.05,18,55.254769
13.05,18,55.268789
-7.9,18,55.280546
12.3,18,55.294306
14.2,18,55.312072
-7.7,18,55.329535
-8.3,18,55.3501
4.8,18,55.371652
-7.9,18,55.389681
-7.6,18,55.403441
-8.4,18,55.417202
14.55,18,55.429588
-8.75,18,55.444696
-7.0,18,55.456936
-7.6,18,55.456936
13.15,18,55.522395
-7.4,18,55.536082
2.2,18,55.547724
-7.1,18,55.559931
-7.8,18,55.573044
-7.35,18,55.586063
-7.8,18,55.603332
-7.3,18,55.63013
-8.8,18,55.642287
13.3,18,55.656535
-7.25,18,55.66829
-7.75,18,55.682384
2.7,18,55.695444
-7.4,18,55.707239
2.85,18,55.758796
13.9,18,55.776141
-7.25,18,55.790503
-8.45,18,55.802299
-8.9,18,55.814846
4.3,18,55.825898
-7.75,18,55.845717
-9.15,18,55.867589
13.75,18,55.883191
2.9,18,55.895745
-9.1,18,55.910652
-8.95,18,55.924671
-8.7,18,55.938431
-8.55,18,55.953795
-8.1,18,56.004127
-8.5,18,56.017932
-9.7,18,56.032956
-5.25,18,56.045009
-7.9,18,56.064805
13.75,18,56.081024
2.85,18,56.097441
-7.3,18,56.10896
-7.75,18,56.124722
-6.95,18,56.13674
15.55,18,56.148496
-9.55,18,56.166261
-8.8,18,56.179934
-8.95,18,56.194041
-8.95,18,56.289872
-7.45,18,56.303543
13.75,18,56.317912
-8.6,18,56.329669
-7.85,18,56.343429
-8.75,18,56.355445
12.3,18,56.367202
-5.65,18,56.384898
-9.65,18,56.433642
-6.6,18,56.445159
-8.55,18,56.459179
2.75,18,56.472449
2.75,18,56.488643
2.95,18,56.501277
-8.7,18,56.509066
14.7,18,56.569867
-8.75,18,56.589638
-9.65,18,56.610144
-9.05,18,56.626743
-7.9,18,56.639762
12.95,18,56.653533
-7.15,18,56.665586
-7.2,18,56.677382
13.8,18,56.701956
11.2,18,56.715548
-8.05,18,56.730901
13.15,18,56.745406
-8.75,18,56.766265
2.0,18,56.796808
-8.25,18,56.954545
-8.6,18,56.975673
12.95,18,56.989735
-8.75,18,57.001531
14.4,18,57.015333
-6.35,18,57.029094
1.55,18,57.042607
13.5,18,57.048713
-9.2,18,57.066248
-8.7,18,57.078288
-8.85,18,57.09209
-7.6,18,57.103885
-7.35,18,57.115678
-8.6,18,57.127616
-7.3,18,57.185931
12.85,18,57.201701
-7.8,18,57.219472
13.15,18,57.233232
13.2,18,57.246993
-5.7,18,57.260231
-9.3,18,57.272975
-8.6,18,57.288463
-8.15,18,57.300825
-9.75,18,57.314586
-7.55,18,57.326343
13.6,18,57.340102
12.95,18,57.355864
-8.9,18,57.371005
-9.05,18,57.427921
11.9,18,57.445696
14.6,18,57.46146
-8.25,18,57.474523
-6.95,18,57.486973
2.0,18,57.499182
13.35,18,57.510205
15.1,18,57.524011
-7.55,18,57.537221
-7.55,18,57.549571
-8.65,18,57.563831
-9.3,18,57.580694
-7.75,18,57.595831
-7.5,18,57.605484
-8.2,18,57.658894
2.9,18,57.674656
-9.0,18,57.692316
-9.25,18,57.707425
1.85,18,57.723135
-8.7,18,57.735714
-7.55,18,57.748331
-7.8,18,57.771369
-7.6,18,57.785653
2.75,18,57.799439
-7.1,18,57.81058
12.65,18,57.823864
-9.1,18,57.837548
-8.75,18,57.849601
-7.35,18,57.857376
-9.45,18,57.919395
13.1,18,57.934131
-7.8,18,57.947151
-8.15,18,57.958907
-7.8,18,57.972927
-8.75,18,57.985251
-8.6,18,58.000774
1.6,18,58.01627
-7.85,18,58.028362
-8.35,18,58.042476
-6.15,18,58.054234
-8.3,18,58.068483
-9.3,18,58.082003
-9.15,18,58.099768
-7.6,18,58.153337
-7.55,18,58.167096
-8.3,18,58.179112
-9.05,18,58.192873
-8.55,18,58.206633
-8.3,18,58.222117
-9.45,18,58.236134
16.1,18,58.2491
-8.8,18,58.264052
12.95,18,58.276104
-8.95,18,58.292251
13.7,18,58.311999
-8.1,18,58.325392
-4.8,18,58.340537
-9.05,18,58.437246
-8.65,18,58.461561
12.2,18,58.494195
-7.2,18,58.526432
-6.85,18,58.547609
-8.9,18,58.569777
13.35,18,58.592766
-8.5,18,58.611795
12.1,18,58.627558
-9.55,18,58.635332
2.0,18,58.652376
2.9,18,58.667138
2.1,18,58.905291
-8.5,18,58.909365
-9.05,18,58.99606
1.2,18,59.018191
-8.75,18,59.0357
-9.35,18,59.05027
-8.9,18,59.065795
2.85,18,59.079561
12.05,18,59.097691
-7.5,18,59.112476
-9.55,18,59.156699
12.1,18,59.168456
-8.7,18,59.178469
-7.45,18,59.190238
-8.5,18,59.204315
12.9,18,59.216154
3.6,18,59.228894
12.85,18,59.282075
1.85,18,59.309106
-7.85,18,59.321166
12.15,18,59.33532
-8.1,18,59.348442
-8.55,18,59.362499
-8.2,18,59.374288
-9.3,18,59.388083
-8.2,18,59.403768
-8.65,18,59.418961
-8.6,18,59.430391
11.8,18,59.445137
-8.6,18,59.469917
15.45,18,59.482505
14.65,18,59.53972
-7.5,18,59.554915
-8.3,18,59.570508
12.75,18,59.58532
-8.5,18,59.601085
-9.05,18,59.61885
-9.0,18,59.634374
-7.4,18,59.648343
-7.05,18,59.662377
-8.85,18,59.676181
-8.35,18,59.687974
13.85,18,59.701276
-6.65,18,59.715337
12.25,18,59.727353
12.8,18,59.783643
13.2,18,59.79941
-7.8,18,59.811167
-7.5,18,59.828933
1.75,18,59.841117
-8.85,18,59.860501
2.5,18,59.88318
-8.6,18,59.900577
-7.1,18,59.920358
15.3,18,59.94788
-8.25,18,59.972129
13.35,18,59.981686
4.65,18,59.989731
-8.35,18,60.005468
11.55,18,60.061274
-7.3,18,60.074773
-9.35,18,60.092842
-9.2,18,60.110609
-8.6,18,60.123166
3.05,18,60.136185
15.15,18,60.151949
-6.75,18,60.165183
2.05,18,60.180106
-7.65,18,60.192027
-9.1,18,60.206163
-6.15,18,60.228034
12.2,18,60.241918
-8.15,18,60.254655
14.25,18,60.31773
2.1,18,60.340461
-7.45,18,60.353481
-9.35,18,60.375569
-9.4,18,60.393016
-8.95,18,60.418674
-7.65,18,60.438706
-8.65,18,60.467695
13.4,18,60.520864
-7.95,18,60.532916
1.7,18,60.544711
13.95,18,60.556508
13.1,18,60.56655
-6.65,18,60.5843
-8.7,18,60.592455
-8.9,18,60.6766
13.05,18,60.692091
-7.5,18,60.706992
-9.0,18,60.729992
-9.25,18,60.747028
12.75,18,60.764545
2.0,18,60.774559
-9.15,18,60.790322
-8.55,18,60.802044
-8.75,18,60.826932
-5.4,18,60.852346
-8.2,18,60.876127
-8.25,18,60.891889
-8.3,18,60.927267
11.9,18,61.117651
11.4,18,61.145413
-8.05,18,61.163559
-6.75,18,61.17683
-9.05,18,61.190469
13.5,18,61.203739
-6.5,18,61.215525
-9.15,18,61.227561
14.75,18,61.256069
-8.6,18,61.268568
-8.85,18,61.274767
12.9,18,61.293
-9.4,18,61.306163
-8.55,18,61.306163
-7.8,18,61.377799
14.15,18,61.396261
3.7,18,61.420228
12.9,18,61.45543
-8.55,18,61.496645
-8.25,18,61.536654
-8.95,18,61.556095
-8.05,18,61.570118
-8.0,18,61.586344
12.7,18,61.597912
-9.2,18,61.611512
-7.8,18,61.627299
-9.25,18,61.627299
-6.0,18,61.643459
-6.95,18,61.712891
-8.35,18,61.723901
-7.8,18,61.73692
-9.05,18,61.748678
2.5,18,61.764442
-8.35,18,61.780615
-8.3,18,61.796438
14.3,18,61.809987
-7.45,18,61.821835
-8.95,18,61.839861
-8.95,18,61.851619
13.1,18,61.863636
-7.25,18,61.877398
-8.7,18,61.898902
-8.85,18,61.919026
11.9,18,61.983034
13.05,18,62.007513
-8.45,18,62.027993
1.85,18,62.05141
2.2,18,62.064149
-9.25,18,62.077169
-8.5,18,62.092933
14.05,18,62.110717
12.7,18,62.129623
-7.45,18,62.143724
-7.65,18,62.165495
1.8,18,62.189225
-5.9,18,62.223111
14.0,18,62.242646
13.35,18,62.354049
-8.75,18,62.394992
12.8,18,62.426636
-8.55,18,62.44243
-7.5,18,62.46038
-9.0,18,62.483845
-8.5,18,62.496464
-8.95,18,62.508396
-7.7,18,62.521915
-8.05,18,62.537791
-9.05,18,62.55598
-4.7,18,62.573598
-5.6,18,62.581993
-6.85,18,62.59018
-9.15,18,62.647526
13.2,18,62.670587
15.25,18,62.700204
-8.85,18,62.723162
14.3,18,62.740602
-9.05,18,62.759423
4.65,18,62.771637
-7.2,18,62.786443
-9.4,18,62.798463
-7.55,18,62.80998
13.0,18,62.825742
-9.15,18,62.837546
-7.95,18,62.847458
-7.2,18,62.871333
-7.05,18,62.943083
-8.65,18,62.95797
-7.9,18,62.972908
1.8,18,62.987771
16.55,18,63.001694
2.15,18,63.015563
-8.1,18,63.030043
14.75,18,63.043064
1.95,18,63.058894
-7.35,18,63.076243
11.8,18,63.090931
-9.25,18,63.106971
-9.05,18,63.120479
2.75,18,63.133703
-9.1,18,63.192214
-7.55,18,63.228844
-8.4,18,63.243782
12.55,18,63.254703
-6.1,18,63.267212
-7.95,18,63.28638
14.9,18,63.299386
14.2,18,63.312865
-9.3,18,63.329483
-7.25,18,63.343777
-5.6,18,63.360551
-6.8,18,63.384549
-7.35,18,63.398953
14.05,18,63.420395
-9.15,18,63.436377
-8.3,18,63.509497
-9.45,18,63.524969
14.3,18,63.541295
-8.8,18,63.561269
-8.9,18,63.578293
-8.3,18,63.594058
11.8,18,63.61135
-7.7,18,63.626588
-7.7,18,63.638114
12.25,18,63.653377
-8.9,18,63.667436
12.75,18,63.679481
-7.9,18,63.695361
13.05,18,63.715045
-7.95,18,63.849522
-6.7,18,63.893596
12.85,18,63.92525
-8.75,18,63.940652
-7.35,18,63.952973
-8.65,18,63.963291
-7.55,18,63.979268
-8.95,18,63.979268
-8.85,18,64.005035
-8.05,18,64.014792
-7.6,18,64.048008
-6.5,18,64.066784
-5.5,18,64.082695
-8.05,18,64.098784
-8.85,18,64.161376
12.1,18,64.175314
-8.0,18,64.189296
-9.1,18,64.202322
4.0,18,64.215094
-8.65,18,64.226225
-5.55,18,64.243992
-7.45,18,64.2603
14.25,18,64.274274
11.9,18,64.292091
-8.85,18,64.304116
-7.45,18,64.311937
-8.3,18,64.32182
14.0,18,64.349862
5.4,18,64.423354
13.0,18,64.434375
14.85,18,64.458156
-8.3,18,64.483697
-9.15,18,64.507921
-7.85,18,64.525505
-8.25,18,64.546971
-8.1,18,64.569555
12.15,18,64.593563
-8.15,18,64.607424
-8.65,18,64.617468
-9.15,18,64.633422
-7.85,18,64.649257
-6.75,18,64.649257
11.9,18,64.665024
-8.65,18,64.733222
-6.0,18,64.745172
-6.55,18,64.758693
-8.8,18,64.77646
-8.0,18,64.789324
5.85,18,65.010383
-8.35,18,65.024096
-8.55,18,65.032437
12.75,18,65.032437
13.5,18,65.050618
3.4,18,65.064292
-9.15,18,65.0804
3.4,18,65.0804
-7.15,18,65.100173
-7.25,18,65.161543
-8.35,18,65.173301
-8.9,18,65.185317
-8.95,18,65.212873
-8.95,18,65.24431
-8.4,18,65.284121
-9.2,18,65.305978
-7.2,18,65.325826
-9.25,18,65.351063
12.55,18,65.374892
-7.5,18,65.400117
12.7,18,65.419316
-7.6,18,65.423075
2.75,18,65.439349
-8.35,18,65.49623
-7.4,18,65.508021
-9.1,18,65.521822
-8.55,18,65.538363
-8.6,18,65.560229
1.45,18,65.576272
-9.05,18,65.58861
-9.45,18,65.601106
14.45,18,65.615124
-6.85,18,65.626882
-9.45,18,65.64505
1.8,18,65.659861
2.05,18,65.673415
-8.0,18,65.686936
-7.7,18,65.740474
-9.0,18,65.756239
-8.0,18,65.771003
-8.7,18,65.784022
-7.95,18,65.797555
-8.85,18,65.809544
13.35,18,65.823305
-6.35,18,65.83495
-6.85,18,65.848405
11.8,18,65.864427
12.4,18,65.878963
-8.15,18,65.894559
12.3,18,65.907648
2.9,18,65.920106
11.7,18,66.039265
-8.15,18,66.056298
-8.6,18,66.076694
-8.9,18,66.092214
-7.9,18,66.11042
13.35,18,66.131056
12.7,18,66.148582
13.15,18,66.16034
-9.1,18,66.172098
12.0,18,66.193872
2.3,18,66.206908
12.95,18,66.219526
-8.9,18,66.231178
-8.3,18,66.244865
-7.4,18,66.257257
-8.5,18,66.320453
2.7,18,66.33692
-7.9,18,66.353189
-9.05,18,66.371008
-8.75,18,66.382799
-8.8,18,66.399056
12.8,18,66.415425
12.9,18,66.427691
-8.55,18,66.440287
-8.35,18,66.453848
-9.35,18,66.465901
-8.3,18,66.478956
-7.45,18,66.490998
-5.45,18,66.504789
-7.55,18,66.57512
-8.0,18,66.599475
-8.75,18,66.628873
-7.1,18,66.659644
14.25,18,66.67768
11.9,18,66.691441
-6.4,18,66.703198
-7.45,18,66.71941
-9.0,18,66.733309
-7.75,18,66.749401
-6.8,18,66.761427
-7.7,18,66.765021
12.2,18,66.777392
-9.5,18,66.79311
-6.7,18,66.851252
-8.6,18,66.864195
-8.05,18,66.878424
14.7,18,66.89422
-8.5,18,66.906013
12.45,18,66.919818
13.15,18,66.935618
-7.45,18,66.948447
12.25,18,66.959557
-9.45,18,66.973011
-8.1,18,66.987099
13.25,18,67.001192
13.3,18,67.013009
-7.4,18,67.026382
-8.4,18,67.100229
-8.85,18,67.116003
12.1,18,67.131294
11.95,18,67.147356
-7.35,18,67.160784
-9.2,18,67.174925
-7.65,18,67.187536
11.8,18,67.199295
-8.15,18,67.214964
1.8,18,67.228984
-7.9,18,67.240742
-9.25,18,67.258507
-7.15,18,67.271912
-7.95,18,67.287871
-7.4,18,67.318053
-9.5,18,67.443555
-6.0,18,67.486974
-8.9,18,67.511133
-8.4,18,67.526902
-9.05,18,67.540662
-9.05,18,67.553766
-8.85,18,67.565782
12.05,18,67.579039
-8.8,18,67.593316
-7.7,18,67.608201
-9.5,18,67.629089
14.3,18,67.641497
-9.65,18,67.643088
-7.55,18,67.657215
13.05,18,67.724193
-7.35,18,67.744187
-9.15,18,67.760107
15.5,18,67.771039
14.05,18,67.794128
2.75,18,67.820691
12.25,18,67.835586
-9.3,18,67.851654
-7.45,18,67.870278
-8.6,18,67.886146
-9.4,18,67.908636
-8.65,18,67.930716
3.85,18,67.954677
-8.1,18,67.975432
-7.9,18,68.122437
-8.05,18,68.156126
-7.45,18,68.175225
-8.2,18,68.199198
-8.7,18,68.212132
-7.15,18,68.225152
-8.45,18,68.240916
-9.05,18,68.254764
13.35,18,68.26984
2.55,18,68.284341
-8.25,18,68.295858
-7.9,18,68.305638
14.05,18,68.337017
-6.35,18,68.3613
13.9,18,68.479411
-8.75,18,68.54526
-8.85,18,68.60979
13.0,18,68.635638
-8.1,18,68.655092
-8.95,18,68.687247
-7.6,18,68.703235
-7.05,18,68.720591
-8.45,18,68.736257
13.2,18,68.749921
-9.35,18,68.767772
-8.0,18,68.786305
-9.45,18,68.803292
13.75,18,68.811323
-7.65,18,68.872693
-9.5,18,68.888716
-7.65,18,68.902844
-9.1,18,68.915798
14.25,18,68.929979
-9.05,18,68.944478
14.4,18,68.956048
-9.1,18,68.972924
14.9,18,68.988382
-7.7,18,69.003834
-8.4,18,69.020342
-6.75,18,69.043639
12.0,18,69.069163
13.5,18,69.089045
-8.4,18,69.100849
-8.45,18,69.182195
-6.95,18,69.196003
-8.4,18,69.209793
-9.1,18,69.223257
-7.1,18,69.23885
-8.75,18,69.251564
-7.35,18,69.269998
-7.75,18,69.28376
12.35,18,69.301529
-9.0,18,69.327257
13.65,18,69.340641
-7.95,18,69.352702
1.8,18,69.36574
-7.4,18,69.368784
1.3,18,69.433117
12.1,18,69.451669
2.35,18,69.464113
-8.65,18,69.478931
-8.3,18,69.491989
-7.7,18,69.504348
-7.4,18,69.516279
-7.85,18,69.530636
-7.45,18,69.544819
13.9,18,69.557072
11.6,18,69.570934
14.15,18,69.583117
-6.7,18,69.596881
2.85,18,69.610664
-8.1,18,69.669773
-8.8,18,69.686093
12.85,18,69.700982
-8.35,18,69.714005
13.65,18,69.727767
-9.15,18,69.735521
12.55,18,69.757455
-8.85,18,69.77959
-7.9,18,69.80122
-9.35,18,69.815423
-7.75,18,69.829223
-8.1,18,69.841009
12.35,18,69.857047
-7.7,18,69.872988
2.8,18,69.935982
12.7,18,69.951276
-9.2,18,69.965387
-8.55,18,69.978524
-8.1,18,69.996876
-8.1,18,70.012929
-8.5,18,70.027195
-9.0,18,70.052276
-7.4,18,70.071065
-7.15,18,70.085784
-8.75,18,70.102016
13.35,18,70.112265
-8.5,18,70.127402
-7.45,18,70.131422
-8.55,18,70.139371
-9.8,18,70.211029
-9.2,18,70.226829
13.5,18,70.238877
-7.35,18,70.251183
14.25,18,70.264735
-7.7,18,70.284357
-8.85,18,70.297515
-8.35,18,70.311362
13.65,18,70.325057
-9.2,18,70.336817
12.6,18,70.350582
-7.8,18,70.36435
11.9,18,70.380159
14.95,18,70.401041
-8.1,18,70.453314
4.75,18,70.465348
-7.4,18,70.478455
-8.55,18,70.497788
-9.05,18,70.518345
-8.35,18,70.539624
-8.0,18,70.55341
13.3,18,70.567215
-8.1,18,70.580978
-7.6,18,70.594741
13.9,18,70.609609
14.8,18,70.623417
-9.0,18,70.635424
-9.2,18,70.883835
-9.1,18,70.942387
-7.85,18,70.962927
-8.2,18,70.984967
-9.4,18,71.006486
-7.95,18,71.020508
13.6,18,71.041478
-6.55,18,71.05557
-8.5,18,71.072164
-7.9,18,71.085809
12.4,18,71.101561
1.65,18,71.115583
-8.3,18,71.129346
3.4,18,71.137361
-9.45,18,71.155451
-8.55,18,71.224543
-8.05,18,71.238565
12.7,18,71.261426
-8.9,18,71.288209
-8.7,18,71.310076
12.0,18,71.325843
13.2,18,71.337206
-6.3,18,71.353231
-8.35,18,71.366656
-8.5,18,71.38036
14.15,18,71.41898
13.45,18,71.429024
11.55,18,71.440819
-7.9,18,71.450605
-7.5,18,71.533259
-8.8,18,71.549601
-7.6,18,71.570114
-9.15,18,71.585096
-7.5,18,71.603278
12.2,18,71.636941
-5.35,18,71.654853
2.3,18,71.668909
-6.8,18,71.692319
-8.75,18,71.705951
13.15,18,71.720267
13.4,18,71.730391
-9.0,18,71.746304
-7.9,18,71.757405
-7.7,18,71.76745
-8.2,18,71.828151
-8.55,18,71.83917
2.7,18,71.852932
-9.1,18,71.866697
13.95,18,71.879168
13.0,18,71.901801
-9.1,18,71.922152
-7.05,18,71.936925
-8.8,18,71.950487
-7.45,18,71.964257
-6.65,18,71.976017
-7.5,18,71.988036
-7.95,18,72.003813
12.8,18,72.02146
12.05,18,72.113086
-7.6,18,72.132692
-8.4,18,72.152834
-5.6,18,72.169162
-8.65,18,72.18848
-8.5,18,72.205079
-7.85,18,72.220635
-9.0,18,72.234827
-8.3,18,72.257903
-8.1,18,72.268955
12.6,18,72.282757
-8.75,18,72.29455
-7.65,18,72.306345
-8.6,18,72.317937
1.75,18,72.376727
12.9,18,72.390749
12.3,18,72.40451
-8.85,18,72.422281
-6.5,18,72.436955
-7.1,18,72.452003
-7.6,18,72.470032
2.8,18,72.493701
12.85,18,72.523292
-8.1,18,72.535052
12.8,18,72.548612
14.05,18,72.562595
-8.2,18,72.570959
14.2,18,72.570959
-7.75,18,72.637974
-6.85,18,72.654962
-8.65,18,72.668834
-8.75,18,72.683819
13.0,18,72.696125
-7.6,18,72.709889
13.6,18,72.735669
12.55,18,72.763829
-6.15,18,72.776731
-8.5,18,72.790607
2.65,18,72.804635
13.35,18,72.816583
-8.65,18,72.830391
-8.75,18,72.8324
-8.4,18,72.846524
-8.7,18,72.917298
-7.5,18,72.929317
2.95,18,72.941334
14.3,18,72.957099
12.9,18,72.972865
-9.1,18,72.98831
-7.65,18,73.002668
-7.6,18,73.015401
-8.05,18,73.028921
-8.45,18,73.042627
-7.95,18,73.0553
-9.1,18,73.070744
-7.95,18,73.084461
13.05,18,73.099817
-9.05,18,73.165051
3.75,18,73.180817
12.65,18,73.194609
3.8,18,73.209017
-6.4,18,73.22332
-9.0,18,73.234839
-9.05,18,73.248863
12.9,18,73.260624
-8.75,18,73.274387
-8.9,18,73.290154
-8.7,18,73.308355
-9.05,18,73.322757
-6.85,18,73.334923
2.35,18,73.348446
14.15,18,73.472716
12.2,18,73.511437
12.15,18,73.536666
-9.4,18,73.571623
-8.0,18,73.593399
-5.65,18,73.609165
13.35,18,73.623209
-8.95,18,73.637525
-7.0,18,73.649235
-8.65,18,73.677216
-7.8,18,73.687002
12.05,18,73.698797
12.45,18,73.708841
1.95,18,73.722167
1.8,18,73.77639
11.3,18,73.788445
2.0,18,73.802487
-8.95,18,73.816753
11.95,18,73.834784
-7.3,18,73.85124
-8.85,18,73.883098
-7.2,18,73.903323
-9.45,18,73.91824
-9.05,18,73.934005
-8.7,18,73.948085
-9.0,18,73.960391
12.3,18,73.971319
-7.55,18,73.985551
15.0,18,74.042544
13.1,18,74.057257
-9.1,18,74.070504
-9.25,18,74.085857
-6.05,18,74.101806
-8.75,18,74.116306
-8.05,18,74.129279
12.9,18,74.146925
12.75,18,74.160054
4.7,18,74.173816
-7.75,18,74.188727
-8.55,18,74.201236
3.0,18,74.213816
13.3,18,74.226837
-7.65,18,74.238856
12.35,18,74.301876
14.8,18,74.318911
-8.8,18,74.334177
14.25,18,74.347198
1.75,18,74.360681
-8.5,18,74.374599
12.9,18,74.390083
-7.3,18,74.403122
-9.25,18,74.416991
-8.45,18,74.429678
13.3,18,74.442801
-6.6,18,74.454977
16.15,18,74.468498
-8.65,18,74.488269
-9.1,18,74.591123
13.9,18,74.618404
-8.85,18,74.641635
-7.5,18,74.662872
-8.7,18,74.677144
-9.2,18,74.690705
-8.6,18,74.707261
13.1,18,74.7212
-8.45,18,74.735975
-8.9,18,74.750155
15.45,18,74.764472
-9.1,18,74.776881
-8.9,18,74.787935
-8.85,18,74.797979
13.15,18,74.855774
-9.0,18,74.873741
-8.75,18,74.887504
1.55,18,74.897984
-8.8,18,74.911506
12.0,18,74.929359
15.75,18,74.94284
-8.85,18,74.958304
-8.15,18,74.97257
13.25,18,74.986332
-8.65,18,74.999558
1.9,18,75.013606
-8.4,18,75.025648
-8.5,18,75.044334
12.45,18,75.097796
12.3,18,75.111593
-7.7,18,75.123384
-7.3,18,75.140444
12.6,18,75.162422
-8.4,18,75.186763
12.4,18,75.200534
-8.2,18,75.214297
13.3,18,75.228131
-7.45,18,75.243896
13.95,18,75.26373
-9.05,18,75.277564
12.3,18,75.291356
12.15,18,75.303022
-8.5,18,75.318675
-7.1,18,75.386518
-9.15,18,75.400168
12.6,18,75.412188
12.8,18,75.427845
-7.35,18,75.441613
-8.7,18,75.457382
-7.6,18,75.476782
-7.75,18,75.496142
-7.75,18,75.509772
-8.7,18,75.523703
-8.1,18,75.537503
3.6,18,75.549439
13.15,18,75.565238
-8.2,18,75.581484
-8.35,18,75.652311
-7.95,18,75.668381
13.0,18,75.689551
1.7,18,75.708886
-7.05,18,75.733666
14.65,18,75.748362
-9.4,18,75.763801
13.05,18,75.779363
-8.9,18,75.79736
12.15,18,75.814867
14.0,18,75.827442
-8.25,18,75.842498
-8.45,18,75.852545
15.85,18,75.864601
-8.05,18,75.928015
-7.2,18,75.942164
-8.25,18,75.955966
-8.4,18,75.968369
-5.65,18,75.989568
-8.7,18,76.007161
12.3,18,76.023108
1.7,18,76.038971
-6.6,18,76.054699
-9.05,18,76.076793
-8.15,18,76.090554
-8.65,18,76.110326
-8.65,18,76.124997
-8.9,18,76.138014
-8.2,18,76.205961
-8.5,18,76.230564
-9.3,18,76.248341
-9.1,18,76.265317
-7.4,18,76.279482
-8.55,18,76.294838
-9.05,18,76.587648
12.2,18,76.594448
-8.15,18,76.613745
-7.95,18,76.626114
-8.6,18,76.626114
-8.15,18,76.649812
-8.9,18,76.660279
-8.25,18,76.67534
-8.1,18,76.726811
16.25,18,76.738571
3.35,18,76.755373
-7.5,18,76.76905
-9.05,18,76.784111
14.0,18,76.801724
-7.4,18,76.82491
11.9,18,76.836672
-8.75,18,76.860376
-8.9,18,76.877569
12.9,18,76.892454
-7.7,18,76.90626
-8.75,18,76.918059
-8.15,18,76.929766
-7.4,18,76.929766
13.35,18,76.996488
-6.35,18,77.010415
-8.8,18,77.02422
3.5,18,77.040094
-7.85,18,77.05316
-8.2,18,77.071176
-6.2,18,77.088462
-7.45,18,77.104256
-7.7,18,77.118914
-8.45,18,77.132947
-7.8,18,77.148044
2.4,18,77.161922
-8.4,18,77.184006
-9.15,18,77.202576
13.5,18,77.275956
-8.65,18,77.296281
-8.2,18,77.319809
-9.45,18,77.33433
2.6,18,77.349844
-9.05,18,77.362072
-7.65,18,77.377212
-8.15,18,77.383667
-7.75,18,77.403235
-9.15,18,77.41759
14.2,18,77.430749
-7.5,18,77.443533
-8.25,18,77.454665
15.15,18,77.461294
-6.35,18,77.559142
12.8,18,77.588721
-8.9,18,77.604492
-9.45,18,77.624407
-7.6,18,77.641796
-8.6,18,77.655113
-9.0,18,77.667268
3.1,18,77.681069
12.65,18,77.694865
13.7,18,77.708655
-8.4,18,77.720711
-7.65,18,77.734297
15.05,18,77.7526
-7.8,18,77.772349
14.1,18,77.867336
-8.7,18,77.89857
-7.9,18,77.91836
-8.6,18,77.934126
-9.15,18,77.953898
-6.65,18,77.966568
-9.5,18,77.9804
-8.3,18,77.992821
-8.95,18,78.00902
2.85,18,78.022356
2.95,18,78.034412
-8.85,18,78.048219
-9.2,18,78.05599
14.7,18,78.071234
-7.8,18,78.087371
-6.8,18,78.14725
-9.45,18,78.162392
-8.6,18,78.178494
3.05,18,78.192655
-8.2,18,78.253461
-8.9,18,78.257208
-7.4,18,78.289244
1.55,18,78.307705
-7.55,18,78.323168
-8.15,18,78.331181
14.8,18,78.360595
12.1,18,78.383155
-8.7,18,78.40288
-8.05,18,78.424354
-8.0,18,78.504459
-7.35,18,78.527563
-8.4,18,78.546315
-9.45,18,78.559337
2.7,18,78.5731
-7.05,18,78.586862
-7.9,18,78.600661
15.3,18,78.615711
-8.45,18,78.628515
11.75,18,78.6425
-7.4,18,78.656311
1.5,18,78.671988
13.75,18,78.687634
3.1,18,78.701153
13.15,18,78.758986
-8.1,18,78.773964
-8.1,18,78.789035
13.15,18,78.803118
2.6,18,78.821909
12.05,18,78.844019
-7.45,18,78.861527
12.65,18,78.880063
-8.65,18,78.893867
-9.5,18,78.909829
-8.65,18,78.923066
-8.9,18,78.935781
-7.9,18,78.948299
-8.5,18,78.961305
12.75,18,79.030402
-8.35,18,79.044809
-8.1,18,79.056669
-7.55,18,79.070334
-9.05,18,79.082372
2.6,18,79.096172
-9.65,18,79.107969
14.35,18,79.127491
11.8,18,79.141661
-8.75,18,79.160567
-8.7,18,79.185382
-8.1,18,79.200908
-8.05,18,79.216673
-8.4,18,79.239638
-8.25,18,79.382649
-6.8,18,79.418582
1.45,18,79.434424
-7.9,18,79.450215
-7.65,18,79.464184
-7.95,18,79.47927
-8.35,18,79.495683
-7.8,18,79.50747
-8.8,18,79.521532
-8.65,18,79.535335
-8.65,18,79.54713
-8.5,18,79.563108
16.25,18,79.613024
-9.3,18,79.613024
3.55,18,79.628922
-6.6,18,79.695301
-6.4,18,79.707422
-8.65,18,79.721242
14.05,18,79.733297
-6.15,18,79.74509
-8.75,18,79.768462
1.15,18,79.782224
-9.25,18,79.800476
-7.75,18,79.826906
12.4,18,79.846542
12.75,18,79.860304
-9.2,18,79.872063
-8.55,18,79.890666
-8.75,18,79.899375
-8.7,18,79.957357
3.0,18,79.969133
-8.55,18,79.986095
-8.65,18,80.000793
-8.1,18,80.014279
-8.5,18,80.028349
-7.75,18,80.042369
12.95,18,80.054387
2.15,18,80.066147
-8.7,18,80.081116
14.9,18,80.099852
-7.65,18,80.112349
-7.65,18,80.125401
-8.95,18,80.139881
-8.95,18,80.193743
11.85,18,80.208769
-7.85,18,80.222231
11.35,18,80.238628
14.85,18,80.252995
15.05,18,80.268282
11.95,18,80.286072
-7.85,18,80.301838
-8.15,18,80.321609
-6.2,18,80.343807
1.7,18,80.359823
-7.85,18,80.371876
12.35,18,80.384895
-5.45,18,80.39129
-8.05,18,80.450759
-7.45,18,80.467018
-7.05,18,80.482855
11.9,18,80.498753
-9.05,18,80.514523
-6.75,18,80.526539
-6.65,18,80.542508
12.8,18,80.556306
13.75,18,80.569989
2.45,18,80.58398
-8.4,18,80.595998
-7.55,18,80.609439
-6.6,18,80.62329
2.45,18,80.637053
11.35,18,80.646809
-8.8,18,80.736193
1.8,18,80.752937
-8.15,18,80.7683
-8.9,18,80.783153
-7.35,18,80.806358
2.6,18,80.825596
-9.1,18,80.841548
-6.9,18,80.857466
14.4,18,80.872808
-8.6,18,80.890234
12.7,18,80.903925
-9.55,18,80.916307
-7.85,18,80.997322
-8.05,18,81.012075
4.3,18,81.074633
-9.0,18,81.091716
-8.45,18,81.11581
1.8,18,81.133633
-5.35,18,81.155649
-7.75,18,81.17543
-8.8,18,81.202969
11.95,18,81.220374
13.75,18,81.234628
-7.8,18,81.24729
-9.05,18,81.260313
-7.6,18,81.272417
-7.2,18,81.284212
-7.4,18,81.294257
3.35,18,81.361111
1.65,18,81.374813
-8.7,18,81.388618
-8.25,18,81.402679
-7.55,18,81.418454
-8.2,18,81.431087
12.9,18,81.44661
-8.05,18,81.460111
1.65,18,81.475932
-8.4,18,81.488117
12.25,18,81.503076
-8.45,18,81.520566
-9.05,18,81.532742
-6.65,18,81.549188
-8.75,18,81.648489
1.35,18,81.677938
-7.75,18,81.710757
2.6,18,81.749739
2.3,18,81.782244
-8.55,18,81.794291
-8.45,18,81.815817
2.95,18,81.835589
13.0,18,81.84408
-8.5,18,81.859706
-8.65,18,81.868819
11.8,18,81.885282
1.9,18,81.885282
2.9,18,81.901044
-8.85,18,81.965693
-9.1,18,81.977818
-8.35,18,81.993583
14.1,18,82.007346
-8.2,18,82.020806
2.1,18,82.032823
13.55,18,82.048588
-8.05,18,82.068832
-9.1,18,82.096906
-8.55,18,82.1247
-9.05,18,82.136459
-8.05,18,82.156231
-7.05,18,82.16813
-7.95,18,82.18324
-8.0,18,82.402764
-9.3,18,82.456166
12.95,18,82.472367
11.35,18,82.484385
-7.95,18,82.49896
-7.55,18,82.51114
15.65,18,82.523593
3.0,18,82.536064
-8.85,18,82.547618
-8.7,18,82.561425
-7.75,18,82.577227
-6.75,18,82.591176
-8.65,18,82.607392
2.7,18,82.62124
12.05,18,82.639267
13.05,18,82.695814
-7.65,18,82.709195
-5.9,18,82.7239
-7.05,18,82.736212
-7.75,18,82.749233
-9.15,18,82.762995
-8.55,18,82.775013
-7.85,18,82.790778
13.35,18,82.808914
-7.95,18,82.82232
12.25,18,82.834195
-7.95,18,82.848216
-9.25,18,82.860234
-9.7,18,82.873996
14.7,18,82.931103
-7.85,18,82.94393
-5.75,18,82.958385
2.65,18,82.972913
12.7,18,82.986675
-9.15,18,83.002441
-8.85,18,83.017099
-7.55,18,83.03302
13.95,18,83.047305
1.7,18,83.060457
3.4,18,83.074038
-7.35,18,83.085989
-8.4,18,83.101028
3.8,18,83.114792
-9.15,18,83.194804
-7.75,18,83.212573
12.85,18,83.22678
11.65,18,83.240712
-7.75,18,83.255816
13.4,18,83.269717
-8.7,18,83.283849
-7.55,18,83.295608
-9.5,18,83.312299
-8.45,18,83.325494
-9.05,18,83.347528
-8.15,18,83.371377
-8.95,18,83.391149
11.2,18,83.402683
-7.05,18,83.412727
2.0,18,83.472711
-7.45,18,83.486474
-8.1,18,83.50068
14.7,18,83.513161
14.25,18,83.530189
13.05,18,83.543988
-9.0,18,83.55774
-6.65,18,83.571735
-8.9,18,83.591624
-8.85,18,83.610657
12.9,18,83.628052
14.35,18,83.652395
-8.9,18,83.666363
13.05,18,83.682087
12.15,18,83.748771
13.0,18,83.765127
-6.9,18,83.779417
-5.5,18,83.790583
13.2,18,83.802367
-7.85,18,83.816176
-6.95,18,83.827607
-8.75,18,83.851361
14.15,18,83.865868
-8.65,18,83.890296
-8.65,18,83.913112
-8.3,18,83.926874
-8.6,18,83.932904
-7.6,18,83.961311
-7.45,18,84.118402
-7.65,18,84.156425
-7.6,18,84.19095
-6.25,18,84.206318
14.45,18,84.217992
-6.9,18,84.239549
-9.4,18,84.260678
-7.9,18,84.27647
-7.75,18,84.289889
-9.25,18,84.308441
-8.85,18,84.327892
14.4,18,84.356783
12.85,18,84.374317
-6.35,18,84.396542
-8.35,18,84.516269
-7.85,18,84.548128
-9.3,18,84.569589
-8.15,18,84.585135
-8.45,18,84.603046
-7.65,18,84.616266
13.6,18,84.629967
11.6,18,84.641943
-7.7,18,84.655706
-8.4,18,84.668074
-8.4,18,84.681136
13.3,18,84.696938
13.9,18,84.710415
-9.4,18,84.722517
-8.35,18,84.775227
12.25,18,84.788748
14.25,18,84.806517
-8.1,18,84.816532
-8.05,18,84.830312
15.2,18,84.842535
4.55,18,84.855773
13.75,18,84.86783
12.85,18,84.88198
-8.4,18,84.895054
-7.7,18,84.9111
-8.8,18,84.924314
14.05,18,84.937392
-8.55,18,84.950323
-9.1,18,84.961372
-8.3,18,85.021796
4.3,18,85.07019
14.6,18,85.085955
-8.35,18,85.099717
-8.4,18,85.113478
-8.8,18,85.129242
-7.65,18,85.143922
-6.9,18,85.161479
-9.45,18,85.186033
-7.7,18,85.20403
-8.95,18,85.211605
-7.9,18,85.229414
4.15,18,85.240721
12.65,18,85.2508
-8.2,18,85.307381
-8.95,18,85.320911
12.0,18,85.336714
-8.75,18,85.35036
-9.55,18,85.365479
-8.25,18,85.383687
12.8,18,85.405463
2.1,18,85.427244
-8.25,18,85.449019
-7.45,18,85.46157
3.2,18,85.47485
13.0,18,85.490732
-8.55,18,85.499156
-8.55,18,85.52239
-9.0,18,85.602076
-8.6,18,85.623451
13.05,18,85.649395
-7.45,18,85.676311
12.4,18,85.700717
-8.55,18,85.712736
-8.95,18,85.726757
1.85,18,85.739705
-7.7,18,85.753728
-8.4,18,85.772377
-8.95,18,85.786514
-8.6,18,85.797897
-8.35,18,85.80616
-9.2,18,85.80616
-9.05,18,85.888175
-6.3,18,85.901197
13.95,18,85.914858
12.3,18,85.927145
-8.1,18,85.942793
-9.5,18,85.958558
-9.25,18,85.970577
1.55,18,85.993957
13.1,18,86.007955
-7.5,18,86.024211
-8.25,18,86.037974
-9.2,18,86.054062
-8.95,18,86.065821
-7.7,18,86.079842
-7.35,18,86.085592
-7.9,18,86.154968
-8.2,18,86.170743
13.15,18,86.184512
-8.85,18,86.203796
12.6,18,86.217146
12.25,18,86.233241
-8.25,18,86.247124
-8.9,18,86.259142
12.15,18,86.274908
-8.4,18,86.288706
-9.0,18,86.302408
-7.85,18,86.319716
14.6,18,86.33092
3.65,18,86.33922
-8.0,18,86.410492
-9.5,18,86.427226
-7.4,18,86.442378
-8.6,18,86.458272
2.4,18,86.485802
14.2,18,86.515599
-9.1,18,86.536626
-8.5,18,86.550004
-7.35,18,86.565457
-7.65,18,86.57922
-6.9,18,86.593098
-8.85,18,86.606922
12.05,18,86.606922
-8.55,18,86.630957
12.4,18,86.687486
-8.0,18,86.699245
12.25,18,86.719019
-8.85,18,86.746295
-9.0,18,86.763087
-7.1,18,86.775174
-8.75,18,86.788687
13.05,18,86.802494
-8.85,18,86.814551
12.1,18,86.828357
-7.15,18,86.842164
2.45,18,86.865948
-6.75,18,86.878289
-7.5,18,86.882552
-8.05,18,86.942209
13.15,18,86.961981
-5.7,18,86.974927
-9.05,18,86.989861
-7.05,18,87.003715
12.4,18,87.018027
-8.1,18,87.033792
11.75,18,87.047555
-8.0,18,87.065324
-8.85,18,87.07945
-8.8,18,87.094542
-9.4,18,87.106727
-8.55,18,87.118525
-8.85,18,87.134345
-8.85,18,87.188995
4.75,18,87.201573
12.55,18,87.21783
13.15,18,87.231978
-9.0,18,87.246102
-6.35,18,87.259866
-8.2,18,87.271625
12.75,18,87.28739
13.2,18,87.300453
-8.55,18,87.313008
13.25,18,87.328916
-8.2,18,87.34297
-4.4,18,87.358735
-8.15,18,87.373159
-9.1,18,87.385459
-8.7,18,87.449067
-7.8,18,87.46283
-6.85,18,87.475394
2.5,18,87.486912
13.7,18,87.506685
13.4,18,87.522799
-8.45,18,87.534957
3.85,18,87.549074
14.65,18,87.56284
-8.9,18,87.57596
-7.55,18,87.588374
12.15,18,87.6063
-9.0,18,87.623379
-7.6,18,87.635525
-8.05,18,87.738414
12.7,18,87.762311
3.6,18,87.780145
-9.45,18,87.80383
-8.75,18,87.821324
-8.05,18,87.841764
1.8,18,87.856056
1.65,18,88.109526
13.7,18,88.118585
-8.35,18,88.140132
-7.7,18,88.152791
-8.45,18,88.168121
2.45,18,88.177278
-8.15,18,88.193425
-7.15,18,88.246663
-7.65,18,88.262429
-9.6,18,88.276683
-8.85,18,88.290505
1.75,18,88.310929
-8.55,18,88.324822
-8.3,18,88.348601
-6.5,18,88.363647
-8.15,18,88.390077
1.95,18,88.4036
2.15,18,88.412035
11.2,18,88.429358
-5.75,18,88.443035
-7.95,18,88.458937
-9.2,18,88.577994
-7.8,18,88.600532
-9.05,18,88.623653
-7.7,18,88.65082
-8.35,18,88.683108
-8.7,18,88.709
3.35,18,88.724859
-8.45,18,88.744987
-8.6,18,88.756751
3.4,18,88.768769
-8.75,18,88.772516
-8.2,18,88.788396
-9.4,18,88.80647
-8.75,18,88.80647
-7.2,18,88.82708
13.1,18,88.888526
13.75,18,88.903889
-8.3,18,88.920441
-7.85,18,88.933799
-8.65,18,88.947944
-6.95,18,88.960143
-9.1,18,88.971904
-9.25,18,88.985105
-6.6,18,88.999163
12.0,18,89.01121
-8.1,18,89.030637
-7.9,18,89.041638
-7.0,18,89.055004
-8.8,18,89.068767
-8.85,18,89.141239
3.55,18,89.163
-7.15,18,89.175316
-9.25,18,89.187112
-7.6,18,89.200913
-9.2,18,89.212703
3.65,18,89.225984
-7.6,18,89.244327
13.3,18,89.259327
-7.95,18,89.272288
-6.75,18,89.286659
13.0,18,89.298419
-8.65,18,89.312205
11.8,18,89.324003
-6.9,18,89.385516
12.55,18,89.397629
-8.8,18,89.411436
-8.6,18,89.425242
2.65,18,89.437294
-7.9,18,89.455076
14.3,18,89.468087
-8.6,18,89.48037
13.2,18,89.493469
-8.7,18,89.50649
13.3,18,89.520253
-6.55,18,89.532012
-9.55,18,89.551783
-8.5,18,89.571318
-7.7,18,89.632434
-8.8,18,89.644234
-6.6,18,89.65629
-9.25,18,89.67792
-7.8,18,89.696228
-8.7,18,89.708319
-8.75,18,89.72131
-9.35,18,89.733559
-8.85,18,89.745298
1.85,18,89.761332
-8.9,18,89.783491
-8.25,18,89.799647
-6.8,18,89.814052
3.4,18,89.829803
-8.65,18,89.897469
-7.7,18,89.912647
12.8,18,89.93222
-7.25,18,89.950255
-8.75,18,89.962015
-9.1,18,89.975777
-8.55,18,89.989544
1.8,18,90.002457
-8.7,18,90.015636
-9.2,18,90.028196
-5.75,18,90.041718
-8.85,18,90.053737
-7.55,18,90.069502
-9.3,18,90.081261
-9.15,18,90.095022
-8.35,18,90.178565
15.0,18,90.204373
-7.3,18,90.21874
12.3,18,90.231806
-7.95,18,90.246505
-6.45,18,90.25953
-7.8,18,90.271289
12.85,18,90.283048
-8.6,18,90.300816
-8.95,18,90.317046
-7.55,18,90.328638
-6.25,18,90.343513
-9.55,18,90.356465
-8.4,18,90.36279
12.7,18,90.441725
-8.4,18,90.466971
13.7,18,90.483733
-7.65,18,90.497496
14.95,18,90.511259
-7.45,18,90.527494
12.1,18,90.541292
14.55,18,90.554659
13.55,18,90.566102
-7.55,18,90.579682
-7.9,18,90.593704
-8.85,18,90.605463
11.25,18,90.619224
-7.7,18,90.633507
14.25,18,90.711728
-8.9,18,90.727548
13.05,18,90.741341
-8.3,18,90.754571
-9.35,18,90.771081
-8.2,18,90.783645
-8.75,18,90.797283
-8.4,18,90.811304
-7.7,18,90.823063
-8.7,18,90.836825
-9.45,18,90.856596
-7.55,18,90.86889
-8.6,18,90.884423
-8.7,18,90.896615
12.3,18,90.967012
-7.3,18,90.983097
-7.25,18,90.997597
-9.3,18,91.011755
-6.65,18,91.025525
-8.5,18,91.037284
-8.2,18,91.051046
-8.95,18,91.063064
-8.3,18,91.078829
-7.45,18,91.092212
12.75,18,91.106483
-8.25,18,91.118796
14.35,18,91.132607
14.3,18,91.144404
-7.85,18,91.158211
-5.75,18,91.215232
-7.95,18,91.226992
-9.2,18,91.241013
-9.5,18,91.252772
-8.7,18,91.266538
-8.55,18,91.282305
-8.85,18,91.297456
-8.7,18,91.30866
13.75,18,91.322292
2.2,18,91.335547
-7.45,18,91.348558
-8.7,18,91.361771
-7.15,18,91.372817
12.7,18,91.388601
-7.6,18,91.447565
-9.05,18,91.461327
2.0,18,91.477091
11.6,18,91.494858
2.75,18,91.5085
-7.45,18,91.522486
3.0,18,91.536765
-8.8,18,91.548602
-7.75,18,91.56062
-9.0,18,91.57464
-9.15,18,91.588402
-8.7,18,91.609885
-8.7,18,91.623457
-9.55,18,91.635704
-8.15,18,91.687027
-8.8,18,91.702791
14.45,18,91.717877
-8.7,18,91.732002
-9.1,18,91.746818
-7.95,18,91.758771
-7.6,18,91.770568
13.9,18,91.784888
-8.65,18,91.796694
-7.8,18,91.82349
-8.5,18,91.83753
-7.95,18,91.850797
11.8,18,91.863818
-7.45,18,91.87578
-8.9,18,92.007804
15.0,18,92.035614
-9.55,18,92.059223
-8.85,18,92.079273
12.4,18,92.096785
-8.55,18,92.110805
-8.6,18,92.124567
-7.55,18,92.140331
3.05,18,92.152604
-9.05,18,92.166662
14.65,18,92.178214
-8.75,18,92.192236
-8.75,18,92.204617
12.5,18,92.220122
-6.05,18,92.276266
-9.35,18,92.288095
12.25,18,92.304295
3.1,18,92.323815
18.0,18,92.339585
-8.8,18,92.355623
-8.55,18,92.372128
11.85,18,92.387233
-8.35,18,92.400938
-7.25,18,92.415001
-7.45,18,92.4268
14.15,18,92.438855
11.55,18,92.452662
-8.9,18,92.468447
-7.9,18,92.487557
-8.1,18,92.545826
-5.55,18,92.557585
-7.35,18,92.575353
15.7,18,92.589029
-8.3,18,92.601875
-9.2,18,92.62573
-8.1,18,92.639491
13.75,18,92.65125
2.25,18,92.665272
-9.4,18,92.68705
-9.3,18,92.699305
-8.3,18,92.713469
-9.5,18,92.727276
3.25,18,92.733045
-8.85,18,92.792707
14.55,18,92.805927
-9.3,18,92.819497
-7.4,18,92.831779
13.5,18,92.843538
-8.8,18,92.859303
12.85,18,92.873064
0.9,18,92.885081
-7.3,18,92.90259
-7.5,18,92.914531
13.2,18,92.928401
13.15,18,92.940702
-8.85,18,92.95433
13.9,18,92.968352
-8.25,18,93.029555
-8.85,18,93.041906
11.35,18,93.055669
13.2,18,93.067427
-8.55,18,93.082894
1.75,18,93.095738
-8.45,18,93.1114
-7.7,18,93.125357
-9.2,18,93.138391
-7.95,18,93.152082
-6.5,18,93.164138
-6.35,18,93.177943
-8.2,18,93.190934
-8.05,18,93.204955
14.0,18,93.268561
-8.85,18,93.525434
-8.05,18,93.558245
-8.95,18,93.576888
-8.45,18,93.589043
12.9,18,93.599382
-7.55,18,93.599382
-8.7,18,93.615049
12.8,18,93.631168
-9.35,18,93.631168
12.9,18,93.656511
-9.05,18,93.668711
-7.55,18,93.681994
-7.95,18,93.690286
13.45,18,93.705952
-7.8,18,93.759754
-8.45,18,93.773021
-7.35,18,93.787502
-9.2,18,93.800201
3.65,18,93.812395
-7.05,18,93.830165
-8.35,18,93.843962
-8.25,18,93.857766
-9.2,18,93.876045
-9.0,18,93.889096
13.25,18,93.905634
-8.25,18,93.921432
-8.1,18,93.940914
-8.9,18,93.968754
12.1,18,94.144108
-7.15,18,94.172153
-8.85,18,94.183748
-7.8,18,94.205741
-8.35,18,94.221766
3.0,18,94.233725
-8.95,18,94.249499
-6.8,18,94.261564
-6.8,18,94.275326
-8.9,18,94.289092
12.7,18,94.303005
12.8,18,94.318497
-8.7,18,94.328258
-7.5,18,94.336526
12.9,18,94.399939
13.5,18,94.423979
-5.95,18,94.443808
-9.05,18,94.459732
-8.25,18,94.47637
-7.35,18,94.495699
-9.35,18,94.509748
-8.55,18,94.533641
-8.75,18,94.552637
-7.65,18,94.571797
-8.35,18,94.59157
-8.55,18,94.618818
12.4,18,94.618818
14.7,18,94.646592
-7.5,18,94.709555
13.2,18,94.731486
14.7,18,94.743747
-9.1,18,94.763131
-8.15,18,94.788578
1.7,18,94.803894
-8.85,18,94.827741
-7.85,18,94.854524
-6.3,18,94.869784
12.7,18,94.895658
-6.65,18,94.917461
11.75,18,94.945021
-7.9,18,94.965083
-9.3,18,94.991146
-5.9,18,95.068432
13.45,18,95.085902
2.1,18,95.099988
-7.8,18,95.119782
-8.25,18,95.135568
-6.85,18,95.149371
-7.55,18,95.165071
12.0,18,95.180633
13.9,18,95.197041
-7.2,18,95.224661
-8.75,18,95.241363
-8.85,18,95.262095
-6.8,18,95.285774
12.05,18,95.301539
-6.9,18,95.309963
-9.0,18,95.386901
12.95,18,95.402885
-7.75,18,95.416961
13.0,18,95.441756
11.55,18,95.46071
-7.2,18,95.472509
-9.3,18,95.497594
-7.7,18,95.511646
-9.0,18,95.525984
-8.8,18,95.539789
-6.8,18,95.553592
-8.05,18,95.574948
12.5,18,95.598469
-9.0,18,95.606975
12.4,18,95.666647
14.45,18,95.679256
-7.5,18,95.686347
-9.45,18,95.707978
11.85,18,95.724678
-8.85,18,95.75349
-7.45,18,95.772293
13.05,18,95.783153
-7.3,18,95.799823
-7.5,18,95.8106
12.25,18,95.825092
13.6,18,95.835181
-8.0,18,95.851175
12.95,18,95.851175
1.9,18,95.926851
-9.1,18,95.940346
12.55,18,95.954477
-8.3,18,95.970266
2.85,18,95.988356
12.65,18,96.002119
-8.8,18,96.029057
-7.6,18,96.055407
13.95,18,96.073785
15.05,18,96.090768
3.45,18,96.104836
-7.65,18,96.11609
-6.3,18,96.148452
-8.65,18,96.172373
-8.1,18,96.255016
-8.85,18,96.271074
-8.6,18,96.286999
12.7,18,96.303675
2.55,18,96.320446
-7.9,18,96.34072
-9.1,18,96.358348
-8.45,18,96.372678
-8.65,18,96.381274
-5.6,18,96.408902
-7.9,18,96.420827
-8.9,18,96.435883
-6.75,18,96.446262
-8.45,18,96.468276
3.9,18,96.485622
-8.15,18,96.582702
-9.05,18,96.616702
12.9,18,96.644718
-8.3,18,96.671691
-7.65,18,96.683728
13.05,18,96.695873
-8.3,18,96.710423
13.1,18,96.723681
14.0,18,96.737704
-7.3,18,96.751805
13.1,18,96.767899
11.9,18,96.789518
-7.25,18,96.800989
-7.7,18,96.8113
2.85,18,96.872082
-9.1,18,96.891076
-8.55,18,96.94025
-8.9,18,96.966077
13.85,18,96.983577
12.0,18,97.007845
-8.4,18,97.021039
-7.65,18,97.036698
-8.65,18,97.052101
-7.6,18,97.068089
-9.3,18,97.083755
-7.5,18,97.105207
-9.1,18,97.117701
-7.4,18,97.128034
-9.55,18,97.180655
-8.15,18,97.193677
-8.0,18,97.209453
-7.8,18,97.229384
1.95,18,97.243097
-8.85,18,97.261335
-7.65,18,97.272247
3.7,18,97.285269
2.6,18,97.299265
-7.6,18,97.3205
15.05,18,97.334384
-7.6,18,97.348312
12.1,18,97.361105
2.45,18,97.374127
-8.75,18,97.447779
-7.45,18,97.463469
-8.4,18,97.477032
-8.35,18,97.489478
-8.75,18,97.501514
-8.7,18,97.515297
-8.45,18,97.527056
15.95,18,97.541893
-5.75,18,97.559115
-9.15,18,97.578572
3.0,18,97.586864
3.05,18,97.608937
-6.45,18,97.622705
-8.7,18,97.634758
11.6,18,97.701884
13.1,18,97.721662
-7.45,18,97.729418
13.05,18,97.750053
-9.05,18,97.759087
14.05,18,97.790901
-7.0,18,97.805052
12.65,18,97.830005
-8.1,18,97.845023
-9.6,18,97.860379
-8.8,18,97.874781
2.9,18,97.888633
-8.35,18,97.901865
-7.25,18,97.913282
-6.9,18,97.923926
-8.45,18,97.994321
-7.65,18,98.009041
-8.15,18,98.031821
14.1,18,98.045076
14.7,18,98.064851
-8.8,18,98.086129
-8.05,18,98.108011
-8.4,18,98.119817
-9.3,18,98.133025
-8.8,18,98.14506
-9.05,18,98.15883
-8.55,18,98.176614
3.0,18,98.190393
-8.65,18,98.201639
-7.9,18,98.260736
2.65,18,98.272496
-8.75,18,98.288163
2.8,18,98.307369
-8.55,18,98.321824
-8.65,18,98.333863
11.75,18,98.351897
-8.65,18,98.367996
2.9,18,98.382637
-8.95,18,98.414001
-9.05,18,98.442
-8.95,18,98.464247
1.55,18,98.477317
-7.4,18,98.482549
14.3,18,98.563855
-8.35,18,98.58529
-9.15,18,98.606894
-7.65,18,98.630427
-8.6,18,98.651235
13.8,18,98.679463
12.85,18,98.706987
-8.65,18,98.721009
3.1,18,98.739846
-6.3,18,98.750353
-8.0,18,98.77706
-8.95,18,98.788088
-9.7,18,98.797883
-8.9,18,98.797883
1.85,18,98.86597
-7.05,18,98.878991
-8.25,18,98.893338
2.85,18,98.90686
-8.55,18,98.920796
-8.45,18,98.951315
11.0,18,98.978434
-8.95,18,99.006212
3.05,18,99.020712
12.3,18,99.040964
-8.9,18,99.063311
-8.6,18,99.087708
-8.0,18,99.103628
-8.8,18,99.119699
-8.3,18,99.153925
-8.85,18,99.2123
-8.8,18,99.228072
-8.8,18,99.236106
-6.75,18,99.255963
-8.25,18,99.270242
-8.6,18,99.279285
-9.05,18,99.297583
12.75,18,99.3097
-9.45,18,99.579883
12.25,18,99.588467
-9.2,18,99.596829
-9.25,18,99.605181
1.5,18,99.621328
2.15,18,99.637445
12.95,18,99.694402
1.1,18,99.707689
-7.95,18,99.720873
-6.6,18,99.733582
13.15,18,99.746945
-6.75,18,99.759942
-7.25,18,99.77242
-7.45,18,99.797579
-8.15,18,99.817607
-8.05,18,99.830018
-7.25,18,99.84706
-8.7,18,99.866771
-8.3,18,99.894386
15.7,18,99.91078
-8.85,18,100.014045
15.0,18,100.048984
-8.7,18,100.066055
13.0,18,100.094134
-7.45,18,100.09989
-8.65,18,100.121629
-7.75,18,100.136184
-6.15,18,100.151821
-9.45,18,100.151821
-8.35,18,100.167572
-8.5,18,100.19153
-8.55,18,100.199458
3.8,18,100.219778
13.6,18,100.232422
3.7,18,100.296142
14.6,18,100.352496
1.45,18,100.400211
12.2,18,100.433354
-6.3,18,100.449026
-7.25,18,100.463382
-8.35,18,100.475183
-7.3,18,100.487238
-8.55,18,100.491292
-7.5,18,100.507375
-8.05,18,100.507375
11.75,18,100.534992
-7.9,18,100.547297
3.55,18,100.558294
-8.7,18,100.621199
1.85,18,100.637921
-9.1,18,100.654721
-8.9,18,100.673359
-9.2,18,100.695961
13.2,18,100.720994
-6.65,18,100.759929
-8.9,18,100.783888
12.95,18,100.799924
2.3,18,100.813987
14.45,18,100.817994
-9.0,18,100.829433
-7.3,18,100.845085
13.85,18,100.863149
-8.3,18,100.876342
-8.0,18,100.922016
-8.35,18,100.936134
-8.5,18,100.96666
1.35,18,100.988662
-8.7,18,101.014219
-7.45,18,101.042407
-7.65,18,101.068551
-8.65,18,101.094479
-8.45,18,101.114228
-6.45,18,101.145659
-7.8,18,101.161385
-8.0,18,101.194817
-7.2,18,101.205019
-8.35,18,101.220767
-9.05,18,101.28312
-9.2,18,101.295432
-8.95,18,101.307474
12.8,18,101.323421
12.25,18,101.336402
-9.0,18,101.351429
12.8,18,101.363189
12.1,18,101.38096
-7.6,18,101.396936
13.2,18,101.41029
-7.75,18,101.421555
-7.65,18,101.434382
-7.05,18,101.446141
-8.25,18,101.458706
1.85,18,101.530341
-7.25,18,101.542871
-9.2,18,101.549334
12.2,18,101.571384
-8.5,18,101.587697
-7.55,18,101.601247
12.85,18,101.613547
-8.55,18,101.622029
-9.3,18,101.644126
13.05,18,101.655916
-8.45,18,101.669689
-7.25,18,101.681711
-9.15,18,101.695483
-5.85,18,101.709658
-8.45,18,101.761435
-7.6,18,101.775232
3.3,18,101.785276
-6.85,18,101.791041
13.25,18,101.832712
-6.9,18,101.848771
3.55,18,101.86079
-7.3,18,101.872811
-6.35,18,101.885412
-7.8,18,101.900437
13.8,18,101.91254
-9.15,18,101.925002
13.75,18,101.929675
-7.7,18,101.949655
-9.05,18,101.957683
-7.4,18,102.156215
13.7,18,102.172073
2.55,18,102.172073
-8.35,18,102.199607
-7.8,18,102.212727
14.75,18,102.225993
14.0,18,102.238187
-8.8,18,102.252716
14.7,18,102.265531
-8.65,18,102.265531
12.55,18,102.281459
-9.05,18,102.305683
-8.55,18,102.319446
-7.95,18,102.329484
13.25,18,102.411749
-7.3,18,102.425436
13.75,18,102.431187
-8.65,18,102.454747
-9.2,18,102.469864
-8.85,18,102.481272
1.75,18,102.500251
-8.5,18,102.518061
-8.05,18,102.532588
-9.4,18,102.544346
12.75,18,102.56011
2.75,18,102.570732
-9.4,18,102.584038
-9.0,18,102.607902
14.8,18,102.699218
2.6,18,102.726814
13.65,18,102.796383
-8.8,18,102.804748
1.75,18,102.820846
-8.25,18,102.840987
-7.2,18,102.85475
-8.55,18,102.864765
-8.25,18,102.888761
-8.85,18,102.903467
-8.8,18,102.918525
13.15,18,102.936595
-6.45,18,102.960824
13.9,18,102.98524
-7.8,18,103.054143
-8.6,18,103.065902
-8.8,18,103.07792
-9.15,18,103.103871
13.25,18,103.117517
-7.4,18,103.130787
-8.3,18,103.142805
-8.75,18,103.15282
-8.6,18,103.166582
13.4,18,103.180343
2.05,18,103.194106
2.35,18,103.207127
-9.2,18,103.220434
12.4,18,103.234734
13.25,18,103.287901
-8.95,18,103.303925
14.05,18,103.315314
-8.6,18,103.327829
-8.6,18,103.341552
-8.5,18,103.355867
11.4,18,103.369642
-7.6,18,103.38144
16.05,18,103.395504
-8.75,18,103.419258
-5.8,18,103.434564
-8.4,18,103.447173
-9.0,18,103.460738
-9.15,18,103.472535
-9.05,18,103.487405
-8.25,18,103.549565
-8.85,18,103.561717
-8.7,18,103.58148
-8.85,18,103.595243
-8.55,18,103.60726
-8.4,18,103.635473
12.65,18,103.662736
-8.25,18,103.688257
11.8,18,103.715778
-8.65,18,103.737215
-7.3,18,103.751998
12.8,18,103.765784
-6.05,18,103.774267
-8.8,18,103.790025
-8.55,18,103.848701
-9.1,18,103.862886
12.3,18,103.876533
15.15,18,103.890555
13.85,18,103.906323
-8.85,18,103.924095
-8.85,18,103.947241
-7.4,18,103.961303
-9.15,18,103.979847
-8.6,18,103.992331
3.9,18,104.00388
-8.75,18,104.018861
12.2,18,104.031207
14.55,18,104.045636
1.5,18,104.099368
12.85,18,104.112889
13.7,18,104.126651
-6.75,18,104.14442
-7.8,18,104.166077
-7.85,18,104.182023
-8.3,18,104.196311
-8.65,18,104.210194
13.0,18,104.223431
12.9,18,104.235484
-8.25,18,104.251098
13.15,18,104.265187
-8.95,18,104.279005
3.05,18,104.293118
-7.1,18,104.400579
15.15,18,104.432283
-9.05,18,104.465376
-6.65,18,104.478377
-8.6,18,104.49104
-9.05,18,104.499236
-8.1,18,104.507521
13.2,18,104.52318
-7.3,18,104.541008
-8.75,18,104.560416
11.85,18,104.578198
12.4,18,104.590927
14.2,18,104.602725
-6.55,18,104.620626
12.1,18,104.64442
-8.4,18,104.781979
-7.35,18,104.798009
-7.5,18,104.812195
-8.85,18,104.824535
-8.4,18,104.842106
-7.1,18,104.853868
-8.7,18,104.869634
-8.8,18,104.883397
-7.35,18,104.899165
-8.1,18,104.913999
-9.65,18,104.926255
-7.9,18,104.937345
-8.9,18,104.937345
3.15,18,104.953459
-8.8,18,105.036357
-8.5,18,105.044546
15.4,18,105.066992
13.2,18,105.080851
14.75,18,105.095876
-8.4,18,105.110452
14.85,18,105.124862
12.3,18,105.13932
12.2,18,105.15799
-6.35,18,105.171548
-7.05,18,105.191186
13.05,18,105.210974
13.5,18,105.226537
-8.1,18,105.246567
-5.65,18,105.307348
-7.45,18,105.624475
-9.0,18,105.636862
12.25,18,105.653034
-9.5,18,105.674188
-8.95,18,105.685128
-8.85,18,105.693375
-8.15,18,105.709416
-9.05,18,105.725081
12.95,18,105.725081
-9.2,18,105.741195
-6.7,18,105.76471
-8.1,18,105.77457
-7.3,18,105.788947
-7.85,18,105.838423
-8.45,18,105.852185
-8.35,18,105.864204
13.95,18,105.880727
-8.05,18,105.894031
-8.9,18,105.907249
-7.35,18,105.920091
1.65,18,105.935115
-8.2,18,105.952999
-8.55,18,105.971136
-5.5,18,105.986889
16.1,18,106.000151
13.05,18,106.012733
-6.9,18,106.025546
-9.25,18,106.097005
11.5,18,106.125424
-7.85,18,106.139937
-9.1,18,106.153501
-7.8,18,106.165298
-8.9,18,106.179104
12.05,18,106.193168
-8.95,18,106.213689
1.65,18,106.224744
-7.9,18,106.236237
-8.0,18,106.252497
14.2,18,106.263177
-8.3,18,106.27623
13.4,18,106.29003
-8.55,18,106.299848
-8.4,18,106.357901
-7.5,18,106.371662
-8.7,18,106.385454
-8.6,18,106.397247
-8.95,18,106.413039
-8.15,18,106.425804
-8.35,18,106.438826
-8.8,18,106.452469
-7.75,18,106.467972
-8.25,18,106.484031
-8.35,18,106.49579
-6.2,18,106.507809
-8.85,18,106.534241
-7.55,18,106.547345
-8.7,18,106.593215
1.9,18,106.605405
-8.75,18,106.622483
-8.35,18,106.635832
-8.45,18,106.648343
12.45,18,106.660628
-7.75,18,106.670958
-6.3,18,106.682431
13.85,18,106.694483
12.8,18,106.708276
-8.55,18,106.720063
-8.9,18,106.735875
-8.95,18,106.748663
-8.25,18,106.761312
-8.45,18,106.813359
-7.85,18,106.825345
-8.1,18,106.883166
13.05,18,106.910926
2.9,18,106.924686
12.6,18,106.93444
-8.55,18,106.950202
1.9,18,106.96515
-8.15,18,106.97817
2.75,18,106.990436
-9.35,18,107.003462
1.6,18,107.009471
14.6,18,107.02526
-7.85,18,107.040919
-9.5,18,107.120859
-8.15,18,107.142653
-7.45,18,107.168197
-7.9,18,107.194378
-8.75,18,107.232232
-8.7,18,107.271883
2.55,18,107.301472
-9.45,18,107.31518
11.4,18,107.32916
13.2,18,107.341284
-9.3,18,107.352252
-6.35,18,107.364114
-8.4,18,107.374157
12.85,18,107.386209
12.9,18,107.400166
-9.5,18,107.454333
-8.6,18,107.468509
-8.25,18,107.482029
-8.5,18,107.493341
13.25,18,107.509364
13.6,18,107.523494
-7.9,18,107.537241
-6.9,18,107.549905
-7.55,18,107.563461
-8.65,18,107.575496
13.05,18,107.587993
-7.65,18,107.601053
4.7,18,107.618847
3.6,18,107.630702
-8.8,18,107.685267
1.75,18,107.699073
-7.7,18,107.711127
-8.45,18,107.724905
11.7,18,107.73908
-7.8,18,107.751345
-7.5,18,107.764109
14.95,18,107.777128
-8.7,18,107.790888
4.45,18,107.802645
13.75,18,107.816663
-9.4,18,107.828421
-8.8,18,107.84235
-8.5,18,107.856447
12.2,18,107.911956
-7.6,18,107.927718
3.35,18,107.940375
-7.25,18,107.953732
2.05,18,107.968044
-7.05,18,107.981802
2.75,18,107.993559
-7.7,18,108.005317
13.2,18,108.019078
-8.35,18,108.034874
-7.75,18,108.049591
12.45,18,108.064342
-6.6,18,108.076557
-6.7,18,108.095797
-7.05,18,108.15509
-7.25,18,108.169445
-7.45,18,108.179756
-8.6,18,108.195679
-8.6,18,108.247781
2.55,18,108.259538
-9.3,18,108.278635
11.7,18,108.301082
-9.2,18,108.314843
-8.8,18,108.328603
-5.9,18,108.34036
-7.95,18,108.351364
-6.95,18,108.365722
-9.25,18,108.3763
-7.85,18,108.437763
13.7,18,108.457061
-8.8,18,108.480031
-7.2,18,108.496825
-8.5,18,108.512758
12.5,18,108.524806
14.9,18,108.536859
-8.95,18,108.550658
-9.8,18,108.56445
-7.55,18,108.582235
-7.6,18,108.597508
-8.6,18,108.609572
-7.35,18,108.62369
-8.65,18,108.633748
13.2,18,108.647338
-6.95,18,108.702977
3.45,18,108.716578
3.85,18,108.728336
15.05,18,108.742354
-7.3,18,108.754112
-9.5,18,108.769875
13.0,18,108.784077
-9.2,18,108.812875
-9.15,18,108.831949
-6.4,18,108.843836
-9.15,18,108.857596
12.85,18,108.871356
-7.9,18,108.883114
15.75,18,108.897124
-7.85,18,108.967584
11.95,18,108.981385
-7.75,18,108.995188
-8.65,18,109.010803
12.25,18,109.020817
-7.6,18,109.034385
-8.35,18,109.049625
2.55,18,109.063297
-8.05,18,109.081717
-8.15,18,109.097757
14.2,18,109.111559
13.5,18,109.128107
13.1,18,109.140375
-6.8,18,109.16782
-8.05,18,109.246695
-7.8,18,109.291008
-7.5,18,109.314825
-8.9,18,109.336747
14.15,18,109.369457
14.6,18,109.405887
1.95,18,109.417646
3.6,18,109.432442
13.6,18,109.445075
12.4,18,109.458546
12.75,18,109.473115
12.6,18,109.49481
-9.2,18,109.513512
-7.95,18,109.531321
12.6,18,109.729355
-8.15,18,109.788481
13.0,18,109.813882
-9.3,18,109.827658
13.55,18,109.840147
-9.3,18,109.852457
12.35,18,109.866044
-7.5,18,109.87784
-8.35,18,109.8919
12.9,18,109.907672
-9.35,18,109.92088
-8.3,18,109.929129
-7.9,18,109.937367
-9.25,18,109.953104
-5.5,18,109.953104
-9.05,18,110.021409
14.9,18,110.03244
-8.1,18,110.052228
16.85,18,110.066288
-7.4,18,110.091808
-7.4,18,110.101821
2.9,18,110.11558
-7.8,18,110.127742
-9.0,18,110.141198
-7.35,18,110.153339
-7.95,18,110.165133
13.25,18,110.177849
-9.15,18,110.190908
-8.7,18,110.202703
-9.35,18,110.25607
-8.4,18,110.268336
-9.2,18,110.282246
-8.0,18,110.294036
-9.0,18,110.307833
1.3,18,110.323626
-9.2,18,110.335864
13.4,18,110.351136
12.4,18,110.365169
-7.35,18,110.376053
12.55,18,110.388913
12.95,18,110.402198
12.25,18,110.415719
14.15,18,110.433499
-7.0,18,110.50562
-8.5,18,110.520653
-8.1,18,110.53929
-8.05,18,110.552242
-8.25,18,110.569351
14.45,18,110.586755
13.3,18,110.604566
1.6,18,110.626597
-9.3,18,110.650114
-8.7,18,110.665806
3.55,18,110.68046
-8.15,18,110.692606
1.7,18,110.704343
-9.2,18,110.704343
3.55,18,110.774724
-9.35,18,110.787293
-8.35,18,110.791312
13.05,18,110.813011
-8.7,18,110.824799
-8.75,18,110.838603
-7.75,18,110.860257
13.95,18,110.875646
13.05,18,110.888185
-7.6,18,111.149697
-7.95,18,111.165414
13.4,18,111.165414
4.55,18,111.179325
-8.75,18,111.203546
2.65,18,111.252574
-5.85,18,111.252574
-6.85,18,111.26863
12.2,18,111.287853
-6.6,18,111.302387
13.45,18,111.320702
-8.6,18,111.334128
-9.0,18,111.357809
1.8,18,111.37281
-7.65,18,111.39484
-8.1,18,111.410607
-7.6,18,111.425606
13.1,18,111.437752
-7.65,18,111.443498
11.9,18,111.455653
13.55,18,111.526858
-8.0,18,111.54432
-9.7,18,111.560467
11.95,18,111.576366
-8.75,18,111.588865
14.5,18,111.601777
-8.65,18,111.616325
-8.75,18,111.630853
-7.9,18,111.648015
13.2,18,111.658091
-9.1,18,111.673938
-7.05,18,111.69109
-9.05,18,111.705457
13.1,18,111.724443
-8.95,18,111.845285
-8.35,18,111.874686
2.05,18,111.891907
-8.75,18,111.905927
-9.15,18,111.919688
-8.15,18,111.931447
-8.5,18,111.947212
2.5,18,111.96814
-8.3,18,111.983295
2.7,18,111.985298
2.95,18,112.008991
-8.3,18,112.018749
-7.55,18,112.032601
2.65,18,112.04835
-8.95,18,112.170213
-9.5,18,112.192317
-8.3,18,112.228776
2.4,18,112.252323
12.45,18,112.268093
-8.65,18,112.282108
-8.45,18,112.303212
11.7,18,112.32803
2.75,18,112.351875
-8.8,18,112.388013
15.4,18,112.399695
-8.35,18,112.408133
-8.7,18,112.424225
14.8,18,112.424225
-8.0,18,112.507538
-7.85,18,112.519713
13.3,18,112.533474
-9.5,18,112.547234
-8.0,18,112.558991
11.55,18,112.57301
14.2,18,112.584766
-7.95,18,112.600529
-9.35,18,112.619596
-6.9,18,112.631756
-8.4,18,112.645656
-8.95,18,112.659416
-6.35,18,112.671173
-8.45,18,112.684932
-9.15,18,112.698692
-6.45,18,112.759002
12.95,18,112.772761
-8.25,18,112.78452
-6.65,18,112.798413
13.75,18,112.81434
-5.95,18,112.82626
13.1,18,112.840171
-6.7,18,112.851856
-8.55,18,112.851856
13.95,18,112.879734
-8.45,18,112.891751
-7.05,18,112.90348
-8.5,18,112.921519
2.45,18,112.939575
-8.7,18,113.00512
13.65,18,113.018882
-7.05,18,113.032641
-8.15,18,113.047063
-8.45,18,113.060461
-6.55,18,113.072115
12.7,18,113.086883
13.2,18,113.099917
-7.65,18,113.111934
17.25,18,113.12395
14.3,18,113.13771
-8.7,18,113.158591
-8.65,18,113.170992
-8.45,18,113.183222
-7.75,18,113.23863
-7.7,18,113.254109
-8.55,18,113.272099
-7.7,18,113.284095
14.7,18,113.295773
-7.9,18,113.311491
-9.15,18,113.323546
-8.85,18,113.337319
13.75,18,113.352629
-7.4,18,113.366667
-8.85,18,113.379992
-6.4,18,113.394875
-8.15,18,113.408917
-9.55,18,113.423549
-8.3,18,113.478432
-9.0,18,113.490406
-7.85,18,113.50242
12.05,18,113.521742
1.9,18,113.549853
-8.7,18,113.565923
13.5,18,113.581724
14.95,18,113.594352
-8.35,18,113.609384
-5.9,18,113.623388
-8.4,18,113.635404
13.8,18,113.648946
-8.85,18,113.684981
13.15,18,113.707386
11.85,18,113.769246
12.9,18,113.783047
-8.45,18,113.798021
-7.7,18,113.810026
11.9,18,113.825653
12.4,18,113.841672
-8.75,18,113.859501
2.7,18,113.877879
-8.0,18,113.893938
-8.55,18,113.909053
-7.6,18,113.923071
-7.9,18,113.936148
1.9,18,113.948953
-9.3,18,113.96304
12.3,18,113.970862
-6.75,18,114.041741
-9.25,18,114.05792
15.45,18,114.073688
-8.65,18,114.090768
1.85,18,114.134669
12.2,18,114.148757
-8.9,18,114.161326
-7.8,18,114.176023
-8.65,18,114.188039
-7.3,18,114.201798
-7.75,18,114.213555
-8.95,18,114.227315
-8.05,18,114.227315
13.9,18,114.248549
13.35,18,114.305872
-8.95,18,114.319631
13.85,18,114.333393
-7.55,18,114.353164
-8.25,18,114.371018
-8.25,18,114.385231
-8.4,18,114.399229
15.6,18,114.410986
-5.9,18,114.422744
-8.15,18,114.434501
-9.1,18,114.452265
-7.45,18,114.465172
4.0,18,114.478308
-6.4,18,114.490213
-8.2,18,114.620144
-7.9,18,114.633907
-7.15,18,114.647666
-8.4,18,114.661685
2.7,18,114.677453
-6.65,18,114.690144
-7.0,18,114.702473
-7.25,18,114.715805
-7.05,18,114.728688
-9.25,18,114.741968
-7.65,18,114.753984
12.6,18,114.766
-8.45,18,114.78856
-7.5,18,114.802395
-7.5,18,114.858666
3.75,18,114.870683
1.05,18,114.886447
-8.5,18,114.900622
-8.05,18,114.914225
-6.2,18,114.927282
-6.75,18,114.940303
4.5,18,114.952319
12.2,18,114.966079
-8.2,18,114.977837
-8.65,18,114.993599
2.5,18,115.006881
-8.5,18,115.054477
-8.65,18,115.068293
2.8,18,115.068293
12.65,18,115.136575
-8.6,18,115.148892
1.9,18,115.161886
-9.25,18,115.173903
-7.0,18,115.185918
1.9,18,115.199677
-7.0,18,115.217443
-8.9,18,115.231344
-9.1,18,115.245518
-7.05,18,115.261326
-7.0,18,115.275388
-8.3,18,115.287185
-9.25,18,115.298981
-7.15,18,115.316783
13.85,18,115.372818
2.75,18,115.385926
3.0,18,115.401992
-7.45,18,115.415789
-10.0,18,115.429154
3.0,18,115.443537
-8.3,18,115.455593
14.15,18,115.467659
15.05,18,115.48091
-9.05,18,115.496918
-6.85,18,115.510679
12.7,18,115.526441
14.65,18,115.541418
-9.05,18,115.552621
15.1,18,115.612152
-9.1,18,115.627956
-8.6,18,115.643129
-6.4,18,115.656149
-9.05,18,115.667957
-9.0,18,115.68194
-7.1,18,115.694967
12.15,18,115.708028
-8.7,18,115.721835
-8.65,18,115.73963
-7.6,18,115.754388
-8.75,18,115.766919
13.2,18,115.783067
-9.0,18,115.794823
15.7,18,115.872462
15.25,18,115.890717
-8.4,18,115.902151
1.95,18,115.914018
12.15,18,115.927777
15.1,18,115.943539
-9.25,18,115.958631
-8.75,18,115.97071
-9.35,18,115.982991
-8.4,18,115.995051
-6.5,18,116.00881
4.15,18,116.024573
2.3,18,116.039255
-8.7,18,116.059901
-8.8,18,116.117239
-8.75,18,116.129529
2.25,18,116.141634
12.9,18,116.157191
-6.6,18,116.170651
12.9,18,116.183755
-9.15,18,116.19908
-6.9,18,116.19908
-8.9,18,116.225597
-8.25,18,116.238659
-6.4,18,116.250455
-7.2,18,116.265208
-7.9,18,116.280066
-9.6,18,116.293336
-7.35,18,116.308071
-8.8,18,116.370661
-7.85,18,116.385283
-8.4,18,116.620797
-7.2,18,116.632746
-8.6,18,116.645521
3.2,18,116.645521
11.9,18,116.661618
12.85,18,116.679852
15.25,18,116.690871
12.95,18,116.703601
4.1,18,116.718432
-8.0,18,116.730424
-8.0,18,116.734441
-8.95,18,116.754369
-8.2,18,116.809678
14.1,18,116.823197
-7.15,18,116.836096
12.95,18,116.850417
12.75,18,116.863436
12.1,18,116.876423
13.85,18,116.889301
-6.9,18,116.903819
14.0,18,116.917626
-7.35,18,116.929998
-8.5,18,116.943369
13.85,18,116.957173
-7.75,18,116.969224
-8.25,18,116.983023
-6.4,18,117.05553
-7.55,18,117.069535
12.1,18,117.083606
1.6,18,117.107239
-8.65,18,117.12138
-7.05,18,117.133248
-8.05,18,117.144382
-9.3,18,117.160609
2.6,18,117.173648
-8.45,18,117.186669
-8.5,18,117.200429
-7.65,18,117.211356
-9.15,18,117.229381
-7.65,18,117.242342
-8.9,18,117.408789
-9.0,18,117.429577
-8.15,18,117.442945
-9.05,18,117.467969
12.6,18,117.482962
2.75,18,117.502828
3.1,18,117.522711
3.0,18,117.539612
-8.55,18,117.555793
-8.35,18,117.568799
2.3,18,117.583036
12.9,18,117.594447
-9.05,18,117.608615
13.2,18,117.6164
-7.7,18,117.6164
13.75,18,117.683739
13.45,18,117.705697
12.45,18,117.720562
12.5,18,117.78374
-9.15,18,117.798989
-9.1,18,117.811233
14.2,18,117.827106
-8.55,18,117.827106
-9.2,18,117.85123
-9.25,18,117.86499
11.95,18,117.874822
-7.4,18,117.874822
-5.45,18,117.902124
12.1,18,117.910398
-8.15,18,117.966366
-7.8,18,117.978179
-8.25,18,117.9942
13.95,18,118.00699
-8.55,18,118.019002
-8.8,18,118.031025
-7.55,18,118.042545
-8.95,18,118.054562
-8.9,18,118.066319
-8.35,18,118.078336
14.55,18,118.09128
-9.0,18,118.109305
-8.65,18,118.120189
-8.5,18,118.136194
-7.35,18,118.194039
-9.0,18,118.21355
12.4,18,118.236256
-9.35,18,118.24984
-9.45,18,118.263234
-7.5,18,118.291932
14.85,18,118.30369
1.85,18,118.322262
-7.3,18,118.334279
-8.1,18,118.3484
-8.55,18,118.364583
15.2,18,118.377609
-8.4,18,118.393926
-9.25,18,118.394963
-8.25,18,118.463509
12.9,18,118.476415
-6.85,18,118.487431
-7.05,18,118.501191
11.9,18,118.514763
-7.8,18,118.530785
-9.2,18,118.543828
-7.25,18,118.554708
-7.85,18,118.568452
-8.45,18,118.583529
-8.75,18,118.595664
-6.5,18,118.609728
-8.65,18,118.621538
-7.75,18,118.637335
2.0,18,118.693432
-8.25,18,118.705227
-8.55,18,118.719029
-8.75,18,118.734851
-7.3,18,118.746869
12.95,18,118.760845
14.5,18,118.776525
-8.25,18,118.789194
-7.7,18,118.801238
-8.55,18,118.813027
12.7,18,118.826552
-8.85,18,118.83857
-7.95,18,118.855079
-7.6,18,118.869128
13.45,18,118.881616
-6.0,18,118.971608
14.0,18,118.986707
-7.7,18,119.005438
-8.5,18,119.021209
-6.65,18,119.036186
-7.15,18,119.048108
11.85,18,119.060605
11.95,18,119.083484
-5.25,18,119.096718
-7.4,18,119.12265
14.0,18,119.124653
12.3,18,119.136684
-8.95,18,119.161063
-8.05,18,119.16842
11.9,18,119.25927
-6.4,18,119.281181
-8.85,18,119.307264
-8.0,18,119.328553
-8.75,18,119.358083
13.3,18,119.373968
-8.4,18,119.389983
-7.5,18,119.404674
-7.15,18,119.41812
11.95,18,119.433313
-7.5,18,119.445463
-7.95,18,119.455115
-8.25,18,119.455115
-8.85,18,119.470834
-8.35,18,119.536041
-7.8,18,119.551862
11.9,18,119.565324
-9.2,18,119.579754
-8.7,18,119.58997
14.85,18,119.601487
1.85,18,119.619259
-8.35,18,119.633674
12.15,18,119.649402
-9.25,18,119.662941
-8.0,18,119.674991
-8.85,18,119.688787
-9.3,18,119.700826
14.3,18,119.711995
-5.55,18,119.772574
11.1,18,119.788243
-7.75,18,119.801459
-8.0,18,119.813251
-8.4,18,119.828964
-7.45,18,119.838978
-8.9,18,119.85549
-6.45,18,119.867958
-8.25,18,119.879858
12.0,18,119.893661
-8.0,18,119.905458
-7.45,18,119.919197
-8.85,18,119.931247
13.0,18,119.948844
-6.5,18,119.960924
2.55,18,120.016462
13.05,18,120.028218
13.35,18,120.043982
-6.65,18,120.058623
-8.15,18,120.073691
-8.05,18,120.087314
-7.95,18,120.101335
-7.8,18,120.115109
13.0,18,120.128911
13.25,18,120.14096
12.75,18,120.158741
-8.6,18,120.170856
-8.8,18,120.184915
13.0,18,120.198689
-9.55,18,120.255803
-7.35,18,120.268977
-8.95,18,120.283621
-7.15,18,120.299887
-9.65,18,120.310534
-5.85,18,120.323554
3.05,18,120.337314
1.75,18,120.351334
1.9,18,120.367087
-8.8,18,120.382695
-8.6,18,120.406477
-9.0,18,120.42562
-7.8,18,120.438639
-8.75,18,120.444565
2.7,18,120.529831
-8.5,18,120.543639
-9.3,18,120.555986
-8.5,18,120.572759
-8.8,18,120.586176
2.2,18,120.600983
-9.2,18,120.615301
-8.65,18,120.627098
-7.3,18,120.640904
-6.5,18,120.652959
13.15,18,120.666763
-7.9,18,120.682548
-9.25,18,120.69519
-7.05,18,120.707765
-9.05,18,120.767269
-7.9,18,120.779063
-7.7,18,120.794853
-8.7,18,120.808593
-9.6,18,120.820934
14.1,18,120.835022
-8.4,18,120.849354
12.15,18,120.863156
-9.15,18,120.880961
12.4,18,120.894749
-6.9,18,120.909096
14.75,18,120.91991
-9.0,18,120.934158
15.2,18,120.947677
-9.2,18,121.003227
3.05,18,121.016523
-7.35,18,121.029435
-6.5,18,121.041294
-8.95,18,121.068879
12.8,18,121.078639
-6.75,18,121.096279
-8.65,18,121.110264
14.05,18,121.12438
14.6,18,121.144199
-8.75,18,121.16608
-7.85,18,121.183411
-8.8,18,121.196593
-8.0,18,121.202645
12.1,18,121.218316
2.4,18,121.402878
-8.5,18,121.416692
-8.5,18,121.428488
13.7,18,121.446289
-7.95,18,121.460114
-9.2,18,121.473614
-8.75,18,121.485695
-9.15,18,121.499455
-6.95,18,121.511473
-8.5,18,121.525233
11.95,18,121.538994
-6.85,18,121.554757
12.75,18,121.570824
-9.7,18,121.586674
-9.0,18,121.666563
11.7,18,121.691743
-6.4,18,121.737391
-6.45,18,121.766941
-7.7,18,121.791031
12.75,18,121.811923
-8.65,18,121.85044
13.05,18,121.883346
-7.25,18,121.893882
12.15,18,121.907692
11.6,18,122.143264
-8.55,18,122.151826
1.8,18,122.173439
-8.5,18,122.183868
-7.6,18,122.24431
12.0,18,122.258129
-7.4,18,122.27018
-6.7,18,122.285974
11.85,18,122.301739
-9.5,18,122.31577
-9.5,18,122.329648
-7.8,18,122.339702
-8.2,18,122.355096
-6.85,18,122.366854
-8.8,18,122.380606
-8.95,18,122.400435
-5.9,18,122.418449
-8.75,18,122.432672
11.75,18,122.542759
-8.95,18,122.574618
1.75,18,122.603251
-9.1,18,122.629895
-9.05,18,122.648555
12.05,18,122.662834
-8.6,18,122.685643
-8.9,18,122.708633
-6.75,18,122.723626
-8.75,18,122.737575
12.45,18,122.756066
12.45,18,122.772508
-7.2,18,122.788333
-7.8,18,122.804428
-8.3,18,122.838397
13.55,18,122.913076
-8.15,18,122.92513
-7.25,18,122.938935
15.0,18,122.952718
-7.8,18,122.963667
-6.45,18,122.976765
-7.05,18,122.992482
-7.7,18,123.010426
-8.95,18,123.030201
-6.4,18,123.045971
-8.2,18,123.068558
-8.8,18,123.083366
-8.0,18,123.097318
-8.65,18,123.109283
2.85,18,123.164301
16.2,18,123.177062
-5.4,18,123.240826
-8.5,18,123.270817
-8.8,18,123.319036
15.6,18,123.340834
11.95,18,123.354958
-8.85,18,123.370834
-8.95,18,123.398595
-8.4,18,123.420775
-8.7,18,123.451226
-7.55,18,123.476583
11.45,18,123.495501
-7.85,18,123.509543
-8.05,18,123.576625
-9.1,18,123.592411
-8.8,18,123.605817
-5.85,18,123.620444
13.3,18,123.634338
-9.5,18,123.646134
13.65,18,123.659934
13.0,18,123.671981
-9.4,18,123.683758
-9.1,18,123.703545
-9.3,18,123.723902
-9.1,18,123.736043
1.6,18,123.749804
3.85,18,123.761561
1.6,18,123.818659
-8.35,18,123.832908
-7.65,18,123.845205
2.85,18,123.859011
-8.45,18,123.871279
-8.8,18,123.882797
-8.1,18,123.900562
-7.65,18,123.91232
-8.55,18,123.926062
-8.0,18,123.942037
-7.65,18,123.956986
-9.25,18,123.970023
14.7,18,123.981815
13.4,18,123.999629
-7.4,18,124.066972
15.35,18,124.082758
-7.75,18,124.102537
-7.65,18,124.12367
-9.1,18,124.139857
13.8,18,124.154615
12.7,18,124.170269
2.85,18,124.183863
-8.1,18,124.197919
-7.65,18,124.211717
-9.55,18,124.2235
-8.3,18,124.241351
-9.0,18,124.254993
-7.6,18,124.263028
-7.7,18,124.263028
12.15,18,124.333818
13.1,18,124.347269
-9.75,18,124.361607
-8.9,18,124.375577
-8.4,18,124.389337
3.0,18,124.403098
1.8,18,124.440632
-7.8,18,124.454927
-5.6,18,124.466801
1.75,18,124.480742
-8.7,18,124.494503
-7.85,18,124.50626
-8.25,18,124.518017
-9.05,18,124.531654
11.95,18,124.739597
-9.5,18,124.771133
-9.0,18,124.794042
-9.4,18,124.811116
12.3,18,124.826051
-7.2,18,124.841902
-8.65,18,124.888475
12.1,18,124.9014
-7.85,18,124.919195
-9.2,18,124.934738
-8.45,18,124.934738
-7.85,18,124.950495
-9.1,18,124.96632
13.05,18,124.982161
3.65,18,125.148664
-7.55,18,125.172278
-7.8,18,125.194163
11.95,18,125.211967
2.55,18,125.228655
-8.6,18,125.246731
2.55,18,125.262754
-7.7,18,125.27477
15.15,18,125.286528
14.2,18,125.300288
12.85,18,125.318056
-9.8,18,125.329511
-8.2,18,125.343858
-8.3,18,125.349993
-8.7,18,125.405376
16.0,18,125.417392
-7.55,18,125.431151
-9.2,18,125.446697
12.95,18,125.460985
-8.15,18,125.474832
13.5,18,125.484845
-8.3,18,125.500496
-8.2,18,125.515337
-8.2,18,125.545184
-7.45,18,125.562022
13.35,18,125.57261
-6.6,18,125.57462
-6.45,18,125.59864
-7.25,18,125.606652
-8.85,18,125.704637
-8.0,18,125.720462
-7.7,18,125.732254
-8.55,18,125.750388
14.65,18,125.76439
15.55,18,125.775151
-9.35,18,125.790064
14.05,18,125.802169
-7.95,18,125.817928
2.55,18,125.839752
-7.05,18,125.855871
-8.85,18,125.869769
14.1,18,125.88129
-7.75,18,125.894603
13.15,18,126.131859
1.85,18,126.1554
-8.05,18,126.16916
-8.25,18,126.181176
-8.25,18,126.194937
-8.8,18,126.209012
-7.3,18,126.222291
13.05,18,126.23474
-6.5,18,126.248259
13.1,18,126.260015
-9.3,18,126.273774
14.75,18,126.28579
-8.0,18,126.289536
11.7,18,126.30669
-8.75,18,126.368541
-8.85,18,126.386059
2.75,18,126.403827
-8.05,18,126.422417
12.05,18,126.444744
-8.7,18,126.466454
-8.35,18,126.481519
2.45,18,126.493536
-8.75,18,126.507295
-8.25,18,126.526957
-8.55,18,126.54327
-7.5,18,126.555212
13.7,18,126.562954
-7.7,18,126.578639
13.6,18,126.634396
-7.9,18,126.655406
-7.95,18,126.678742
-9.05,18,126.700576
-6.35,18,126.716401
2.7,18,126.734189
12.7,18,126.748472
-9.1,18,126.757723
-8.55,18,126.773569
-7.2,18,126.787487
-9.2,18,126.799793
-8.9,18,126.817382
3.7,18,126.828399
14.55,18,126.855074
-8.05,18,126.920569
-8.45,18,126.942359
-8.8,18,126.968412
-8.65,18,126.986194
-6.5,18,127.000159
-8.8,18,127.014369
-9.0,18,127.027088
-8.35,18,127.039856
13.15,18,127.052207
1.7,18,127.071304
-8.35,18,127.086754
-7.2,18,127.104965
-7.4,18,127.122592
-8.75,18,127.122592
-8.15,18,127.143634
-7.4,18,127.202287
-8.7,18,127.21414
-8.25,18,127.228271
-8.9,18,127.242079
14.0,18,127.253874
-8.45,18,127.268563
-7.35,18,127.315227
-7.55,18,127.330048
-9.0,18,127.346035
-7.5,18,127.358051
13.95,18,127.371811
-8.55,18,127.385571
14.05,18,127.393249
-7.35,18,127.413123
13.05,18,127.467373
-8.25,18,127.479132
15.3,18,127.492893
-9.25,18,127.510661
-9.15,18,127.52423
-8.95,18,127.538738
-8.65,18,127.556959
1.55,18,127.572729
-8.05,18,127.585897
-7.45,18,127.597914
-8.0,18,127.613677
-7.75,18,127.629232
-8.95,18,127.643338
-9.25,18,127.655023
-8.85,18,127.709352
-8.35,18,127.732281
-7.8,18,127.745403
-8.85,18,127.769935
-9.0,18,127.782072
12.8,18,127.794126
-8.65,18,127.807931
-7.7,18,127.828683
-8.35,18,127.846717
-8.4,18,127.859863
-9.1,18,127.873659
-9.35,18,127.885379
-9.65,18,127.899399
-7.85,18,127.903146
12.95,18,128.170042
-7.8,18,128.212846
-9.05,18,128.232482
-8.8,18,128.510019
13.15,18,128.530428
2.15,18,128.546511
13.15,18,128.546511
12.9,18,128.562723
12.45,18,128.578858
-8.05,18,128.597569
-7.45,18,128.610374
14.0,18,128.622194
-8.65,18,128.686013
-7.8,18,128.72553
2.8,18,128.751143
-6.65,18,128.8201
-8.3,18,128.841417
12.3,18,128.866155
-8.2,18,128.898101
11.75,18,128.924699
-6.0,18,128.943404
-8.55,18,128.956246
-7.5,18,128.969834
-7.95,18,128.978879
12.65,18,128.998475
-7.75,18,129.008528
-8.45,18,129.024226
13.05,18,129.034577
-8.55,18,129.040647
-6.7,18,129.100021
-8.2,18,129.116066
-8.3,18,129.130202
-7.45,18,129.146743
-8.85,18,129.162146
-7.5,18,129.174164
-8.85,18,129.187961
1.6,18,129.203772
-7.4,18,129.222975
-7.6,18,129.237733
3.75,18,129.252693
14.95,18,129.265627
-7.9,18,129.278644
-8.8,18,129.288399
11.85,18,129.389512
11.75,18,129.407483
-7.85,18,129.452714
13.75,18,129.467298
15.2,18,129.480958
-8.95,18,129.497113
-8.85,18,129.510883
16.0,18,129.526967
-6.45,18,129.552635
-8.85,18,129.563511
-7.05,18,129.571744
-7.65,18,129.587631
-9.15,18,129.603495
-7.65,18,129.619299
-9.15,18,129.675022
13.5,18,129.684961
12.2,18,129.704553
1.95,18,129.725288
-8.0,18,129.736528
13.35,18,129.759004
12.85,18,129.77596
-7.95,18,129.791171
-8.8,18,129.824255
-7.1,18,129.851709
-6.8,18,129.864451
-8.55,18,129.883078
-9.05,18,129.902521
12.35,18,129.913714
-9.75,18,129.985802
-5.55,18,130.005999
-8.9,18,130.027296
-7.7,18,130.043126
-8.45,18,130.056928
-8.2,18,130.070719
1.65,18,130.08474
-8.45,18,130.100206
14.25,18,130.117777
-5.75,18,130.129296
12.45,18,130.145343
-8.9,18,130.160709
-7.85,18,130.174863
13.2,18,130.188784
12.25,18,130.203982
-8.75,18,130.331289
12.55,18,130.378811
2.35,18,130.434592
4.3,18,130.491192
-9.15,18,130.526074
-8.25,18,130.56099
2.7,18,130.578856
2.1,18,130.590907
-8.25,18,130.600693
-7.6,18,130.613992
13.8,18,130.628386
-8.7,18,130.642002
13.65,18,130.656095
-9.05,18,130.668611
-7.6,18,130.733878
-9.15,18,130.752679
2.65,18,130.775822
13.8,18,130.805488
-8.35,18,130.831209
-7.85,18,130.869219
-7.55,18,130.896126
-9.3,18,130.918642
-7.2,18,130.929802
1.75,18,130.94385
3.65,18,130.95998
-7.45,18,130.98372
12.95,18,130.999896
-8.1,18,131.017578
11.65,18,131.137372
-8.5,18,131.152611
-8.45,18,131.164662
-7.4,18,131.182389
2.25,18,131.195517
-7.5,18,131.209827
3.0,18,131.22416
-8.45,18,131.238462
-7.6,18,131.250518
-7.65,18,131.264278
-8.9,18,131.276295
14.15,18,131.292058
13.1,18,131.306805
1.95,18,131.319033
-8.35,18,131.403551
-7.35,18,131.427986
12.5,18,131.443704
-8.6,18,131.460063
14.0,18,131.473886
11.65,18,131.487258
-8.3,18,131.537913
-7.8,18,131.552293
-6.6,18,131.565313
15.15,18,131.585102
-7.95,18,131.596901
12.1,18,131.602694
12.95,18,131.618425
12.1,18,131.64298
-8.95,18,131.654382
3.0,18,131.709454
-8.5,18,131.723474
14.05,18,131.739268
11.95,18,131.752605
-7.8,18,131.765508
-7.85,18,131.789356
12.75,18,131.807895
-9.3,18,131.822917
-8.2,18,131.84306
-7.55,18,131.857155
-7.9,18,131.87056
-8.6,18,131.884652
-7.95,18,131.898425
-7.65,18,131.908469
-9.15,18,131.970412
-7.7,18,131.983873
12.0,18,131.998461
-6.7,18,132.011982
-7.5,18,132.027745
2.5,18,132.04551
-8.85,18,132.064921
13.35,18,132.077396
-8.3,18,132.092691
13.55,18,132.104873
13.85,18,132.118396
12.55,18,132.130825
3.5,18,132.143749
-7.7,18,132.156833
3.5,18,132.215396
-6.85,18,132.227184
-8.55,18,132.241066
-9.6,18,132.255163
-9.1,18,132.269184
2.5,18,132.284558
-8.7,18,132.298473
-9.15,18,132.310569
12.9,18,132.328871
-6.2,18,132.342632
13.05,18,132.354649
-7.6,18,132.368409
-8.55,18,132.386174
-7.65,18,132.398234
13.3,18,132.471986
-7.5,18,132.497392
-8.65,18,132.519116
11.7,18,132.539001
-7.9,18,132.553066
-7.7,18,132.569323
-8.3,18,132.578983
-9.3,18,132.598676
-8.9,18,132.616112
-8.4,18,132.629878
-9.05,18,132.65392
-8.8,18,132.677813
1.75,18,132.693812
-8.8,18,132.719478
-8.85,18,132.898188
-7.95,18,132.949438
1.2,18,132.973257
-7.1,18,132.987018
3.15,18,132.999034
2.35,18,133.010316
12.2,18,133.03371
1.95,18,133.048815
-8.0,18,133.061271
12.35,18,133.074791
-8.2,18,133.086807
-8.8,18,133.092556
-8.9,18,133.104537
-8.85,18,133.120588
-7.5,18,133.120588
-7.6,18,133.193242
-8.4,18,133.206402
-7.35,18,133.2174
-7.3,18,133.23484
-9.15,18,133.252711
-8.6,18,133.266646
-7.15,18,133.280562
12.95,18,133.296953
-7.15,18,133.310347
12.5,18,133.324107
14.45,18,133.338154
1.55,18,133.355627
-9.2,18,133.36722
-6.6,18,133.379453
-7.05,18,133.437289
-9.05,18,133.454893
3.6,18,133.468598
11.5,18,133.48272
-6.75,18,133.498675
-8.55,18,133.511342
-8.65,18,133.524633
13.3,18,133.53626
11.95,18,133.549455
-9.05,18,133.566475
-8.15,18,133.581958
14.2,18,133.596264
-7.5,18,133.608613
-8.85,18,133.62741
-9.25,18,133.71155
-9.35,18,133.727304
4.7,18,133.740207
-8.6,18,133.75423
2.95,18,133.767496
-8.0,18,133.782388
-7.65,18,133.798265
-8.95,18,133.809717
-5.25,18,133.822331
-8.5,18,133.836091
-9.05,18,133.851389
-8.3,18,133.863191
13.45,18,133.87734
-7.4,18,133.893106
-7.8,18,133.954861
-8.3,18,133.968623
3.4,18,133.982384
-9.6,18,134.002159
12.0,18,134.01579
-8.0,18,134.029843
-8.3,18,134.041317
-9.15,18,134.05534
-7.75,18,134.0671
-8.3,18,134.080872
14.55,18,134.136947
-7.75,18,134.150354
13.8,18,134.158696
-7.8,18,134.158696
2.4,18,134.174839
2.75,18,134.241873
-8.4,18,134.253973
-9.4,18,134.267734
12.25,18,134.289519
-6.35,18,134.303283
-8.65,18,134.325062
13.2,18,134.340451
-7.05,18,134.353477
12.5,18,134.36582
2.15,18,134.380259
4.65,18,134.637187
-8.5,18,134.637187
13.05,18,134.664523
12.6,18,134.673033
-8.0,18,134.732594
-4.55,18,134.74836
-9.05,18,134.764442
3.15,18,134.778651
-8.4,18,134.791773
13.05,18,134.805381
14.35,18,134.821268
-8.5,18,134.836508
13.7,18,134.848526
-8.7,18,134.864295
-7.05,18,134.878417
14.15,18,134.890901
-9.3,18,134.903316
14.1,18,134.916834
13.25,18,134.975246
-8.45,18,134.987264
-8.0,18,135.003644
2.9,18,135.017873
-9.4,18,135.033491
13.9,18,135.047128
13.9,18,135.059145
11.2,18,135.078883
1.95,18,135.100913
4.55,18,135.113883
-8.4,18,135.127443
-8.35,18,135.141986
-5.75,18,135.155005
-8.3,18,135.168766
-8.75,18,135.239712
-8.35,18,135.259614
-6.7,18,135.272761
-7.95,18,135.289436
-6.4,18,135.303729
1.25,18,135.318692
14.15,18,135.331807
2.05,18,135.343272
-9.75,18,135.351286
-8.7,18,135.369044
3.05,18,135.378862
11.95,18,135.399338
14.05,18,135.415637
-8.75,18,135.429825
-8.75,18,135.631284
-8.95,18,135.661575
-8.8,18,135.676781
12.85,18,135.688855
-9.25,18,135.702874
-6.65,18,135.720816
13.3,18,135.736581
-6.55,18,135.755978
-6.8,18,135.771136
-8.55,18,135.785968
-7.85,18,135.798811
-8.3,18,135.810724
2.8,18,135.828232
-6.85,18,135.840552
-7.65,18,135.840552
-8.7,18,135.905811
13.1,18,135.91933
-7.9,18,135.931086
-6.9,18,135.949003
-8.15,18,135.960553
-9.35,18,135.974732
12.1,18,135.987001
-8.9,18,136.00052
12.2,18,136.012537
-8.0,18,136.026296
-9.65,18,136.040055
-8.9,18,136.057818
-6.95,18,136.069983
-8.9,18,136.083856
-8.4,18,136.13745
-6.9,18,136.153212
-8.75,18,136.167768
-8.15,18,136.180921
-8.6,18,136.195386
-9.55,18,136.20991
-9.1,18,136.221427
2.85,18,136.233824
1.55,18,136.246558
-8.85,18,136.259517
-8.25,18,136.273162
-6.55,18,136.285318
-6.35,18,136.298326
-8.6,18,136.314656
-7.35,18,136.374049
-8.85,18,136.386988
-7.05,18,136.400008
1.8,18,136.413295
-8.1,18,136.426105
-8.25,18,136.441772
12.2,18,136.453788
11.85,18,136.466213
-8.05,18,136.482269
-9.75,18,136.4954
-9.05,18,136.50656
-8.0,18,136.518572
14.4,18,136.532334
17.0,18,136.544353
15.1,18,136.60575
-8.75,18,136.619373
-8.2,18,136.633341
-8.85,18,136.647102
-8.85,18,136.660862
-9.05,18,136.674621
13.0,18,136.690463
13.95,18,136.702856
11.65,18,136.718524
-8.75,18,136.73139
-7.5,18,136.742926
2.95,18,136.756944
-7.35,18,136.768705
13.55,18,136.782464
12.55,18,136.796222
-8.95,18,136.853484
1.85,18,136.866026
-9.5,18,136.879548
-9.1,18,136.891305
-8.85,18,136.907068
-8.25,18,136.92217
-8.9,18,136.936472
-8.65,18,136.953462
-9.15,18,136.969027
-7.75,18,136.980808
13.15,18,136.992824
-7.8,18,137.006444
-9.05,18,137.022467
12.1,18,137.038276
12.85,18,137.111383
-8.35,18,137.123399
-7.3,18,137.14132
-7.65,18,137.154751
-8.65,18,137.169033
-8.7,18,137.182847
-9.0,18,137.194863
-8.8,18,137.210626
-8.6,18,137.226388
-9.15,18,137.240153
12.8,18,137.253039
1.8,18,137.272496
-9.05,18,137.284565
-8.5,18,137.298326
12.6,18,137.401295
1.8,18,137.421077
-6.4,18,137.432838
-7.7,18,137.446858
-8.4,18,137.465751
3.0,18,137.47829
-7.35,18,137.492143
13.8,18,137.504206
12.3,18,137.515963
-8.95,18,137.529722
-7.1,18,137.541479
-9.35,18,137.553494
-8.2,18,137.569152
-9.3,18,137.585189
13.0,18,137.662219
-8.05,18,137.702487
-9.15,18,137.725327
-8.75,18,137.738848
-6.95,18,137.752608
-8.65,18,137.770372
-8.4,18,137.782071
12.1,18,137.797259
-8.1,18,137.809331
-9.2,18,137.823034
-7.7,18,137.835051
13.85,18,137.846808
13.85,18,137.854507
3.55,18,137.854507
-8.9,18,137.924548
-6.75,18,137.937611
-9.5,18,137.952634
14.9,18,137.96045
-7.75,18,137.983606
1.65,18,138.00019
-7.9,18,138.014843
-6.9,18,138.0271
-8.9,18,138.038857
-8.35,18,138.050614
-8.1,18,138.063632
-8.85,18,138.077189
-8.05,18,138.092712
-8.05,18,138.103867
-8.9,18,138.118348
-9.5,18,138.18125
14.4,18,138.202775
-8.95,18,138.217239
-8.35,18,138.231366
2.1,18,138.24713
-7.55,18,138.258887
-7.45,18,138.270905
-8.55,18,138.284665
-8.45,18,138.299709
-8.65,18,138.312203
-9.55,18,138.330032
-7.65,18,138.342048
-8.7,18,138.355808
12.6,18,138.367565
1.75,18,138.446023
-9.45,18,138.465944
-8.55,18,138.47796
-6.3,18,138.489717
-8.7,18,138.505273
12.65,18,138.517964
13.8,18,138.530787
2.75,18,138.541139
12.05,18,138.560878
-7.3,18,138.57464
-8.7,18,138.589552
-9.65,18,138.602918
-9.0,18,138.616901
15.1,18,138.628394
-7.45,18,138.693628
13.0,18,138.717423
12.15,18,138.749831
-7.95,18,138.764793
15.05,18,138.770801
-7.15,18,138.790597
-8.95,18,138.804359
-8.75,18,138.81812
12.0,18,138.830136
-9.3,18,138.843782
-7.95,18,138.857645
-8.7,18,138.871679
-7.65,18,138.884192
11.4,18,138.889492
1.7,18,138.948938
12.9,18,138.964024
1.6,18,138.976969
13.35,18,138.990536
-8.95,18,139.004556
-9.25,18,139.018316
-7.85,18,139.030333
1.6,18,139.042091
-7.7,18,139.04784
-8.6,18,139.070689
13.85,18,139.085979
12.3,18,139.097906
-7.7,18,139.111667
-8.5,18,139.123424
-9.1,18,139.139194
12.85,18,139.203207
-8.7,18,139.213105
12.0,18,139.231021
-9.0,18,139.243038
13.15,18,139.256798
11.15,18,139.270558
-8.6,18,139.28531
-8.65,18,139.300248
-7.45,18,139.312895
-9.05,18,139.325915
-7.4,18,139.337672
-8.65,18,139.351434
-8.75,18,139.363449
-9.0,18,139.37921
-8.25,18,139.439211
-6.3,18,139.452971
2.8,18,139.464987
-9.15,18,139.476744
-6.6,18,139.496353
12.6,18,139.508602
-8.35,18,139.521041
-9.4,18,139.53432
-8.25,18,139.548804
-6.55,18,139.602766
-7.75,18,139.616677
12.05,18,139.633927
-7.3,18,139.633927
14.25,18,139.649787
-8.1,18,139.709048
-8.8,18,139.719042
-9.45,18,139.741999
13.3,18,139.757557
-7.5,18,139.994687
13.45,18,140.020593
-9.45,18,140.043096
-8.25,18,140.059747
-9.1,18,140.065141
-7.9,18,140.091223
-8.25,18,140.108915
3.85,18,140.122723
-9.2,18,140.143695
-8.0,18,140.154984
-8.85,18,140.218676
-9.25,18,140.233624
-8.3,18,140.24837
-8.8,18,140.26371
-5.8,18,140.275753
12.3,18,140.291616
-7.3,18,140.305883
1.65,18,140.319547
-8.95,18,140.334908
-9.1,18,140.354564
13.85,18,140.370432
-8.45,18,140.385044
-8.35,18,140.399791
2.9,18,140.412814
4.8,18,140.491225
-7.75,18,140.508497
-8.8,18,140.522705
-8.15,18,140.536243
-9.4,18,140.552045
17.55,18,140.56609
-7.5,18,140.580863
-8.65,18,140.586999
1.75,18,140.605475
-8.4,18,140.621057
-8.85,18,140.642772
-8.75,18,140.671306
-7.45,18,140.681711
-9.35,18,140.698053
-8.45,18,140.714098
-7.75,18,140.840417
2.8,18,140.884311
-8.5,18,140.914175
2.35,18,140.963632
13.0,18,140.982941
13.3,18,140.997646
-8.55,18,141.010881
2.7,18,141.019348
3.8,18,141.035409
-8.5,18,141.055038
-6.5,18,141.083103
2.6,18,141.11206
12.3,18,141.138174
-7.8,18,141.160079
-8.3,18,141.263937
-8.65,18,141.297313
14.05,18,141.326847
11.75,18,141.350004
-8.8,18,141.363117
-8.5,18,141.385412
-9.25,18,141.394501
-7.9,18,141.414152
1.95,18,141.426434
14.3,18,141.446212
-9.1,18,141.458873
-8.7,18,141.46733
-7.85,18,141.483279
-7.5,18,141.499072
-7.75,18,141.593731
-7.4,18,141.625807
-6.8,18,141.664897
-8.5,18,141.686081
12.15,18,141.701827
-8.8,18,141.717976
-8.05,18,141.737569
-8.8,18,141.766398
-9.0,18,141.778667
-9.65,18,141.79092
13.0,18,141.801209
11.8,18,141.809038
14.45,18,141.817056
3.9,18,141.833059
-7.95,18,141.90208
-8.55,18,141.917659
2.75,18,141.934901
-6.85,18,141.956589
12.85,18,141.982385
14.9,18,142.000671
-7.9,18,142.028848
-6.55,18,142.04925
-6.85,18,142.062809
12.2,18,142.074862
-5.15,18,142.087729
-9.55,18,142.101105
13.65,18,142.11204
-8.6,18,142.12022
1.85,18,142.128488
-8.45,18,142.275218
-7.4,18,142.322457
13.1,18,142.338307
-8.35,18,142.346548
-7.25,18,142.366261
-8.2,18,142.382338
-7.9,18,142.394205
-8.75,18,142.414786
13.05,18,142.429022
-7.95,18,142.442611
-5.85,18,142.457861
14.3,18,142.490182
-9.3,18,142.505374
-7.55,18,142.532351
-8.95,18,142.592332
-8.0,18,142.605914
-7.7,18,142.620429
13.2,18,142.635951
12.65,18,142.659876
-8.4,18,142.676714
13.1,18,142.694673
-7.7,18,142.708362
-9.1,18,142.724275
-7.8,18,142.740096
-7.3,18,142.768499
-7.5,18,142.785113
-5.45,18,142.814625
12.1,18,142.830526
11.65,18,142.990788
-8.4,18,143.00907
-7.9,18,143.029391
-8.8,18,143.041079
-8.85,18,143.043082
-7.9,18,143.065399
-8.8,18,143.079394
3.75,18,143.096566
12.75,18,143.105761
12.4,18,143.114058
-8.2,18,143.129966
-8.5,18,143.146061
-8.3,18,143.146061
-8.85,18,143.166069
-7.8,18,143.238521
12.65,18,143.259813
-8.35,18,143.27386
12.15,18,143.291759
-8.15,18,143.303799
-6.95,18,143.317844
-8.1,18,143.338658
-8.25,18,143.353532
-6.5,18,143.373563
-9.75,18,143.387588
-9.0,18,143.405363
3.15,18,143.421409
-8.3,18,143.433066
-8.85,18,143.446093
14.1,18,143.527922
-7.8,18,143.542238
12.2,18,143.554939
14.45,18,143.567958
-8.55,18,143.581977
-9.2,18,143.595739
13.65,18,143.607538
-8.8,18,143.62204
-8.3,18,143.679821
-8.95,18,143.707105
12.9,18,143.724637
-7.75,18,143.74352
-6.8,18,143.76362
-8.25,18,143.780396
-8.35,18,143.792526
-8.8,18,143.851094
-8.7,18,143.863322
14.55,18,143.877875
-8.95,18,143.891758
1.55,18,143.907497
-8.5,18,143.921458
-9.05,18,143.933926
-9.0,18,143.949692
-9.5,18,143.961962
14.6,18,143.976797
2.55,18,143.988715
12.7,18,144.00553
12.25,18,144.013052
-8.5,18,144.032741
-9.0,18,144.087593
13.15,18,144.098897
12.85,18,144.106971
-7.6,18,144.13254
-8.9,18,144.146563
-8.45,18,144.158322
-8.95,18,144.175901
-8.75,18,144.191626
-6.55,18,144.204797
2.85,18,144.217496
-7.95,18,144.229118
12.95,18,144.243141
-9.55,18,144.255159
-9.05,18,144.266922
-7.45,18,144.333486
-9.55,18,144.35127
-6.55,18,144.367044
-6.6,18,144.38281
12.6,18,144.396255
-7.9,18,144.408826
-9.45,18,144.41958
-8.6,18,144.437037
-8.05,18,144.449546
-7.95,18,144.451049
-8.35,18,144.4671
-8.3,18,144.491767
1.9,18,144.506201
12.0,18,144.520036
13.2,18,144.610316
12.8,18,144.635382
-7.45,18,144.655116
-8.75,18,144.670407
1.85,18,144.682429
-6.75,18,144.695584
-9.1,18,144.712158
-9.15,18,144.729588
-7.7,18,144.742415
-7.3,18,144.756274
-8.0,18,144.770154
-8.05,18,144.784175
-8.25,18,144.795933
-6.4,18,144.797938
-8.7,18,144.811713
-9.5,18,144.954369
-8.9,18,144.975564
-7.35,18,144.988873
14.1,18,145.043809
-8.8,18,145.058942
-7.05,18,145.07029
-8.55,18,145.082136
-8.25,18,145.096157
-7.7,18,145.109924
-7.35,18,145.121683
-7.95,18,145.12569
12.25,18,145.138932
-7.7,18,145.160271
-7.2,18,145.16772
-7.15,18,145.331709
15.85,18,145.378811
-9.35,18,145.394753
-8.45,18,145.408709
-9.55,18,145.422051
-6.85,18,145.440748
-7.15,18,145.457496
-9.65,18,145.475351
2.6,18,145.487427
-8.2,18,145.499855
-6.45,18,145.499855
-7.0,18,145.515785
-9.3,18,145.531539
14.2,18,145.547308
-6.8,18,145.61563
-7.55,18,145.626648
-8.85,18,145.642042
-8.2,18,145.656065
-7.55,18,145.669828
13.1,18,145.686055
-7.2,18,145.699759
-8.35,18,145.711673
-9.15,18,145.727445
-7.55,18,145.739469
-7.5,18,145.752396
12.9,18,145.766678
1.75,18,145.789401
-8.75,18,145.807266
2.75,18,145.88264
-9.5,18,145.921127
12.9,18,145.94413
5.1,18,145.957893
-8.7,18,145.971657
2.2,18,145.986413
-8.9,18,145.999439
-9.4,18,146.016998
-8.8,18,146.029275
-9.0,18,146.04506
2.85,18,146.057439
12.05,18,146.070212
12.9,18,146.337307
-8.55,18,146.354022
-6.7,18,146.523334
13.55,18,146.554288
-8.9,18,146.583799
-8.4,18,146.609743
12.0,18,146.635258
-8.1,18,146.649393
-7.45,18,146.667042
14.75,18,146.689202
13.55,18,146.702863
-8.85,18,146.714882
14.2,18,146.728847
-9.4,18,146.728847
-7.45,18,146.744868
-6.25,18,146.760739
-9.5,18,146.780322
1.6,18,146.841953
-8.4,18,146.853971
13.4,18,146.865493
-7.85,18,146.882025
13.9,18,146.894924
-8.95,18,146.912918
-9.25,18,146.929085
-7.95,18,146.94392
-8.9,18,146.960807
13.55,18,146.972761
12.35,18,146.976766
-8.1,18,147.011533
-8.05,18,147.022922
12.85,18,147.031379
-9.15,18,147.093016
-7.8,18,147.107331
12.65,18,147.122466
-7.95,18,147.135832
-8.4,18,147.147433
13.25,18,147.159454
-8.0,18,147.171294
13.0,18,147.185309
-8.15,18,147.197069
-8.9,18,147.221805
-7.7,18,147.234583
12.95,18,147.250472
3.1,18,147.262492
11.9,18,147.276261
-8.2,18,147.355956
-8.95,18,147.364157
-8.6,18,147.380288
12.8,18,147.401344
11.55,18,147.416074
-8.95,18,147.430864
14.85,18,147.444898
-7.4,18,147.452245
13.75,18,147.468258
-8.55,18,147.484311
-7.8,18,147.49498
-6.45,18,147.500002
-9.0,18,147.520117
-8.75,18,147.54174
-8.25,18,147.59803
-8.1,18,147.610078
14.55,18,147.624053
-8.8,18,147.644828
16.1,18,147.654145
-7.3,18,147.670738
-8.3,18,147.678177
-8.1,18,147.694066
-7.3,18,147.709189
-8.75,18,147.768268
-9.1,18,147.773767
-8.2,18,147.786316
-9.4,18,147.802074
-8.7,18,147.818003
-8.1,18,147.837542
-7.35,18,147.918401
-6.95,18,147.938358
14.5,18,147.96841
-7.7,18,147.982852
-8.85,18,147.99944
-6.55,18,148.018775
-4.4,18,148.041171
-7.7,18,148.056835
-8.7,18,148.072603
-7.95,18,148.087113
-8.75,18,148.101373
-8.25,18,148.120921
-6.5,18,148.134806
3.0,18,148.166613
-8.35,18,148.362181
13.75,18,148.396387
-8.1,18,148.425908
-7.95,18,148.442636
12.6,18,148.455906
-8.65,18,148.469264
-6.55,18,148.485318
-7.0,18,148.50234
2.9,18,148.512522
-8.95,18,148.532915
12.7,18,148.564625
13.1,18,148.601316
-8.4,18,148.633561
13.0,18,148.645046
-8.45,18,148.716939
-8.95,18,148.741808
-8.95,18,148.765859
-7.3,18,148.797454
-8.55,18,148.833315
-6.9,18,148.857313
13.95,18,148.872844
-8.85,18,148.886608
-8.45,18,148.900638
-9.25,18,148.90641
-8.95,18,148.933841
-8.55,18,148.94202
-7.5,18,148.959889
-9.35,18,148.976175
-7.8,18,149.048057
-8.5,18,149.062992
2.8,18,149.083938
-7.5,18,149.125418
14.2,18,149.141191
-9.35,18,149.154634
-8.8,18,149.173896
-8.95,18,149.187932
-8.65,18,149.19969
-8.4,18,149.211451
-7.75,18,149.225377
14.8,18,149.240709
-8.45,18,149.254203
-8.9,18,149.266972
-8.05,18,149.440041
12.6,18,149.474683
-8.15,18,149.516639
-8.2,18,149.543906
13.45,18,149.558482
-8.1,18,149.579313
12.8,18,149.593709
16.2,18,149.60812
-8.7,18,149.619882
2.2,18,149.637784
-8.7,18,149.649578
-8.35,18,149.661632
-6.4,18,149.673163
13.9,18,149.680805
2.5,18,149.699724
-8.65,18,149.759374
-8.9,18,149.7936
-8.8,18,149.826106
-7.3,18,149.855684
15.15,18,149.903616
-7.4,18,149.930557
-9.1,18,149.947589
-8.35,18,149.95958
-6.25,18,149.975685
-7.45,18,149.975685
2.95,18,149.995466
13.65,18,150.015711
-7.4,18,150.026553
-6.25,18,150.032224
-8.5,18,150.092496
-8.65,18,150.10811
12.8,18,150.124729
14.7,18,150.136806
-7.05,18,150.15074
-8.4,18,150.163804
-8.8,18,150.17951
-8.55,18,150.19178
-8.35,18,150.199694
13.75,18,150.22773
-8.25,18,150.24398
13.05,18,150.258252
12.6,18,150.273859
13.25,18,150.282209
15.2,18,150.403484
3.35,18,150.454781
13.25,18,150.494692
-7.35,18,150.508317
2.55,18,150.522477
13.2,18,150.543156
-8.35,18,150.558402
15.35,18,150.571998
5.0,18,150.584545
15.85,18,150.585593
-8.85,18,150.597967
-7.7,18,150.614141
-8.3,18,150.614141
-9.0,18,150.630079
13.85,18,150.694616
-8.8,18,150.714596
-7.55,18,150.724603
13.7,18,150.740746
13.9,18,150.744599
12.65,18,150.773566
-7.55,18,150.790062
-8.65,18,150.802233
-9.1,18,150.816158
13.95,18,150.828727
-6.75,18,150.830571
12.05,18,150.846451
14.15,18,150.862363
-8.75,18,150.886895
-9.6,18,150.903527
-5.55,18,151.002572
-9.55,18,151.018517
12.9,18,151.0268
14.05,18,151.044609
-8.9,18,151.061157
-8.85,18,151.074548
-8.6,18,151.09897
-7.7,18,151.115011
-8.3,18,151.126515
13.25,18,151.141907
-8.85,18,151.157302
-8.9,18,151.174528
-9.0,18,151.198603
-8.2,18,151.216346
14.7,18,151.322093
-8.45,18,151.347424
3.55,18,151.374437
3.0,18,151.394544
-8.55,18,151.414309
-9.2,18,151.430303
-7.9,18,151.44453
-8.85,18,151.457319
-8.65,18,151.478354
3.15,18,151.496122
12.85,18,151.503875
2.95,18,151.521458
12.9,18,151.531503
-7.05,18,151.541579
-8.85,18,151.639266
-9.15,18,151.664454
-9.3,18,151.704331
12.1,18,151.718291
-8.75,18,151.74015
-8.65,18,151.754094
-8.75,18,151.766854
-9.05,18,151.775313
-6.45,18,151.793095
-8.2,18,151.807282
-7.45,18,151.820688
-9.1,18,151.86877
13.95,18,151.885291
-7.5,18,151.901233
-5.8,18,152.083786
14.2,18,152.131029
-7.9,18,152.149925
-8.05,18,152.173599
-7.6,18,152.189306
-7.55,18,152.202804
-9.35,18,152.216293
-8.8,18,152.229812
-8.1,18,152.239945
-6.2,18,152.255615
-7.75,18,152.259383
-8.6,18,152.271448
-8.6,18,152.287157
-8.0,18,152.287157
-8.4,18,152.368814
-9.05,18,152.382585
13.3,18,152.39846
14.35,18,152.41391
2.65,18,152.428561
15.4,18,152.442495
-8.45,18,152.456058
-7.85,18,152.468078
13.0,18,152.482784
-8.05,18,152.495806
-7.6,18,152.5135
12.2,18,152.52937
12.0,18,152.54559
-7.6,18,152.559355
2.9,18,152.571455
-8.65,18,152.632741
-8.1,18,152.648626
-8.0,18,152.662618
-8.3,18,152.676432
-7.7,18,152.690463
-7.95,18,152.911465
-9.5,18,152.935311
15.65,18,152.94871
13.15,18,152.961695
-8.85,18,152.98157
-9.2,18,152.995416
-7.3,18,153.013136
-6.7,18,153.025204
-7.45,18,153.043056
2.05,18,153.10499
1.45,18,153.11675
-8.3,18,153.132389
1.65,18,153.146412
-7.45,18,153.162181
-7.85,18,153.17583
2.85,18,153.221556
-8.95,18,153.235319
11.95,18,153.24908
-9.0,18,153.264845
-9.3,18,153.281898
4.15,18,153.29476
-8.0,18,153.303003
-8.3,18,153.303003
-7.85,18,153.370339
-9.5,18,153.390067
-6.9,18,153.406026
-8.95,18,153.421571
-9.0,18,153.435695
-7.4,18,153.446565
-9.0,18,153.460593
-7.8,18,153.478361
2.85,18,153.488535
2.85,18,153.505157
2.8,18,153.518788
13.35,18,153.532595
-9.1,18,153.546406
12.4,18,153.55843
-9.0,18,153.622282
-8.4,18,153.640176
-6.7,18,153.652194
-9.05,18,153.665963
-6.6,18,153.677722
-8.1,18,153.695495
-8.65,18,153.711504
-8.3,18,153.725715
-9.0,18,153.739897
1.35,18,153.757999
-7.05,18,153.771763
-8.25,18,153.787529
-7.25,18,153.803108
-7.9,18,153.817329
2.45,18,153.828437
13.05,18,153.890219
-8.6,18,153.91402
15.25,18,153.937432
-6.15,18,153.955267
15.4,18,153.969293
-8.35,18,153.981312
-8.1,18,153.99508
-8.95,18,154.008844
1.9,18,154.026622
12.25,18,154.038722
-10.0,18,154.053452
-9.25,18,154.06587
-8.45,18,154.078536
-7.75,18,154.078536
-8.3,18,154.148378
-9.15,18,154.165378
-8.25,18,154.185169
-8.1,18,154.197222
-9.4,18,154.210999
-9.2,18,154.224762
13.9,18,154.241913
13.4,18,154.256661
-9.0,18,154.268344
-8.05,18,154.280878
12.3,18,154.296387
13.25,18,154.310409
-7.65,18,154.32217
-8.85,18,154.335932
3.8,18,154.436144
14.75,18,154.474637
11.65,18,154.496528
-8.75,18,154.510558
-9.25,18,154.524325
2.5,18,154.586043
13.9,18,154.59817
-7.85,18,154.610692
-9.3,18,154.622235
-8.4,18,154.638296
12.85,18,154.638296
-7.7,18,154.654266
3.05,18,154.673795
-8.35,18,154.673795
12.3,18,154.738066
-8.2,18,154.750793
-7.95,18,154.763816
-8.0,18,154.781586
-8.5,18,154.7971
-8.7,18,154.811799
-8.75,18,154.823705
-7.25,18,154.837466
-9.7,18,154.849228
-8.25,18,154.863249
2.65,18,154.876439
-9.3,18,154.882388
-7.55,18,154.907437
-9.15,18,154.923959
-9.45,18,154.98839
14.55,18,155.00142
-8.65,18,155.016412
-8.45,18,155.029949
12.15,18,155.047599
-8.5,18,155.061753
1.85,18,155.073511
-9.15,18,155.086049
-6.5,18,155.103582
-9.15,18,155.116808
-6.5,18,155.129058
11.9,18,155.140635
-8.2,18,155.154824
2.65,18,155.168392
-7.25,18,155.182415
-6.95,18,155.238026
-8.4,18,155.252118
16.85,18,155.263946
-9.9,18,155.279972
-9.1,18,155.293735
-7.9,18,155.309513
-9.45,18,155.324015
-8.6,18,155.337143
13.2,18,155.350634
-6.5,18,155.364656
-8.65,18,155.376419
12.45,18,155.391082
3.9,18,155.402102
-7.65,18,155.422009
-9.15,18,155.486013
13.6,18,155.499775
-8.15,18,155.513538
-7.7,18,155.530869
1.7,18,155.544049
-6.2,18,155.559037
2.75,18,155.578611
12.65,18,155.592288
1.7,18,155.608704
13.65,18,155.621171
-8.45,18,155.638838
3.5,18,155.653616
-7.3,18,155.666516
-8.9,18,155.680694
-8.6,18,155.764048
13.9,18,155.783459
-8.75,18,155.805483
-8.6,18,155.821254
-9.65,18,155.835016
13.25,18,155.852703
-7.8,18,155.871918
-8.65,18,155.88521
-8.4,18,155.941922
11.4,18,155.95394
-7.4,18,155.955685
11.9,18,155.978427
-7.7,18,155.991769
-8.75,18,156.00013
-7.7,18,156.071332
2.25,18,156.087168
-5.65,18,156.113099
13.75,18,156.136829
-7.05,18,156.152601
13.85,18,156.164288
-7.35,18,156.180057
-8.7,18,156.193941
12.65,18,156.209817
-8.45,18,156.223814
14.95,18,156.237577
-8.9,18,156.251341
-6.8,18,156.265014
16.15,18,156.279214
2.55,18,156.299546
-7.3,18,156.360526
-5.45,18,156.374411
-6.9,18,156.382924
-8.5,18,156.404681
3.5,18,156.415575
-8.8,18,156.431498
-8.95,18,156.443511
16.15,18,156.447522
-9.15,18,156.467212
-9.15,18,156.481209
-8.15,18,156.495017
-9.75,18,156.517593
-8.7,18,156.530828
-7.75,18,156.543028
-8.75,18,156.603445
-8.7,18,156.619277
2.25,18,156.633516
-8.85,18,156.645144
-6.75,18,156.657966
-9.0,18,156.671835
-7.95,18,156.686722
2.45,18,156.689734
-8.6,18,156.710793
12.15,18,156.724403
1.8,18,156.74304
1.95,18,156.756303
-9.2,18,156.769728
-9.05,18,156.782727
-7.95,18,156.865718
-8.55,18,156.879589
12.05,18,156.894098
12.9,18,156.90512
13.75,18,156.915149
-7.75,18,156.936972
-8.1,18,156.958938
-7.2,18,156.969785
14.1,18,156.984988
-7.0,18,156.997401
-7.15,18,157.011178
13.9,18,157.025109
-8.25,18,157.033494
13.1,18,157.06232
-9.7,18,157.13607
-8.5,18,157.169966
-7.3,18,157.194803
-7.8,18,157.20949
-8.55,18,157.223477
-8.55,18,157.236498
-8.4,18,157.250262
-6.65,18,157.265123
13.65,18,157.317644
-8.75,18,157.327659
-7.8,18,157.349277
-9.75,18,157.365022
-8.75,18,157.382941
14.05,18,157.39589
-9.3,18,157.462348
14.4,18,157.47899
-8.95,18,157.493496
11.75,18,157.508447
-8.0,18,157.520801
13.15,18,157.532705
-8.05,18,157.546468
-8.35,18,157.558227
-7.15,18,157.571989
-7.9,18,157.587753
-8.65,18,157.602579
15.55,18,157.615932
-8.4,18,157.629671
-6.35,18,157.6427
15.9,18,157.653718
3.5,18,157.713395
-8.95,18,157.722652
-8.05,18,157.738979
-9.45,18,157.754996
-9.1,18,157.770855
-7.15,18,157.784214
13.5,18,157.797683
13.05,18,157.821263
-9.6,18,157.83415
-7.75,18,157.8441
12.5,18,157.863439
12.45,18,157.879916
-7.35,18,157.893481
-7.95,18,157.905277
-6.4,18,157.974993
-8.65,18,157.998795
-7.8,18,158.016575
12.35,18,158.037595
1.3,18,158.054335
11.95,18,158.069328
-8.0,18,158.081613
13.35,18,158.095376
-8.55,18,158.107134
-8.05,18,158.120923
-7.85,18,158.134685
-9.05,18,158.148446
-6.7,18,158.407785
-8.35,18,158.437243
-8.45,18,158.501926
12.05,18,158.513889
-7.65,18,158.526942
-7.55,18,158.54073
-8.0,18,158.558579
12.2,18,158.574893
13.95,18,158.595602
13.85,18,158.618937
-8.9,18,158.687308
-8.6,18,158.69846
11.8,18,158.715091
-6.85,18,158.715091
11.95,18,158.730727
11.75,18,158.746773
-7.65,18,158.904338
-8.8,18,158.928902
14.15,18,158.942325
1.65,18,158.97074
2.45,18,158.988901
-8.0,18,158.988901
-9.75,18,159.020888
-9.75,18,159.03777
-7.95,18,159.049679
-8.35,18,159.065692
-6.25,18,159.078589
-6.65,18,159.089609
1.85,18,159.095588
12.3,18,159.12836
-9.4,18,159.146829
-9.0,18,159.251727
-6.8,18,159.272221
-7.9,18,159.2898
-6.5,18,159.305316
-6.85,18,159.316226
-8.35,18,159.32424
-5.45,18,159.332124
-8.55,18,159.358834
-9.35,18,159.375403
-6.6,18,159.375403
-6.35,18,159.393538
-9.25,18,159.415692
-8.3,18,159.423551
1.8,18,159.439563
3.4,18,159.484624
12.65,18,159.50257
-8.55,18,159.526654
-5.7,18,159.542431
-5.9,18,159.566165
15.85,18,159.583254
2.65,18,159.596476
12.15,18,159.611754
-9.35,18,159.625455
2.7,18,159.631276
12.75,18,159.641504
3.8,18,159.659443
-7.25,18,159.680788
15.3,18,159.692485
-8.05,18,159.751167
-7.8,18,159.783715
-7.15,18,159.803569
14.35,18,159.812044
-8.35,18,159.827223
13.35,18,159.845195
14.7,18,159.859048
-8.85,18,159.862515
-9.15,18,159.87904
-7.35,18,159.901184
12.3,18,159.910456
13.25,18,159.925444
-5.6,18,159.934606
-8.25,18,159.950448
-6.75,18,160.013272
-7.7,18,160.039609
-9.3,18,160.055923
-8.35,18,160.069407
-8.35,18,160.069407
-8.55,18,160.107417
-8.95,18,160.117756
-9.2,18,160.125814
-7.2,18,160.145548
-7.25,18,160.1582
2.9,18,160.160205
12.8,18,160.174058
12.45,18,160.190269
-7.75,18,160.214045
-9.05,18,160.279998
-6.9,18,160.29804
-8.65,18,160.324563
5.4,18,160.339323
-7.85,18,160.339323
-8.7,18,160.358777
-7.45,18,160.373413
-9.25,18,160.387239
14.3,18,160.403053
-7.4,18,160.42098
14.35,18,160.43158
-8.85,18,160.439855
-5.5,18,160.448233
-7.65,18,160.46419
-8.35,18,160.480313
3.7,18,160.543627
-8.35,18,160.562547
-8.6,18,160.574769
-7.6,18,160.589055
13.75,18,160.596871
2.45,18,160.604842
-8.65,18,160.620592
-8.25,18,160.64971
-8.65,18,160.668454
2.5,18,160.678991
-8.05,18,160.694873
-8.45,18,160.710769
3.0,18,160.710769
-7.25,18,160.743404
-7.5,18,160.817086
-8.6,18,160.852029
-8.05,18,160.872191
-8.9,18,160.887352
-8.55,18,160.903381
12.0,18,160.917145
-8.8,18,160.928905
-8.25,18,160.944671
-8.85,18,160.958274
-9.15,18,160.973124
-9.05,18,160.987297
-8.6,18,161.00106
-6.05,18,161.013138
-6.75,18,161.013138
-9.05,18,161.087944
-9.05,18,161.104097
-7.35,18,161.116117
-9.3,18,161.129881
-8.65,18,161.143644
-9.0,18,161.161411
-7.65,18,161.172255
-8.35,18,161.189044
12.25,18,161.200947
-8.2,18,161.208736
13.8,18,161.226499
16.3,18,161.240261
3.0,18,161.252279
-7.9,18,161.268049
-9.25,18,161.323994
-7.6,18,161.336096
-6.45,18,161.351087
13.75,18,161.402888
-8.5,18,161.414845
-7.75,18,161.428622
-9.1,18,161.440647
-8.6,18,161.454377
2.55,18,161.468179
-8.8,18,161.484958
11.95,18,161.499173
-6.6,18,161.512185
-8.6,18,161.525998
-8.85,18,161.538052
-8.5,18,161.550106
13.3,18,161.627464
-7.6,18,161.659526
-8.35,18,161.685612
-8.3,18,161.706349
-8.05,18,161.724735
-7.6,18,161.748806
15.8,18,161.771508
-8.4,18,161.782526
13.05,18,161.792545
-8.35,18,161.802303
-6.85,18,161.820837
12.75,18,161.831468
-8.45,18,161.83969
-7.45,18,161.848047
-8.85,18,161.905752
-7.75,18,161.923929
-8.9,18,161.944614
-8.2,18,161.976049
-9.35,18,162.00398
-7.85,18,162.024964
12.35,18,162.039862
16.0,18,162.051756
-9.25,18,162.067907
-6.05,18,162.080452
-8.85,18,162.093852
-7.9,18,162.109745
13.9,18,162.125581
-8.55,18,162.14815
-6.75,18,162.303875
13.0,18,162.32099
-8.95,18,162.323038
-6.55,18,162.346073
-7.45,18,162.3611
2.6,18,162.382978
14.65,18,162.398355
-8.8,18,162.411159
13.2,18,162.42118
-8.9,18,162.438691
-8.7,18,162.452712
-8.45,18,162.463315
-7.35,18,162.480309
-8.5,18,162.494261
-8.45,18,162.550549
-6.6,18,162.554539
-9.1,18,162.582759
-8.4,18,162.597055
3.95,18,162.60326
-6.7,18,162.611848
11.6,18,162.627898
14.75,18,162.651248
-7.0,18,162.659237
13.15,18,162.68154
-8.55,18,162.693713
12.3,18,162.708585
-7.35,18,162.758045
-7.7,18,162.773988
-9.15,18,162.827518
-8.4,18,162.839315
-8.35,18,162.867661
-9.05,18,162.883721
-7.9,18,162.899508
12.45,18,162.923368
-7.55,18,162.936473
-8.35,18,162.954569
-8.3,18,162.967634
2.05,18,162.978791
-5.5,18,162.992909
-8.2,18,162.996591
-8.95,18,163.027047
-8.25,18,163.037384
13.8,18,163.045542
13.15,18,163.102139
4.25,18,163.118201
-7.45,18,163.136792
-8.7,18,163.155888
-8.8,18,163.166241
-8.5,18,163.180165
-9.35,18,163.198082
-7.5,18,163.212413
-9.0,18,163.232911
-9.15,18,163.250414
-7.55,18,163.261803
11.9,18,163.271979
-7.9,18,163.288192
12.1,18,163.290197
13.55,18,163.356451
-7.9,18,163.370927
14.35,18,163.381553
-8.9,18,163.390552
12.1,18,163.399424
-8.5,18,163.415164
-8.55,18,163.42903
14.9,18,163.448823
13.7,18,163.463318
-6.6,18,163.475629
-7.1,18,163.489946
11.75,18,163.489946
-8.85,18,163.505891
12.95,18,163.523859
-8.25,18,163.591666
-7.9,18,163.600062
-8.8,18,163.617813
-9.3,18,163.633831
-8.6,18,163.633831
-8.7,18,163.649593
-6.3,18,163.669241
-8.45,18,163.688797
-8.4,18,163.700272
-7.85,18,163.715132
-6.7,18,163.725022
-8.0,18,163.74288
-6.5,18,163.756795
3.75,18,163.756795
12.0,18,163.817768
-8.35,18,163.833897
14.4,18,163.852081
-7.25,18,163.865945
2.95,18,163.865945
-8.15,18,163.881856
-7.85,18,164.194417
-9.45,18,164.217973
-7.0,18,164.234523
-8.85,18,164.246645
-6.85,18,164.254992
-7.35,18,164.2709
2.45,18,164.2709
14.05,18,164.286842
-9.0,18,164.302714
-7.3,18,164.369272
12.95,18,164.380672
-8.55,18,164.398762
-8.55,18,164.420433
-9.0,18,164.444443
-9.5,18,164.459673
-8.5,18,164.470644
-8.45,18,164.486459
-8.2,18,164.500528
-6.75,18,164.512275
-9.6,18,164.52609
-6.5,18,164.538366
-7.1,18,164.554013
-9.0,18,164.565792
-7.45,18,164.622649
-7.95,18,164.6367
-7.15,18,164.653926
-7.0,18,164.67342
-8.55,18,164.69023
-8.05,18,164.7072
-7.05,18,164.724202
14.65,18,164.738554
-8.5,18,164.749575
-8.3,18,164.770104
5.1,18,164.783543
-7.5,18,164.800625
13.1,18,164.811646
-6.75,18,164.83749
-7.9,18,164.940844
4.7,18,164.951953
12.9,18,164.980358
-7.8,18,165.002045
18.15,18,165.02299
-6.45,18,165.040835
-7.5,18,165.065039
-8.3,18,165.070555
15.55,18,165.086247
-7.25,18,165.114569
12.05,18,165.128088
1.4,18,165.144423
-7.0,18,165.144423
12.65,18,165.160595
-8.6,18,165.231853
-8.25,18,165.245348
-7.15,18,165.260661
-9.2,18,165.275717
-8.45,18,165.294236
13.45,18,165.31134
-7.9,18,165.326579
-8.05,18,165.342968
-7.9,18,165.351128
13.4,18,165.368146
-8.6,18,165.382933
-7.05,18,165.394954
-7.6,18,165.408806
-8.75,18,165.426068
-8.65,18,165.481276
-7.1,18,165.498276
-9.4,18,165.512625
-8.55,18,165.529677
13.55,18,165.552398
-8.65,18,165.566128
-8.45,18,165.57824
-7.9,18,165.584579
1.6,18,165.602642
-6.4,18,165.620623
-8.7,18,165.635145
1.25,18,165.649436
-7.55,18,165.664232
-8.0,18,165.678436
-8.75,18,165.690835
-9.85,18,165.781069
-7.9,18,165.784184
11.95,18,165.808641
-8.85,18,165.819986
-7.85,18,165.837499
1.65,18,165.855278
14.15,18,165.869675
-7.95,18,165.869675
-8.0,18,165.887814
-8.65,18,165.901793
14.2,18,165.91803
-8.5,18,165.93605
-8.65,18,165.951786
14.0,18,165.967524
-9.05,18,166.042034
-6.25,18,166.064278
-8.25,18,166.09147
2.95,18,166.113522
13.85,18,166.125283
-8.6,18,166.139046
-8.0,18,166.154812
1.65,18,166.167358
-9.15,18,166.180414
13.6,18,166.192666
-8.1,18,166.204949
-9.3,18,166.21871
-7.45,18,166.226463
-7.55,18,166.240314
1.8,18,166.29407
-6.3,18,166.305892
13.65,18,166.31948
-8.35,18,166.333501
13.95,18,166.34526
13.4,18,166.357277
14.55,18,166.373041
-8.75,18,166.388651
-8.55,18,166.400926
12.55,18,166.414624
-8.45,18,166.426642
13.3,18,166.440404
-9.35,18,166.454166
-8.95,18,166.466185
13.15,18,166.524668
-9.2,18,166.536725
-7.35,18,166.550709
-8.7,18,166.564472
-9.15,18,166.57649
13.0,18,166.594258
-7.95,18,166.606758
-9.25,18,166.623179
-8.75,18,166.637997
-8.95,18,166.651957
12.55,18,166.665307
-7.35,18,166.677326
13.65,18,166.697101
1.3,18,166.709727
13.3,18,166.720026
-8.05,18,166.806246
12.9,18,166.85305
-6.6,18,166.867072
-8.95,18,166.8904
-9.65,18,166.913993
14.6,18,166.927744
-8.15,18,166.940134
-8.45,18,166.953168
-7.0,18,166.965186
-8.4,18,166.976945
12.7,18,166.985037
-7.3,18,167.004843
-8.85,18,167.014888
14.6,18,167.029377
-7.35,18,167.131773
-9.0,18,167.151798
-8.15,18,167.166305
-7.65,18,167.179826
2.25,18,167.193588
2.75,18,167.20735
-8.0,18,167.221111
-8.15,18,167.235067
13.1,18,167.249301
-7.2,18,167.262543
12.75,18,167.274302
-9.35,18,167.288064
-7.7,18,167.302085
2.8,18,167.317263
12.1,18,167.421773
-8.65,18,167.444893
-8.55,18,167.467355
14.75,18,167.507458
-9.0,18,167.527335
-8.6,18,167.548964
12.15,18,167.562452
-8.25,18,167.579163
-8.8,18,167.59076
-8.75,18,167.598774
13.15,18,167.622395
12.05,18,167.656288
12.9,18,167.667736
1.85,18,167.699853
-8.9,18,167.799947
12.95,18,167.835985
12.0,18,167.859545
-8.15,18,167.880406
-9.15,18,167.894611
-8.05,18,167.907734
-8.35,18,167.921512
-7.8,18,167.937421
-9.05,18,167.95107
11.8,18,167.967107
-8.25,18,167.980843
2.8,18,167.994607
-9.35,18,168.003038
-8.45,18,168.003038
13.1,18,168.068262
-8.25,18,168.082647
12.75,18,168.091448
-9.25,18,168.113282
-8.9,18,168.125898
-7.75,18,168.134713
-9.4,18,168.151654
-6.8,18,168.165837
-8.2,18,168.219003
3.3,18,168.231189
-8.25,18,168.244761
15.2,18,168.258543
12.85,18,168.263609
-6.35,18,168.274331
-6.5,18,168.290106
-9.5,18,168.350711
-8.4,18,168.364326
-8.65,18,168.378476
-7.9,18,168.390495
-7.7,18,168.404804
-8.8,18,168.419742
-8.9,18,168.428088
14.8,18,168.444536
-7.7,18,168.458995
-5.95,18,168.471178
-7.4,18,168.486027
2.0,18,168.502119
12.75,18,168.516976
13.55,18,168.530043
-8.9,18,168.585541
13.05,18,168.59805
14.65,18,168.611964
-9.15,18,168.637207
-9.05,18,168.652472
-8.35,18,168.667442
-9.55,18,168.682777
13.05,18,168.696768
-7.65,18,168.707592
14.65,18,168.725222
12.5,18,168.740404
14.25,18,168.7567
-6.4,18,168.771753
-8.55,18,168.787642
1.5,18,168.850968
-6.45,18,168.864412
-8.0,18,168.872912
-8.2,18,168.890564
-5.8,18,168.904881
-7.5,18,168.921083
-8.75,18,168.923245
-8.2,18,168.958065
-8.5,18,168.987702
-9.0,18,168.999861
13.3,18,169.025419
11.8,18,169.042769
-9.5,18,169.045107
13.95,18,169.067966
-8.8,18,169.122141
-8.65,18,169.134552
2.8,18,169.149792
-6.45,18,169.170919
3.3,18,169.186476
-7.25,18,169.206156
-8.75,18,169.214171
2.55,18,169.231883
-6.8,18,169.259746
-7.75,18,169.278013
14.15,18,169.293629
-8.6,18,169.317222
-8.6,18,169.325777
-8.45,18,169.341491
-8.6,18,169.341491
-9.2,18,169.412635
-8.7,18,169.426569
-6.95,18,169.439986
15.95,18,169.454012
-9.15,18,169.465771
15.05,18,169.483731
-6.8,18,169.500638
-5.7,18,169.513747
13.3,18,169.533952
13.2,18,169.578959
-7.7,18,169.60017
-7.35,18,169.612687
12.2,18,169.620903
-8.15,18,169.83924
-9.15,18,169.884779
2.5,18,169.906714
14.15,18,169.920369
-8.2,18,169.942218
-8.8,18,169.968411
4.4,18,169.99925
-9.55,18,170.03382
-7.4,18,170.057026
-7.7,18,170.072874
-8.25,18,170.1051
11.95,18,170.139674
-8.75,18,170.165836
-8.7,18,170.197145
-8.65,18,170.212667
-9.1,18,170.285244
1.7,18,170.301494
13.45,18,170.315482
12.2,18,170.331289
-6.25,18,170.349525
-9.45,18,170.360096
-8.7,18,170.374386
-8.5,18,170.374386
13.55,18,170.402067
-9.1,18,170.408197
-8.0,18,170.426308
-8.05,18,170.438228
-7.35,18,170.454754
-8.35,18,170.473136
2.15,18,170.521352
-8.55,18,170.537515
-6.45,18,170.557453
1.95,18,170.571879
16.7,18,170.584628
-8.8,18,170.59633
-8.35,18,170.61075
13.3,18,170.61075
-8.45,18,170.626768
-6.8,18,170.644724
-7.65,18,170.66288
-9.2,18,170.68032
-8.7,18,170.693526
14.15,18,170.699024
-8.3,18,170.765583
-8.05,18,170.780353
-8.8,18,170.796366
-8.05,18,170.802049
-9.05,18,170.820155
-6.75,18,170.83619
-8.1,18,170.84982
-8.5,18,170.886831
-8.5,18,170.93859
-8.8,18,170.954379
-7.3,18,170.962397
12.55,18,170.970019
-6.6,18,170.985713
-8.05,18,171.012523
14.1,18,171.027245
-8.2,18,171.115537
-9.05,18,171.133609
12.6,18,171.151769
12.35,18,171.167725
-8.1,18,171.183497
-8.7,18,171.199264
12.35,18,171.219413
-6.9,18,171.240665
-7.35,18,171.252517
-8.2,18,171.268577
-8.9,18,171.282344
-9.1,18,171.296106
-7.7,18,171.303818
-6.45,18,171.322275
-9.1,18,171.375787
-8.0,18,171.389549
-7.3,18,171.405319
-8.4,18,171.425104
-8.2,18,171.439912
-8.2,18,171.452942
13.1,18,171.466312
-9.25,18,171.478684
-6.45,18,171.491015
-9.15,18,171.505036
-8.25,18,171.516797
-8.3,18,171.532562
-7.2,18,171.545466
-8.55,18,171.559874
-8.55,18,171.619649
-9.1,18,171.639669
14.1,18,171.65783
-6.55,18,171.67416
-6.75,18,171.692455
-7.6,18,171.710227
12.05,18,171.72399
-6.9,18,171.737753
-9.0,18,171.753518
-8.75,18,171.765621
-8.5,18,171.782066
-7.55,18,171.792285
-8.9,18,171.805915
-8.75,18,171.811924
2.0,18,171.871259
12.25,18,171.884944
3.2,18,171.897224
3.3,18,171.911509
-8.7,18,171.925182
-6.9,18,171.9372
13.6,18,171.950962
1.8,18,171.966966
-6.7,18,171.983036
-8.85,18,171.996253
-6.75,18,172.008842
-9.15,18,172.022364
-9.0,18,172.036127
-7.2,18,172.047885
15.25,18,172.059644
-5.25,18,172.119195
-9.15,18,172.119195
12.6,18,172.147218
1.6,18,172.150965
-9.05,18,172.166985
-6.9,18,172.188945
13.3,18,172.201996
2.6,18,172.215018
-5.4,18,172.228407
-7.0,18,172.24028
13.95,18,172.252911
-8.65,18,172.305651
14.75,18,172.315379
13.05,18,172.323519
13.15,18,172.379657
11.75,18,172.395428
-7.5,18,172.413902
-7.35,18,172.426702
2.55,18,172.440833
2.05,18,172.449178
-6.75,18,172.46712
-9.15,18,172.46712
-8.3,18,172.480725
11.7,18,172.498276
-7.95,18,172.523001
-5.3,18,172.536288
12.8,18,172.547878
-7.15,18,172.556308
-9.55,18,172.604125
-6.65,18,172.623909
14.3,18,172.643393
-8.45,18,172.657061
-7.8,18,172.665649
-9.8,18,172.68183
13.35,18,172.68183
-8.55,18,172.697624
-7.7,18,172.715236
13.8,18,172.733126
-6.5,18,172.75225
-8.5,18,172.763823
-7.85,18,172.774179
12.95,18,172.782326
-7.75,18,172.846423
-8.75,18,172.864914
-8.2,18,172.879073
2.15,18,172.88759
-8.2,18,172.905459
-6.75,18,172.905459
-8.6,18,172.923489
-7.6,18,172.935623
-6.3,18,172.9517
-8.3,18,172.972972
12.75,18,172.984256
-9.5,18,172.992709
-8.4,18,173.008894
2.5,18,173.024635
-9.2,18,173.081664
-9.35,18,173.093367
12.05,18,173.103638
-6.6,18,173.117324
12.15,18,173.135601
-8.9,18,173.149492
2.5,18,173.156362
-8.35,18,173.18137
4.65,18,173.194394
15.35,18,173.209113
-8.2,18,173.222872
-7.95,18,173.235914
-9.2,18,173.24855
13.95,18,173.261321
-5.6,18,173.273284
-7.1,18,173.335325
-8.75,18,173.347084
-8.0,18,173.361001
-8.7,18,173.372762
-9.4,18,173.387707
-8.2,18,173.414774
-8.05,18,173.442443
-8.55,18,173.466454
12.35,18,173.479478
-9.0,18,173.49324
13.3,18,173.512938
-9.25,18,173.527419
-8.5,18,173.53562
1.95,18,173.54374
13.0,18,173.601789
-9.75,18,173.617232
-7.6,18,173.663217
-8.1,18,173.678776
-7.25,18,173.691775
3.75,18,173.707801
11.8,18,173.731323
-9.0,18,173.745606
-8.7,18,173.757353
-9.2,18,173.770653
14.1,18,173.784674
12.95,18,173.792427
-9.1,18,173.802234
11.9,18,173.818265
-7.45,18,173.883338
-8.4,18,173.895098
-9.5,18,173.90886
-6.6,18,173.920619
12.95,18,173.934639
13.7,18,173.952152
14.3,18,173.963728
-8.65,18,173.978813
3.5,18,174.002136
-7.7,18,174.023911
-6.3,18,174.051435
-9.25,18,174.069303
14.95,18,174.079321
-9.0,18,174.093246
-7.15,18,174.145113
12.95,18,174.163292
-6.95,18,174.174938
-9.3,18,174.191138
14.25,18,174.207196
-8.4,18,174.222968
-9.2,18,174.23738
12.0,18,174.250402
-8.3,18,174.262161
-7.4,18,174.27993
-6.8,18,174.300108
-8.5,18,174.317032
-8.9,18,174.329854
-7.7,18,174.342997
13.4,18,174.353985
-8.6,18,174.424245
12.35,18,174.440607
-9.0,18,174.462815
11.95,18,174.474574
12.95,18,174.490637
-7.8,18,174.503678
1.65,18,174.515138
-6.45,18,174.525374
-8.7,18,174.545345
13.1,18,174.559147
-8.45,18,174.576954
-8.65,18,174.588734
13.0,18,174.602989
-8.55,18,174.618095
-10.0,18,174.686292
-7.9,18,174.70394
-7.9,18,174.71478
-9.2,18,174.729499
-9.1,18,174.743738
14.65,18,174.756164
-9.6,18,174.770608
-8.2,18,174.782165
-7.65,18,174.795949
-8.5,18,174.812794
11.9,18,174.827588
-7.2,18,174.838393
2.6,18,174.862183
12.7,18,174.87444
-8.8,18,174.976907
13.1,18,175.048389
-8.8,18,175.062702
12.85,18,175.074064
13.9,18,175.088089
-8.7,18,175.109904
-7.3,18,175.121664
-8.6,18,175.375785
-7.7,18,175.392661
-7.8,18,175.392661
1.7,18,175.420743
-7.4,18,175.424261
-8.35,18,175.450848
-9.75,18,175.469709
1.6,18,175.527902
-7.65,18,175.544913
-8.85,18,175.574471
-8.95,18,175.589408
-7.85,18,175.605541
-7.45,18,175.621485
-8.15,18,175.638642
-7.6,18,175.668685
-9.2,18,175.698627
12.75,18,175.719313
12.4,18,175.741539
12.3,18,175.761053
-8.45,18,175.77366
-7.65,18,175.77366
-8.25,18,175.869757
-8.8,18,175.88383
-8.45,18,175.927197
14.2,18,175.939365
-8.45,18,175.957513
-7.5,18,175.962732
-7.85,18,175.9816
-8.6,18,175.995728
-8.8,18,176.019621
12.85,18,176.036632
-8.75,18,176.051146
14.15,18,176.062075
-8.6,18,176.075777
-8.05,18,176.091444
-7.75,18,176.107352
-5.65,18,176.268935
-5.55,18,176.292776
-9.05,18,176.31168
13.85,18,176.326648
11.3,18,176.340628
-8.5,18,176.355083
-7.55,18,176.398231
12.45,18,176.412016
-8.75,18,176.425824
13.05,18,176.429844
-8.65,18,176.439693
-7.45,18,176.455434
-8.95,18,176.47418
-6.35,18,176.485323
-9.1,18,176.629182
-8.1,18,176.655461
-7.1,18,176.703285
12.25,18,176.721328
14.8,18,176.729675
-9.2,18,176.747024
-8.5,18,176.76079
2.4,18,176.772714
-9.4,18,176.786366
-6.7,18,176.798547
-8.1,18,176.808454
-7.25,18,176.808454
-8.35,18,176.836253
-8.6,18,176.844316
-8.75,18,176.904332
-8.2,18,176.921252
-9.1,18,176.93885
-9.0,18,176.966922
-9.0,18,176.9866
13.2,18,177.001614
2.9,18,177.014638
-8.1,18,177.030405
-8.5,18,177.044374
12.35,18,177.058634
12.45,18,177.070205
12.2,18,177.084226
13.6,18,177.096245
-8.7,18,177.09799
-8.9,18,177.162151
13.8,18,177.1737
-7.8,18,177.187844
-8.5,18,177.201606
-7.1,18,177.213364
1.65,18,177.227521
-8.85,18,177.242071
-7.95,18,177.255811
-8.05,18,177.269942
-7.6,18,177.282937
13.0,18,177.295259
-8.05,18,177.309064
12.0,18,177.321133
-7.65,18,177.336907
-8.25,18,177.350668
-8.9,18,177.408001
-9.05,18,177.421762
-8.05,18,177.435524
-8.9,18,177.449285
12.9,18,177.467053
-8.45,18,177.481067
-9.15,18,177.493812
-8.55,18,177.50709
14.8,18,177.525116
2.35,18,177.542925
-6.8,18,177.556555
12.6,18,177.569052
-7.7,18,177.58658
11.9,18,177.607948
-6.9,18,177.703892
-8.75,18,177.761863
-9.8,18,177.781419
15.0,18,177.801108
14.55,18,177.816064
-7.6,18,177.830143
-7.55,18,177.843049
-9.05,18,177.856072
-8.1,18,177.869571
-8.85,18,177.88133
-8.9,18,177.897277
1.95,18,177.910849
-8.25,18,177.920881
1.9,18,177.935175
-6.8,18,178.002138
-8.85,18,178.031658
12.15,18,178.060294
-7.4,18,178.083798
11.9,18,178.099712
13.65,18,178.11275
-9.35,18,178.12858
-8.25,18,178.141709
-8.55,18,178.155771
-9.1,18,178.169421
14.7,18,178.181002
-8.65,18,178.193115
12.0,18,178.205225
-9.05,18,178.226097
-5.6,18,178.284337
-8.65,18,178.300202
-7.2,18,178.315951
-8.55,18,178.332438
-7.55,18,178.352662
-8.05,18,178.371627
-8.4,18,178.399946
-7.85,18,178.417788
13.65,18,178.43158
-9.6,18,178.445383
-8.1,18,178.461191
13.4,18,178.475742
12.9,18,178.487848
-8.9,18,178.499443
1.85,18,178.550203
12.95,18,178.567192
-7.5,18,178.579341
-8.55,18,178.59368
15.4,18,178.605918
3.9,18,178.617937
1.9,18,178.631703
-8.1,18,178.647038
-7.6,18,178.665183
-9.25,18,178.687516
-6.9,18,178.705842
-9.2,18,178.724449
12.95,18,178.73697
-8.55,18,178.748731
-8.5,18,178.762331
-9.15,18,178.822077
-7.5,18,178.845937
13.15,18,178.863273
-7.95,18,178.875147
-7.6,18,178.897191
-8.15,18,178.920959
-7.35,18,178.939263
2.9,18,178.964795
15.15,18,178.980568
-7.8,18,178.994634
11.45,18,179.014818
3.2,18,179.030136
-8.35,18,179.040414
-9.25,18,179.040414
1.75,18,179.174047
-8.95,18,179.187028
-8.05,18,179.201241
-7.25,18,179.210073
2.85,18,179.228243
-7.45,18,179.243969
-9.4,18,179.256298
15.55,18,179.260118
1.6,18,179.274294
-8.45,18,179.290061
-9.3,18,179.306015
-8.65,18,179.323715
-8.85,18,179.338216
-7.05,18,179.350999
-8.4,18,179.409231
-8.15,18,179.422993
-8.45,18,179.437992
1.5,18,179.452885
-8.3,18,179.466546
-9.25,18,179.48069
13.55,18,179.49245
-8.6,18,179.506032
-8.65,18,179.51805
-8.85,18,179.532072
-9.15,18,179.547837
-8.65,18,179.559868
-8.45,18,179.574407
-9.3,18,179.585621
-8.7,18,179.663197
14.1,18,179.676387
-7.5,18,179.687948
14.4,18,179.701969
-7.25,18,179.713732
12.1,18,179.727756
-8.1,18,179.739518
-8.6,18,179.755286
1.4,18,179.771476
-8.6,18,179.783558
-8.0,18,179.797753
-7.0,18,179.811517
-8.75,18,179.823277
-7.25,18,179.837046
-8.45,18,179.853503
13.6,18,179.915024
14.85,18,179.930174
-8.35,18,179.943885
-8.0,18,179.961288
12.05,18,179.982884
-8.2,18,179.996778
-7.8,18,180.012646
-9.5,18,180.034472
-8.3,18,180.04808
-7.65,18,180.07372
2.95,18,180.096594
-9.3,18,180.105834
3.8,18,180.137474
-8.0,18,180.153609
1.45,18,180.270812
-8.7,18,180.294114
-6.75,18,180.31653
3.3,18,180.334944
-9.15,18,180.359533
-8.6,18,180.389031
12.3,18,180.402801
-8.9,18,180.423051
-8.2,18,180.439076
-8.65,18,180.463683
-8.9,18,180.475064
-6.6,18,180.518376
-8.55,18,180.549541
12.05,18,180.569211
2.95,18,180.636904
-7.85,18,180.654146
-7.6,18,180.669032
-8.7,18,180.683246
12.1,18,180.696022
-8.85,18,180.713249
14.3,18,180.725955
12.8,18,180.743685
-9.55,18,180.764331
12.75,18,180.780773
2.8,18,180.795535
4.4,18,180.807298
-9.05,18,180.823256
-8.55,18,180.83655
-9.35,18,180.907449
-7.65,18,180.935166
-8.7,18,180.961733
12.05,18,180.99751
-7.1,18,181.016611
13.15,18,181.033344
-8.1,18,181.057051
4.3,18,181.070349
-8.55,18,181.082119
-9.8,18,181.096705
-8.15,18,181.100712
-8.7,18,181.110718
-8.25,18,181.126781
-8.95,18,181.126781
-8.95,18,181.451529
-8.65,18,181.460229
13.5,18,181.480057
-8.2,18,181.493005
-9.25,18,181.504889
-9.2,18,181.51311
-7.95,18,181.534108
12.75,18,181.544949
3.45,18,181.558635
-8.95,18,181.577464
-8.35,18,181.588285
-7.55,18,181.60611
-6.55,18,181.618179
12.25,18,181.631819
-8.15,18,181.648185
-8.4,18,181.70854
-5.7,18,181.723979
-8.1,18,181.738917
14.85,18,181.754381
-6.65,18,181.762434
11.45,18,181.782782
-8.3,18,181.800345
-6.9,18,181.813708
-8.1,18,181.829045
-8.3,18,181.84003
14.35,18,181.867632
-7.7,18,181.88139
12.1,18,181.897305
-7.75,18,181.908997
-9.1,18,182.030692
-9.25,18,182.047813
-6.95,18,182.067403
-6.6,18,182.092345
14.65,18,182.121438
-9.0,18,182.141505
-7.3,18,182.158791
-7.45,18,182.171203
-7.5,18,182.196008
-8.55,18,182.215601
15.1,18,182.236431
-7.6,18,182.262202
11.8,18,182.289988
-9.1,18,182.307611
15.1,18,182.397854
-9.15,18,182.431825
-8.65,18,182.454168
18.1,18,182.473667
-7.55,18,182.505675
-8.1,18,182.532366
-9.35,18,182.579403
-7.45,18,182.610852
-9.2,18,182.642262
14.15,18,182.674962
-9.15,18,182.692009
-8.5,18,182.710046
2.65,18,182.739557
11.95,18,182.755731
-8.85,18,182.821176
-9.05,18,182.834937
-7.55,18,182.848205
-8.05,18,182.860009
13.5,18,182.874888
-7.45,18,182.894945
13.7,18,182.915684
3.75,18,182.93668
-7.1,18,182.96095
-7.65,18,182.980904
-8.7,18,182.995348
-7.65,18,183.009469
-7.65,18,183.017608
-8.85,18,183.025558
-7.5,18,183.041204
-7.85,18,183.10485
13.25,18,183.127722
1.5,18,183.141243
-9.75,18,183.154159
-7.15,18,183.211394
1.9,18,183.225479
-9.1,18,183.238361
-8.6,18,183.252919
-6.95,18,183.264266
-8.7,18,183.276135
-8.05,18,183.288159
-8.9,18,183.291825
12.25,18,183.320388
-8.3,18,183.328597
12.45,18,183.384347
13.45,18,183.408293
-8.3,18,183.421002
12.9,18,183.439737
12.2,18,183.456548
-8.7,18,183.471595
11.95,18,183.48704
-7.7,18,183.508594
-8.5,18,183.533273
-8.65,18,183.546796
2.8,18,183.565477
-5.55,18,183.57854
-8.9,18,183.590334
-7.8,18,183.600377
-7.35,18,183.657985
13.9,18,183.672318
-8.45,18,183.68584
-7.45,18,183.699601
-9.05,18,183.711619
14.3,18,183.725307
-8.35,18,183.741508
12.05,18,183.764749
-8.5,18,183.779351
-8.25,18,183.792874
12.95,18,183.810647
-8.05,18,183.826434
13.85,18,183.844764
-8.7,18,183.853504
-8.35,18,183.921584
-9.15,18,183.943939
14.05,18,183.96815
3.35,18,183.994035
-8.4,18,184.011076
-7.6,18,184.025359
-8.6,18,184.038908
-9.15,18,184.056682
2.95,18,184.072461
1.55,18,184.084394
-6.8,18,184.098237
12.7,18,184.114222
-9.1,18,184.122166
-8.85,18,184.138297
13.95,18,184.193188
-9.35,18,184.21108
-8.7,18,184.224653
14.7,18,184.238521
3.2,18,184.250543
-8.55,18,184.27033
-9.25,18,184.284472
2.9,18,184.302171
13.25,18,184.316061
-7.85,18,184.328656
-8.55,18,184.340887
16.7,18,184.355487
-8.05,18,184.374184
-9.45,18,184.389357
12.1,18,184.409596
-8.85,18,184.535024
-7.0,18,184.56443
-8.15,18,184.586127
13.1,18,184.604169
-8.55,18,184.632443
-8.9,18,184.669276
-7.75,18,184.693089
-8.15,18,184.705045
-6.8,18,184.720448
-7.15,18,184.728559
15.25,18,184.736829
-7.95,18,184.760259
-7.4,18,184.772267
-6.55,18,184.78407
13.3,18,184.9097
-8.75,18,184.934517
-9.55,18,184.960877
13.05,18,184.976966
13.55,18,185.004731
-8.7,18,185.025661
-8.35,18,185.03988
-6.75,18,185.053163
15.0,18,185.066188
-8.15,18,185.081068
-8.4,18,185.095862
-8.75,18,185.107884
-8.8,18,185.123771
-7.95,18,185.123771
12.45,18,185.193893
-7.6,18,185.205915
4.55,18,185.21968
-7.6,18,185.238946
-9.0,18,185.255672
-8.95,18,185.269145
-7.85,18,185.2814
-7.15,18,185.295129
-8.4,18,185.307272
-6.6,18,185.317293
-7.75,18,185.327056
-8.5,18,185.343048
12.85,18,185.362237
-8.5,18,185.374775
12.3,18,185.443045
-7.35,18,185.466483
-6.9,18,185.479985
2.75,18,185.497037
-5.5,18,185.515829
1.9,18,185.535172
-9.1,18,185.547192
-8.45,18,185.574993
14.25,18,185.585098
-7.45,18,185.598575
1.65,18,185.612794
-9.1,18,185.624606
-8.1,18,185.638727
-8.25,18,185.642734
14.15,18,185.65454
14.35,18,185.716957
-7.5,18,185.729311
13.0,18,185.742117
-8.8,18,185.752147
13.15,18,185.770338
-8.5,18,185.78562
15.4,18,185.795283
-8.5,18,185.800731
-9.0,18,185.816708
2.75,18,185.8325
-9.2,18,185.84857
-7.95,18,185.864426
-8.9,18,185.882575
14.25,18,185.889936
-8.25,18,185.936833
-6.55,18,185.956975
13.5,18,185.96884
11.9,18,185.993451
-7.85,18,186.011403
2.65,18,186.018559
-8.2,18,186.036492
3.55,18,186.047067
-5.85,18,186.06293
-9.35,18,186.068454
-7.8,18,186.082633
1.65,18,186.108022
-8.6,18,186.116435
-8.45,18,186.122552
-8.0,18,186.188319
-8.6,18,186.215297
2.3,18,186.232429
-8.6,18,186.253371
-6.7,18,186.269226
-7.45,18,186.281367
11.75,18,186.303596
-8.95,18,186.31658
13.05,18,186.334979
-8.2,18,186.352134
-9.2,18,186.367126
14.85,18,186.382392
-7.9,18,186.388669
-6.0,18,186.404593
-8.05,18,186.460218
4.05,18,186.474468
-8.7,18,186.485433
-7.75,18,186.499961
-8.1,18,186.518538
-8.6,18,186.532233
1.55,18,186.546043
14.7,18,186.561189
-6.9,18,186.574787
-8.0,18,186.58122
-6.1,18,186.594783
-8.7,18,186.612755
-9.1,18,186.643391
-7.8,18,186.667825
-8.25,18,186.818501
-6.8,18,186.853826
-8.75,18,186.889116
13.55,18,186.915518
-7.35,18,186.932222
-8.75,18,186.951901
13.25,18,186.966429
-7.6,18,186.97868
12.35,18,186.991142
-8.95,18,187.004791
2.25,18,187.012627
12.7,18,187.022544
-8.05,18,187.03833
1.55,18,187.054245
-7.55,18,187.071188
-7.8,18,187.131877
-6.8,18,187.145985
1.5,18,187.155746
2.95,18,187.169109
-7.35,18,187.189539
15.3,18,187.201336
-9.4,18,187.216612
13.0,18,187.48446
-8.45,18,187.500519
-7.45,18,187.525318
-7.65,18,187.54167
11.85,18,187.559528
1.85,18,187.57534
12.6,18,187.589054
-7.6,18,187.659389
2.95,18,187.687875
13.65,18,187.705253
-8.95,18,187.735344
11.65,18,187.750458
2.4,18,187.765801
-8.9,18,187.776852
-8.8,18,187.793985
14.1,18,187.806808
12.75,18,187.816644
-8.0,18,187.84231
-8.5,18,187.853555
1.6,18,187.863682
-8.7,18,187.863682
-8.7,18,187.941218
-8.65,18,187.958929
-7.8,18,187.972866
2.45,18,187.986408
-7.85,18,188.004687
11.85,18,188.019465
-7.4,18,188.034241
3.1,18,188.054963
-8.05,18,188.0698
-8.6,18,188.084323
-8.65,18,188.098302
-7.7,18,188.104312
-8.95,18,188.121664
13.5,18,188.129601
-8.6,18,188.189564
-6.35,18,188.208243
-7.8,18,188.220815
-7.5,18,188.234837
-8.9,18,188.248879
-9.1,18,188.262643
-7.75,18,188.27947
-8.4,18,188.292156
-8.15,18,188.303981
-8.15,18,188.318133
-8.65,18,188.33015
13.3,18,188.343913
1.3,18,188.357938
-7.7,18,188.369698
-8.8,18,188.388425
-7.7,18,188.444503
-9.25,18,188.455773
-6.5,18,188.464788
-8.95,18,188.484859
1.7,18,188.499381
15.25,18,188.51194
-9.05,18,188.526121
-8.5,18,188.540172
-9.0,18,188.540172
12.8,18,188.564464
-8.45,18,188.576221
3.55,18,188.594358
-7.75,18,188.615924
-9.4,18,188.66588
14.0,18,188.758152
-7.85,18,188.778749
-7.25,18,188.79584
13.15,18,188.808943
-9.75,18,188.825385
-8.45,18,188.838119
-6.55,18,188.850044
-7.35,18,188.864576
12.95,18,188.873168
3.55,18,188.88721
-7.95,18,188.901529
-9.05,18,188.917431
-8.75,18,188.935638
-5.3,18,188.944231
-9.55,18,189.00019
-9.25,18,189.013951
12.3,18,189.029716
-8.05,18,189.044765
-9.05,18,189.05761
-8.65,18,189.071519
1.75,18,189.086318
-8.95,18,189.101345
-8.4,18,189.113242
-8.0,18,189.127227
-6.9,18,189.141167
-9.2,18,189.155201
-6.65,18,189.166483
-9.3,18,189.180102
-9.15,18,189.233917
-7.35,18,189.249557
-9.05,18,189.263741
-7.7,18,189.276475
-8.2,18,189.288938
-9.1,18,189.302458
-9.05,18,189.314216
13.25,18,189.327976
-8.85,18,189.343744
-7.4,18,189.357346
-7.9,18,189.370857
-9.3,18,189.385211
-6.75,18,189.398185
-8.7,18,189.411207
-8.1,18,189.469645
-7.6,18,189.480933
-9.05,18,189.493855
-9.2,18,189.507911
12.8,18,189.519927
3.05,18,189.531684
-8.7,18,189.545455
-9.25,18,189.560113
14.45,18,189.573933
-8.0,18,189.586605
-8.2,18,189.59444
-8.1,18,189.611794
-8.7,18,189.625563
-8.95,18,189.639325
-8.4,18,189.653086
12.85,18,189.711822
14.35,18,189.727503
13.0,18,189.739485
2.45,18,189.75329
-8.6,18,189.767082
-7.95,18,189.782537
-8.9,18,189.797803
4.1,18,189.810832
-8.9,18,189.823692
-9.15,18,189.836716
-7.4,18,189.846573
-7.35,18,189.862592
-6.6,18,189.862592
-7.4,18,189.882473
-7.4,18,189.936317
-9.35,18,189.958106
-8.85,18,189.971463
-7.95,18,190.027141
2.2,18,190.039142
13.4,18,190.052905
-8.45,18,190.064662
-6.45,18,190.078422
11.9,18,190.092184
-9.05,18,190.107514
-9.1,18,190.120328
-8.0,18,190.132246
12.85,18,190.13896
-7.05,18,190.154934
-6.05,18,190.219821
13.2,18,190.239321
-8.7,18,190.259396
-8.75,18,190.275164
-9.7,18,190.288832
-7.0,18,190.303178
-9.2,18,190.318092
-7.25,18,190.334456
-8.85,18,190.344169
-9.25,18,190.358678
14.0,18,190.372438
13.8,18,190.384454
-8.4,18,190.396213
-8.3,18,190.409974
-9.9,18,190.511198
1.95,18,190.537349
-8.15,18,190.556696
2.25,18,190.575634
-7.7,18,190.593287
-9.0,18,190.609047
-7.9,18,190.622809
1.6,18,190.634826
2.55,18,190.650593
-8.65,18,190.665314
-8.55,18,190.67754
-8.95,18,190.689034
4.0,18,190.705835
-8.4,18,190.713541
14.55,18,190.72891
4.4,18,190.784745
12.6,18,190.798699
-8.75,18,190.813679
-6.3,18,190.82872
2.1,18,190.848502
-6.55,18,190.872805
-8.6,18,190.88957
-6.55,18,190.902017
-7.65,18,190.909528
-6.45,18,190.928813
-7.55,18,190.943201
-8.9,18,190.962936
-8.7,18,190.978445
-8.45,18,190.988293
1.7,18,191.091699
-8.2,18,191.118398
12.7,18,191.153945
-8.75,18,191.184332
-9.0,18,191.204602
12.95,18,191.20861
-7.65,18,191.234076
1.5,18,191.246093
3.75,18,191.259853
-9.25,18,191.271615
-7.95,18,191.271615
-7.7,18,191.295526
-8.8,18,191.303793
-7.8,18,191.334427
-9.25,18,191.463517
-6.3,18,191.478467
14.35,18,191.493549
-7.7,18,191.505083
-8.1,18,191.521793
-7.3,18,191.535472
2.55,18,191.547524
-8.55,18,191.563331
12.7,18,191.577119
-6.4,18,191.591138
-8.35,18,191.606734
-9.1,18,191.620774
12.45,18,191.634789
-8.3,18,191.647051
12.65,18,191.723539
-6.95,18,191.74192
-6.55,18,191.768583
13.35,18,191.789447
12.15,18,191.810056
3.85,18,191.831959
-8.05,18,191.845794
14.25,18,191.85868
14.0,18,191.872548
-7.95,18,191.885612
-8.2,18,191.900636
-7.8,18,191.91467
15.8,18,191.937909
13.05,18,191.950076
-7.8,18,192.003186
-7.65,18,192.01826
13.85,18,192.036141
14.2,18,192.063138
-8.3,18,192.082882
-8.15,18,192.10311
-7.65,18,192.124488
-8.95,18,192.146507
-8.9,18,192.163946
-6.55,18,192.178369
16.1,18,192.192515
-6.95,18,192.20228
-7.5,18,192.218191
-6.4,18,192.24996
-8.55,18,192.277444
-9.35,18,192.426277
12.1,18,192.477549
-9.35,18,192.504507
-8.7,18,192.522368
2.4,18,192.541105
-8.5,18,192.552644
-7.6,18,192.568412
-7.25,18,192.582415
-8.1,18,192.596783
12.3,18,192.610611
13.0,18,192.618698
-7.65,18,192.618698
-9.45,18,192.63478
-8.05,18,192.653175
-5.55,18,192.857616
0.9,18,192.88549
1.7,18,192.898279
-5.45,18,192.913838
-9.7,18,192.932826
14.95,18,192.946783
13.8,18,192.958548
-8.4,18,192.972309
-9.45,18,192.986366
13.95,18,192.998135
-7.95,18,193.015903
-7.45,18,193.02868
-9.1,18,193.044755
-6.5,18,193.060686
-9.1,18,193.132036
-9.15,18,193.423708
-9.4,18,193.459321
-7.5,18,193.472935
13.1,18,193.472935
-9.05,18,193.489029
-9.25,18,193.50521
-8.7,18,193.521144
-7.95,18,193.521144
-9.1,18,193.537073
-7.35,18,193.557301
-7.3,18,193.571392
14.0,18,193.577583
-8.6,18,193.59349
-9.05,18,193.645803
11.9,18,193.662789
-8.8,18,193.67433
-9.0,18,193.688618
-8.8,18,193.70306
-7.5,18,193.704673
-6.2,18,193.725729
-9.3,18,193.738404
14.1,18,193.756515
-7.95,18,193.772049
-9.0,18,193.782378
-6.6,18,193.796694
-9.25,18,193.812787
-8.8,18,193.812787
-7.4,18,193.830816
2.45,18,193.897541
-9.1,18,193.907892
-8.9,18,193.928953
13.9,18,193.943627
11.6,18,193.953445
-8.85,18,193.977164
-7.35,18,193.995047
14.35,18,194.006603
-9.3,18,194.014804
-9.4,18,194.030956
-8.9,18,194.046879
-8.55,18,194.064159
14.7,18,194.12377
-8.4,18,194.139668
12.65,18,194.203852
-8.9,18,194.222027
-7.2,18,194.238665
13.45,18,194.254114
-7.25,18,194.275103
-8.5,18,194.288866
14.05,18,194.300627
2.85,18,194.319885
-8.75,18,194.332299
-9.0,18,194.344968
-7.45,18,194.357988
13.95,18,194.3695
-6.7,18,194.383263
-8.4,18,194.395045
-8.1,18,194.453977
-8.7,18,194.469834
-8.75,18,194.481851
-8.0,18,194.495614
-8.8,18,194.513512
-8.15,18,194.527685
16.1,18,194.540162
-7.65,18,194.542165
2.9,18,194.565884
-7.95,18,194.5779
-8.05,18,194.59166
-5.65,18,194.603677
12.25,18,194.618431
-8.65,18,194.62984
14.9,18,194.686583
-7.65,18,194.698341
-8.65,18,194.71611
-6.65,18,194.730132
-7.15,18,194.743742
-6.7,18,194.755754
14.1,18,194.766771
-9.25,18,194.780531
11.75,18,194.794291
-8.35,18,194.808102
-9.25,18,194.822123
-8.6,18,194.835883
-8.7,18,194.851085
-8.85,18,194.864911
15.0,18,194.916694
-8.2,18,194.934722
-6.4,18,194.948482
-8.75,18,194.962895
14.85,18,194.986155
-8.25,18,195.004522
13.15,18,195.019815
14.4,18,195.033076
12.45,18,195.046941
-7.9,18,195.062424
-6.55,18,195.070871
12.35,18,195.085473
-8.3,18,195.101365
12.8,18,195.103369
14.8,18,195.117207
-8.3,18,195.181253
-9.0,18,195.18946
-8.05,18,195.207281
-9.15,18,195.221217
1.8,18,195.221217
-7.25,18,195.237069
1.6,18,195.252878
-8.35,18,195.289515
-8.5,18,195.318057
-8.75,18,195.343066
-8.2,18,195.359084
-8.05,18,195.38677
-7.85,18,195.407468
-8.55,18,195.425755
3.4,18,195.650899
-8.9,18,195.678466
1.95,18,195.698249
-7.15,18,195.710624
1.5,18,195.725929
12.35,18,195.741923
3.8,18,195.755683
-8.15,18,195.76744
15.4,18,195.779456
-7.9,18,195.793216
-7.95,18,195.812989
-8.7,18,195.823265
-9.3,18,195.840722
-7.45,18,195.848876
-8.05,18,195.904428
13.1,18,195.923341
-8.7,18,195.94568
12.65,18,195.969821
-8.1,18,195.985606
-7.65,18,195.997364
-6.65,18,196.00938
-9.2,18,196.034925
11.65,18,196.049041
3.75,18,196.062976
-6.45,18,196.076599
-8.15,18,196.088617
-8.75,18,196.100696
-9.2,18,196.100696
-8.1,18,196.169788
2.4,18,196.183478
-9.2,18,196.197985
12.25,18,196.210972
-8.9,18,196.230999
-8.55,18,196.241343
-8.05,18,196.256559
-8.35,18,196.272299
-5.95,18,196.284317
2.0,18,196.298076
-6.6,18,196.309833
-8.85,18,196.323594
12.8,18,196.338727
-7.6,18,196.355125
-7.95,18,196.368514
-8.15,18,196.542827
-6.7,18,196.558591
-7.4,18,196.572217
12.7,18,196.58393
13.55,18,196.598307
-6.65,18,196.612108
-9.2,18,196.624156
-8.15,18,196.637941
13.0,18,196.651737
13.85,18,196.669528
-8.7,18,196.683122
-7.95,18,196.694998
2.2,18,196.706875
-8.35,18,196.715117
-8.2,18,196.828493
-8.3,18,196.840509
13.6,18,196.852269
-8.95,18,196.86603
2.9,18,196.881463
-6.5,18,196.896557
-7.85,18,196.908473
-7.8,18,196.913555
-7.85,18,196.933711
12.65,18,196.94773
-7.45,18,196.959488
11.5,18,196.97325
-8.85,18,196.989017
14.2,18,197.001035
1.75,18,197.064307
-9.25,18,197.076064
-7.35,18,197.089823
-8.05,18,197.10573
-9.3,18,197.120949
-7.95,18,197.135147
-8.25,18,197.147395
1.75,18,197.159608
-8.3,18,197.167279
-8.75,18,197.175327
-8.6,18,197.191369
-7.1,18,197.215418
2.05,18,197.229176
1.85,18,197.242525
12.3,18,197.30484
3.65,18,197.320823
4.85,18,197.334116
14.0,18,197.348582
-7.85,18,197.362558
-8.1,18,197.376319
3.05,18,197.39008
-8.75,18,197.404721
3.85,18,197.420929
14.9,18,197.434902
-7.1,18,197.447663
2.7,18,197.459359
-8.9,18,197.477595
14.7,18,197.495822
-7.8,18,197.610883
-7.35,18,197.626655
12.05,18,197.642973
-8.05,18,197.655246
-8.1,18,197.668877
14.55,18,197.681348
-8.45,18,197.69976
-8.55,18,197.714782
3.0,18,197.726539
-9.25,18,197.744304
-8.8,18,197.757391
-7.25,18,197.770411
13.1,18,197.779737
-8.0,18,197.795999
-7.8,18,197.795999
11.85,18,197.865459
-8.6,18,197.878926
5.3,18,197.894796
12.3,18,197.90882
2.0,18,197.924721
-7.55,18,197.946916
-7.3,18,197.967244
-8.45,18,197.985817
-7.85,18,198.005522
-9.25,18,198.02153
-7.85,18,198.033289
-8.2,18,198.047051
13.7,18,198.051058
-8.7,18,198.079865
12.45,18,198.158068
-7.85,18,198.220813
4.3,18,198.235842
2.05,18,198.248646
-8.75,18,198.263669
-7.8,18,198.281438
-6.6,18,198.296725
-8.95,18,198.310811
-8.6,18,198.324836
-6.35,18,198.3373
-8.45,18,198.342808
-7.35,18,198.362133
12.2,18,198.362133
-9.3,18,198.374626
-8.7,18,198.439449
12.4,18,198.453469
-7.2,18,198.467229
-9.3,18,198.479254
-8.6,18,198.49918
12.55,18,198.51309
-7.35,18,198.529094
-7.45,18,198.540852
-8.55,18,198.554612
-8.95,18,198.566629
-8.45,18,198.580389
13.0,18,198.596152
-7.85,18,198.609941
13.05,18,198.622303
-8.6,18,198.675259
-9.3,18,198.69503
-9.45,18,198.710128
-7.55,18,198.722132
-8.65,18,198.736015
13.0,18,198.749775
-8.6,18,198.761532
-7.25,18,198.774242
12.9,18,198.787991
-6.65,18,199.003812
-7.5,18,199.031116
-9.2,18,199.041186
13.5,18,199.058815
3.45,18,199.074025
12.85,18,199.084069
-8.1,18,199.160951
-7.5,18,199.172972
-7.2,18,199.185988
13.05,18,199.198755
12.1,18,199.210771
-8.9,18,199.222802
12.35,18,199.237164
-8.85,18,199.251748
2.8,18,199.267279
14.55,18,199.282356
-8.35,18,199.295236
-6.75,18,199.304991
-7.65,18,199.324656
-8.95,18,199.336414
-8.45,18,199.397901
-8.3,18,199.407742
-7.85,18,199.423285
-7.65,18,199.435303
-9.65,18,199.44706
-6.8,18,199.464073
13.85,18,199.482608
11.35,18,199.503016
-8.0,18,199.516767
-9.5,18,199.558919
-9.05,18,199.574224
12.3,18,199.588483
-9.85,18,199.598205
-8.1,18,199.612074
-9.55,18,199.670988
13.5,18,199.689627
13.9,18,199.711107
-7.5,18,199.728698
14.3,18,199.744686
-7.9,18,199.760037
-7.65,18,199.775609
-8.1,18,199.793135
-7.7,18,199.807958
14.0,18,199.820905
-8.5,18,199.835687
-8.85,18,199.849707
-6.8,18,199.861467
13.3,18,199.869457
-7.8,18,199.926956
-8.9,18,199.943211
-7.9,18,199.957261
-7.75,18,199.971025
-8.7,18,199.984787
-7.95,18,199.998875
11.9,18,200.013746
-8.3,18,200.026803
14.0,18,200.040227
13.2,18,200.05038
-8.75,18,200.065985
-6.7,18,200.078001
-8.3,18,200.089758
-6.7,18,200.107525
13.55,18,200.169251
-6.45,18,200.183028
13.3,18,200.19679
-8.9,18,200.214068
-7.75,18,200.228872
-9.65,18,200.243107
13.5,18,200.257126
-7.9,18,200.270888
-8.45,18,200.282904
-8.4,18,200.296666
-8.85,18,200.310427
-9.1,18,200.325032
3.75,18,200.338026
-8.2,18,200.351319
-9.1,18,200.365169
-7.95,18,200.418645
-8.95,18,200.438158
-8.6,18,200.450052
-8.95,18,200.464468
13.15,18,200.478725
-7.9,18,200.498486
-8.55,18,200.512291
-7.85,18,200.524342
-9.3,18,200.540787
-8.75,18,200.555398
-8.7,18,200.568125
13.7,18,200.58253
-6.9,18,200.596049
-8.7,18,200.605803
-8.65,18,200.662708
-9.35,18,200.678624
14.1,18,200.690808
-7.8,18,200.704568
-8.25,18,200.716585
-8.45,18,200.730383
13.9,18,200.742178
-8.2,18,200.756987
-8.45,18,200.775276
-5.65,18,200.787682
-9.4,18,200.80353
13.25,18,200.81755
1.8,18,200.831311
-7.85,18,200.845071
13.15,18,200.916409
-7.5,18,200.93218
12.75,18,200.946041
-7.55,18,200.959801
-8.25,18,200.975567
-7.6,18,200.98907
-6.95,18,201.001738
13.9,18,201.013823
-8.05,18,201.025964
-9.15,18,201.0391
12.95,18,201.051117
-8.8,18,201.064876
-8.55,18,201.082644
-8.15,18,201.095485
-9.1,18,201.152701
-6.75,18,201.166461
-8.7,18,201.182228
2.95,18,201.196303
-8.35,18,201.209743
12.05,18,201.224574
13.5,18,201.236867
12.25,18,201.250627
-6.45,18,201.266371
2.7,18,201.280132
-7.15,18,201.292149
-8.6,18,201.317126
12.8,18,201.331024
14.1,18,201.343244
12.75,18,201.356405
-8.7,18,201.419571
-8.85,18,201.434053
4.8,18,201.450401
-9.2,18,201.464161
-8.75,18,201.475919
1.6,18,201.489678
2.7,18,201.503697
-8.05,18,201.522241
-6.0,18,201.534772
14.3,18,201.547889
12.35,18,201.561649
-8.05,18,201.575667
-8.2,18,201.589431
-8.9,18,201.599185
-9.05,18,201.672164
12.85,18,201.688188
2.3,18,201.704156
-7.65,18,201.721897
14.25,18,201.737463
11.75,18,201.757375
2.15,18,201.773413
-9.15,18,201.78773
-7.95,18,201.803049
14.55,18,201.817074
-8.15,18,201.830856
-9.25,18,201.848372
-7.45,18,201.861665
14.15,18,201.872523
13.0,18,201.936275
15.45,18,201.959443
-8.6,18,201.975873
12.95,18,201.990654
12.65,18,202.007898
-8.55,18,202.025241
-7.95,18,202.039357
-9.1,18,202.056074
-4.45,18,202.076352
-9.1,18,202.092673
13.95,18,202.106359
-7.35,18,202.119718
-8.65,18,202.132602
14.3,18,202.143654
5.4,18,202.201515
-8.5,18,202.221916
-9.25,18,202.241174
14.2,18,202.290794
-8.65,18,202.306573
-7.95,18,202.320334
15.25,18,202.342105
-8.85,18,202.355864
-7.75,18,202.370203
-9.0,18,202.385372
2.15,18,202.400268
-9.0,18,202.411847
-9.05,18,202.420131
11.8,18,202.435839
-4.5,18,202.491275
-8.35,18,202.50442
-8.8,18,202.519266
-7.7,18,202.538585
-7.7,18,202.541123
2.65,18,202.556858
-8.65,18,202.572714
-6.15,18,202.58841
-7.45,18,202.610713
-7.8,18,202.624167
-6.6,18,202.632416
-8.1,18,202.648542
-6.6,18,202.648542
2.05,18,202.675095
-9.05,18,202.688114
13.85,18,202.745657
-7.6,18,202.759417
-7.85,18,202.773438
-8.8,18,202.789205
11.7,18,202.810737
-8.25,18,202.827087
13.75,18,202.842654
-7.2,18,202.855227
-5.55,18,202.868247
-9.15,18,202.882008
12.0,18,202.894028
-7.75,18,202.907789
13.5,18,202.921606
-8.55,18,202.934337
13.7,18,203.013486
13.15,18,203.030334
-9.1,18,203.045955
-7.95,18,203.062193
-9.2,18,203.077607
14.75,18,203.089623
-8.05,18,203.108961
-9.8,18,203.120978
12.85,18,203.146017
-9.15,18,203.160232
-8.85,18,203.174436
-7.75,18,203.186195
-8.7,18,203.199955
-9.15,18,203.211603
-8.25,18,203.266982
-9.3,18,203.278972
-8.75,18,203.294736
12.3,18,203.306494
-6.55,18,203.320254
-8.6,18,203.336018
13.1,18,203.34992
-9.25,18,203.362886
-8.4,18,203.37723
13.7,18,203.390991
-8.4,18,203.402749
-8.6,18,203.414795
-9.65,18,203.42971
11.9,18,203.4583
12.65,18,203.562978
-6.8,18,203.592005
-6.55,18,203.611965
12.1,18,203.667241
-8.0,18,203.679324
16.7,18,203.6945
-9.0,18,203.70839
2.65,18,203.720408
-8.45,18,203.734428
-9.2,18,203.746186
-8.2,18,203.760627
-8.2,18,203.772946
-7.3,18,203.786281
-7.65,18,203.80224
1.9,18,203.814872
3.6,18,203.91897
-7.45,18,203.941014
-7.75,18,203.965815
2.8,18,203.987281
-9.15,18,204.005732
-8.2,18,204.018036
-6.75,18,204.030476
-8.15,18,204.044036
11.7,18,204.057827
-7.15,18,204.071721
-8.95,18,204.091671
-8.9,18,204.102231
14.3,18,204.121212
-8.3,18,204.132407
-8.85,18,204.192384
-7.35,18,204.216177
-7.95,18,204.46833
-5.9,18,204.470339
-8.4,18,204.490906
-7.9,18,204.502053
13.2,18,204.52162
-7.6,18,204.535164
-8.95,18,204.550181
11.95,18,204.566536
-8.45,18,204.581693
-8.9,18,204.589734
2.7,18,204.60904
-10.0,18,204.621716
-8.85,18,204.691723
-8.4,18,204.703484
-7.0,18,204.717246
-8.7,18,204.733782
14.35,18,204.747519
-8.85,18,204.76089
-8.45,18,204.773103
-8.05,18,204.787636
-9.6,18,204.803093
-8.95,18,204.821927
-7.6,18,204.837725
14.0,18,204.856943
-7.1,18,204.870318
-8.6,18,204.884134
-8.05,18,204.939265
-7.55,18,204.958898
-7.4,18,205.020376
-8.65,18,205.034138
-7.7,18,205.047822
-7.8,18,205.063569
-8.8,18,205.079462
-9.4,18,205.095528
2.1,18,205.109312
-7.65,18,205.122279
-8.9,18,205.134832
2.05,18,205.134832
-9.05,18,205.148698
2.6,18,205.168072
-8.2,18,205.222871
-7.45,18,205.235308
-7.55,18,205.246829
12.9,18,205.264193
2.7,18,205.278355
-8.5,18,205.291003
-8.6,18,205.302987
0.85,18,205.316864
16.05,18,205.32888
-8.45,18,205.34064
2.25,18,205.354401
4.3,18,205.370171
-8.9,18,205.384592
1.6,18,205.397524
12.0,18,205.408548
12.25,18,205.475547
-8.8,18,205.491087
2.1,18,205.505777
-8.6,18,205.520769
-8.3,18,205.535223
-8.5,18,205.546741
4.55,18,205.560503
-8.8,18,205.574265
12.8,18,205.586283
-6.1,18,205.602049
13.25,18,205.615393
11.85,18,205.630155
13.25,18,205.640639
-7.9,18,205.65416
-8.35,18,205.71603
3.0,18,205.730958
-7.8,18,205.74492
-6.85,18,205.762999
-8.45,18,205.77676
-8.95,18,205.788776
11.85,18,205.802537
14.35,18,205.816362
2.3,18,205.830659
-7.95,18,205.845068
12.15,18,205.857519
-8.35,18,205.868536
-7.05,18,205.882297
11.45,18,205.897188
-8.55,18,205.957409
12.8,18,205.976695
-8.05,18,205.993933
-8.15,18,206.007955
-9.15,18,206.023719
-7.95,18,206.040988
-9.0,18,206.055564
-7.8,18,206.067155
-8.75,18,206.079172
-7.05,18,206.092932
-9.05,18,206.106952
-8.8,18,206.120715
-8.45,18,206.136477
-7.1,18,206.148849
14.65,18,206.202094
-9.0,18,206.215856
3.0,18,206.231619
1.85,18,206.245368
-8.25,18,206.259744
15.25,18,206.272997
-8.15,18,206.287347
-6.05,18,206.300121
3.75,18,206.313321
12.2,18,206.325439
12.1,18,206.342785
-8.9,18,206.392779
15.0,18,206.404908
11.75,18,206.412789
-9.4,18,206.420949
-6.2,18,206.499317
-9.0,18,206.519878
-7.9,18,206.539662
-9.1,18,206.561563
13.85,18,206.576342
13.5,18,206.589094
-7.45,18,206.601181
-8.6,18,206.617831
-6.35,18,206.636316
-8.7,18,206.650352
-8.35,18,206.665995
13.1,18,206.677856
11.8,18,206.688084
-8.35,18,206.696291
13.2,18,206.756977
2.8,18,206.773811
-8.85,18,206.786023
-8.9,18,206.801393
13.85,18,206.815816
-8.7,18,206.827337
2.1,18,206.841098
12.6,18,206.853114
-6.4,18,206.866885
-8.95,18,206.883667
-9.05,18,206.894696
-9.0,18,206.912341
-6.65,18,206.924906
-8.4,18,206.938402
12.1,18,206.998365
-8.6,18,207.013336
-8.1,18,207.026116
-8.95,18,207.039135
-8.75,18,207.053055
-8.8,18,207.068095
-8.6,18,207.081856
-7.25,18,207.095718
-6.95,18,207.110191
-7.7,18,207.123774
12.85,18,207.136549
-6.3,18,207.149439
-7.55,18,207.16318
13.25,18,207.174227
-8.85,18,207.231698
13.35,18,207.245193
-8.85,18,207.259214
-7.85,18,207.272976
14.4,18,207.287044
-9.3,18,207.299062
-9.1,18,207.318184
-8.75,18,207.333004
-6.15,18,207.34636
-8.45,18,207.36
-8.6,18,207.372017
-7.7,18,207.385779
12.15,18,207.401541
13.9,18,207.420504
15.65,18,207.481174
1.7,18,207.494938
-8.85,18,207.5087
-7.65,18,207.526467
-8.45,18,207.540978
14.55,18,207.56206
15.2,18,207.58654
-8.7,18,207.612375
-8.4,18,207.628985
14.9,18,207.644901
-9.25,18,207.658641
1.85,18,207.676024
-8.45,18,207.689741
-7.3,18,207.705778
-7.95,18,207.705778
-8.55,18,207.773029
-8.9,18,207.785089
-9.35,18,207.798119
-7.15,18,207.81214
12.65,18,207.825908
-8.8,18,207.845688
-7.75,18,207.859581
-7.9,18,207.873487
12.6,18,207.885945
-8.7,18,207.912903
12.7,18,207.933732
-9.35,18,207.951881
12.8,18,207.963665
-7.45,18,207.973037
2.25,18,208.033135
14.6,18,208.046082
-8.05,18,208.062943
12.2,18,208.077707
-8.95,18,208.088313
-6.45,18,208.111342
-7.95,18,208.125415
-9.05,18,208.139217
-8.05,18,208.151269
-8.5,18,208.168961
-9.25,18,208.183215
-8.3,18,208.19931
-8.1,18,208.212847
-7.1,18,208.223089
-7.2,18,208.280217
14.15,18,208.2941
13.05,18,208.308275
-9.2,18,208.320814
-8.0,18,208.332334
2.55,18,208.348099
-8.75,18,208.361859
11.65,18,208.376764
1.8,18,208.390324
-8.8,18,208.405013
-6.6,18,208.41766
-9.15,18,208.428676
-9.0,18,208.444381
2.25,18,208.459846
-9.1,18,208.522223
-9.15,18,208.535244
-8.65,18,208.547935
-8.2,18,208.562958
-7.4,18,208.581054
-8.2,18,208.597178
-7.9,18,208.609554
-8.3,18,208.62369
-7.5,18,208.638072
12.9,18,208.651834
2.95,18,208.665593
-8.5,18,208.679357
15.95,18,208.693116
3.4,18,208.707196
-9.05,18,208.718267
-7.05,18,208.810995
-9.45,18,208.828728
-8.35,18,208.852374
-8.7,18,208.869911
-7.85,18,208.883673
-9.15,18,208.897433
12.45,18,208.911476
-7.65,18,208.928994
12.95,18,208.942809
-6.35,18,208.956496
1.6,18,208.970841
13.15,18,208.983977
-7.9,18,208.995612
-8.25,18,208.995612
-8.75,18,209.063794
-8.4,18,209.079491
-7.95,18,209.093252
-7.3,18,209.10501
-6.95,18,209.118775
15.45,18,209.130532
-8.4,18,209.146529
13.85,18,209.160974
-9.25,18,209.176051
-8.7,18,209.189041
-7.6,18,209.202892
13.6,18,209.214908
-8.8,18,209.228668
-7.5,18,209.24243
13.35,18,209.300098
-6.45,18,209.314239
-8.35,18,209.326255
3.0,18,209.339777
-6.35,18,209.353537
12.7,18,209.367696
2.9,18,209.382249
12.15,18,209.394928
-6.7,18,209.406848
-7.3,18,209.629791
12.75,18,209.645031
2.25,18,209.661018
-8.2,18,209.683461
3.5,18,209.70067
-7.45,18,209.759954
1.85,18,209.774382
14.2,18,209.7859
-7.55,18,209.805672
-8.95,18,209.820197
12.65,18,209.833255
1.85,18,209.8485
-9.3,18,209.863104
-6.45,18,209.874863
13.55,18,209.888624
-8.95,18,209.900642
-8.25,18,209.904388
-7.6,18,209.930293
14.2,18,209.943995
13.2,18,209.996035
14.45,18,210.013211
-7.5,18,210.028678
-7.3,18,210.041305
-9.3,18,210.053238
-8.5,18,210.064996
-8.8,18,210.079017
-7.4,18,210.092781
-7.5,18,210.104548
-6.15,18,210.120314
-8.4,18,210.133754
1.9,18,210.14817
-6.8,18,210.160225
-8.75,18,210.174299
13.15,18,210.188061
-9.25,18,210.247883
13.1,18,210.263636
-8.0,18,210.277274
12.6,18,210.293298
12.35,18,210.305057
15.5,18,210.319115
12.25,18,210.337295
13.3,18,210.35189
-8.7,18,210.365179
-8.1,18,210.379435
-7.75,18,210.392969
-6.35,18,210.40634
-9.05,18,210.422052
-7.9,18,210.470654
11.7,18,210.604309
-8.1,18,210.627577
-6.75,18,210.652756
-8.55,18,210.676053
-8.05,18,210.690259
-9.4,18,210.708015
-7.75,18,210.721872
-8.6,18,210.735364
-8.95,18,210.747747
-7.25,18,210.76405
-9.5,18,210.776093
-8.65,18,210.791246
-8.5,18,210.806241
16.05,18,210.821283
-6.45,18,210.939476
13.5,18,210.968719
3.15,18,211.041061
-7.95,18,211.127388
-8.9,18,211.190272
-8.45,18,211.270492
-7.95,18,211.331436
-9.65,18,211.41092
-8.8,18,211.485648
-8.85,18,211.566897
-8.7,18,211.656035
-9.15,18,211.714096
-7.2,18,211.784967
16.0,18,211.860102
13.5,18,212.227462
14.55,18,212.280006
-8.15,18,212.316314
-7.95,18,212.36975
2.35,18,212.419125
-8.75,18,212.46517
-9.35,18,212.516527
13.7,18,212.56035
3.0,18,212.625556
1.45,18,212.666421
2.85,18,212.71695
-8.3,18,212.759981
-9.0,18,212.814932
13.6,18,212.895953
-8.8,18,213.000618
1.9,18,213.282881
13.15,18,213.332546
-9.55,18,213.381963
-7.7,18,213.440093
-8.75,18,213.48231
-6.65,18,213.54035
2.65,18,213.581803
-8.75,18,213.639896
12.25,18,213.683102
5.35,18,213.739423
13.15,18,213.789258
-8.95,18,213.870718
-8.9,18,214.113369
-7.75,18,214.162728
-8.25,18,214.417122
-8.1,18,214.466846
-7.9,18,214.51673
13.75,18,214.561506
-6.55,18,214.615464
12.8,18,214.664428
2.0,18,214.720989
-7.85,18,214.779342
-9.25,18,214.84534
-8.6,18,214.906755
14.3,18,214.967076
-7.05,18,215.037077
-9.3,18,215.097615
13.05,18,215.162263
13.5,18,215.487567
-8.65,18,215.543398
-9.0,18,215.59209
-8.15,18,215.645303
-7.65,18,215.691463
12.65,18,215.751885
-7.95,18,215.81645
-9.1,18,215.882696
4.2,18,215.923915
13.15,18,216.009536
-7.0,18,216.099397
-9.1,18,216.160508
-8.85,18,216.238523
-6.6,18,216.284504
-8.7,18,216.548968
2.7,18,216.606128
-8.05,18,216.648597
-7.3,18,216.705297
-7.2,18,216.755035
15.05,18,216.812909
2.9,18,216.862883
-6.0,18,216.930348
-8.85,18,217.015593
2.85,18,217.087917
-6.55,18,217.14401
12.65,18,217.185203
-8.4,18,217.234481
-7.35,18,217.305823
-8.2,18,217.566759
-9.1,18,217.62518
-9.3,18,217.666484
-6.3,18,217.712345
-7.15,18,217.764511
-6.8,18,217.809251
11.9,18,217.878706
-8.55,18,217.930426
-7.9,18,217.987824
2.15,18,218.057983
-7.1,18,218.130026
-7.5,18,218.185495
12.15,18,218.233188
2.65,18,218.305904
-7.25,18,218.348708
-9.3,18,218.599823
-8.4,18,218.653579
-8.35,18,218.694185
14.3,18,218.742632
13.85,18,218.786209
-7.95,18,218.835802
-8.1,18,218.893672
-9.3,18,218.934762
-7.45,18,219.000482
-8.5,18,219.044982
-8.55,18,219.115409
-8.75,18,219.168622
-8.05,18,219.224135
-8.55,18,219.274488
-7.6,18,219.530429
-9.3,18,219.580662
-8.3,18,219.627498
13.15,18,219.687892
-7.35,18,219.731908
11.7,18,219.795594
-9.25,18,219.84335
-8.25,18,219.902724
-7.0,18,219.956895
12.95,18,220.021025
-8.95,18,220.105498
-9.3,18,220.15556
-8.9,18,220.210077
-7.7,18,220.256695
-8.4,18,220.523857
-7.6,18,220.58003
-8.8,18,220.620505
-7.9,18,220.675225
13.05,18,220.720187
-6.85,18,220.779901
-9.8,18,220.835424
-7.95,18,220.893871
-8.6,18,220.960015
-8.2,18,221.045565
-7.95,18,221.094898
-8.35,18,221.161536
12.9,18,221.215734
-7.05,18,221.276199
-7.45,18,221.609031
-9.2,18,221.650936
-6.95,18,221.705063
-9.0,18,221.749024
-8.65,18,221.798137
-9.05,18,221.847265
-7.65,18,221.912644
-8.9,18,221.981714
12.45,18,222.085598
-8.9,18,222.144822
-7.95,18,222.212594
13.15,18,222.265973
-8.95,18,222.344142
-8.15,18,222.413014
-7.5,18,222.46303
-8.55,18,222.703597
-8.3,18,222.758142
13.0,18,222.811472
-7.7,18,222.869971
-8.75,18,222.91357
2.25,18,222.979182
-8.25,18,223.034145
-8.45,18,223.1004
-8.0,18,223.147611
3.6,18,223.199754
-6.9,18,223.262738
-9.2,18,223.327125
-9.1,18,223.371661
13.3,18,223.422265
-9.1,18,223.663632
13.75,18,223.70771
-8.9,18,223.760654
14.0,18,223.802098
2.6,18,223.850721
-7.0,18,223.898481
11.7,18,223.95974
15.9,18,224.058289
2.45,18,224.133401
1.2,18,224.191074
-9.0,18,224.247597
12.05,18,224.343145
-9.65,18,224.432384
-7.95,18,224.515646
14.25,18,224.867452
12.5,18,224.919974
-8.65,18,225.123043
-7.4,18,225.207972
-7.95,18,225.253782
-8.65,18,225.357033
-7.6,18,225.420203
-9.0,18,225.481392
3.8,18,225.530833
1.95,18,225.588392
-9.3,18,225.62606
-7.2,18,225.675866
-8.5,18,225.729148
1.35,18,225.793311
-7.75,18,226.16662
-7.0,18,226.209553
-8.7,18,226.265318
12.6,18,226.310971
1.65,18,226.363867
-6.5,18,226.421777
-7.5,18,226.487415
12.85,18,226.566092
15.05,18,226.658898
-6.25,18,226.770063
13.05,18,226.872932
-6.5,18,226.918754
-9.25,18,226.987774
1.6,18,227.089937
14.25,18,227.415354
-8.8,18,227.464504
-7.3,18,227.516462
12.95,18,228.597464
-7.25,18,228.652865
-8.25,18,228.714595
14.45,18,228.793175
-9.6,18,228.837991
-8.75,18,228.898945
-7.35,18,228.952256
2.4,18,229.018178
-6.05,18,229.086383
-8.35,18,229.185724
-7.95,18,229.278299
-8.45,18,229.327639
-9.25,18,229.629825
-8.15,18,229.671648
-8.5,18,229.726017
12.15,18,229.769403
-6.75,18,229.821351
-8.8,18,229.862342
-9.0,18,229.911992
-8.65,18,229.96506
-7.3,18,230.011392
-7.9,18,230.086961
15.75,18,230.136198
-7.6,18,230.195645
13.75,18,230.242294
-9.25,18,230.291257
-8.05,18,230.644006
-7.85,18,230.686388
-8.8,18,230.736392
-7.2,18,230.778742
-8.75,18,230.839092
3.6,18,230.883672
-8.7,18,230.92954
-7.95,18,231.002695
-7.75,18,231.092655
-8.2,18,231.146932
-7.95,18,231.236706
-8.5,18,231.296736
-7.15,18,231.346414
-9.0,18,231.403252
-9.35,18,231.658116
-9.75,18,231.700542
-7.75,18,231.752713
-8.1,18,231.795254
-8.65,18,231.848037
13.05,18,231.921707
12.75,18,231.97153
-8.05,18,232.023556
-9.2,18,232.098086
-7.45,18,232.157473
-7.25,18,232.24302
-7.8,18,232.341394
-7.85,18,232.402361
3.85,18,232.472805
13.85,18,232.783221
14.25,18,232.825829
-7.55,18,232.876922
13.15,18,232.919009
-6.65,18,232.96146
-7.95,18,233.017914
-8.5,18,233.065622
-8.45,18,233.140696
5.75,18,233.204103
3.25,18,233.264752
-8.65,18,233.316611
12.0,18,233.370956
-7.8,18,233.409694
-9.1,18,233.474017
-7.6,18,233.520288
12.95,18,233.762474
-7.55,18,233.8248
13.1,18,233.87268
-8.7,18,233.923757
-8.9,18,233.965616
-5.8,18,234.025486
-7.35,18,234.067156
-3.45,18,234.12795
-7.8,18,234.187179
16.25,18,234.24949
12.35,18,234.298208
-8.85,18,234.351228
-7.0,18,234.40731
2.45,18,234.474263
-8.45,18,234.743799
-4.35,18,234.792629
-7.5,18,234.836032
-7.3,18,234.88576
2.85,18,234.923841
-8.15,18,234.979995
-7.95,18,235.049467
-9.1,18,235.122571
-9.05,18,235.182946
13.3,18,235.233335
13.75,18,235.292147
-7.45,18,235.338085
-8.5,18,235.500942
-8.9,18,235.564669
-9.1,18,235.804396
-8.2,18,235.855612
-8.05,18,235.899624
-7.45,18,235.946419
-5.8,18,235.997729
-8.25,18,236.04263
-7.3,18,236.113196
-7.6,18,236.16261
-8.8,18,236.233961
12.45,18,236.283174
13.05,18,236.335455
-8.0,18,236.416901
-7.75,18,236.467584
-7.15,18,236.512127
-9.35,18,236.766733
-9.2,18,236.813126
-9.05,18,236.861778
12.85,18,236.909005
13.15,18,236.948748
-8.7,18,237.004719
12.9,18,237.047139
12.35,18,237.101757
14.35,18,237.156709
-8.8,18,237.204359
14.1,18,237.259291
-9.25,18,237.303141
-7.75,18,237.358453
-9.8,18,237.401041
-9.0,18,237.646091
-8.25,18,237.701394
-9.15,18,237.741662
-8.85,18,237.79926
-8.6,18,237.839745
3.3,18,237.891228
-6.65,18,237.938121
-7.95,18,237.979836
-7.15,18,238.032962
13.05,18,238.079134
-6.65,18,238.154058
-9.05,18,238.194928
-6.6,18,238.248428
5.6,18,238.289207
-7.95,18,238.329698
2.05,18,238.602833
-8.2,18,238.651848
-6.6,18,238.702759
13.55,18,238.743629
-6.85,18,238.788092
-5.4,18,238.848701
-6.9,18,238.896497
11.8,18,238.950553
-7.55,18,239.000476
14.0,18,239.052353
-9.1,18,239.122238
-8.8,18,239.179502
14.15,18,239.241012
-8.35,18,239.296041
-8.2,18,239.534131
-8.85,18,239.580119
-7.6,18,239.624983
-7.8,18,239.666455
-9.9,18,239.718829
13.65,18,239.759922
-7.55,18,239.826663
-6.7,18,239.867164
2.0,18,239.936167
-5.5,18,239.97623
-7.5,18,240.022504
-7.85,18,240.075473
-9.0,18,240.137406
-8.75,18,240.206793
-7.25,18,240.454787
-8.85,18,240.507031
-8.85,18,240.548344
-6.85,18,240.594563
-8.45,18,240.636978
-8.25,18,240.69269
3.35,18,240.734273
13.5,18,240.78901
-8.25,18,240.841261
-8.1,18,240.889891
-8.5,18,240.952
-8.7,18,240.994354
-9.05,18,241.044916
-9.0,18,241.088435
13.0,18,241.360159
16.3,18,241.403658
-9.0,18,241.447206
11.95,18,241.49733
-9.0,18,241.539951
-8.6,18,241.583709
-7.85,18,241.624643
-7.1,18,241.676666
-7.9,18,241.732434
-8.4,18,241.780582
-5.9,18,241.852735
2.6,18,241.90564
-6.4,18,241.95238
14.0,18,241.991917
11.85,18,242.046796
-6.5,18,242.303404
1.9,18,242.345854
-9.55,18,242.394138
-6.25,18,242.436711
-7.35,18,242.48986
-8.05,18,242.545033
-8.15,18,242.594564
-8.7,18,242.643659
-8.35,18,242.684371
2.4,18,242.73348
-8.6,18,242.776514
-8.7,18,242.82584
-8.25,18,242.870464
-7.25,18,242.921395
2.7,18,243.210557
-7.45,18,243.26093
-4.6,18,243.307486
-8.25,18,243.345828
-8.5,18,243.396317
-8.25,18,243.437018
-9.0,18,243.477727
15.7,18,243.527375
12.0,18,243.576003
-7.4,18,243.626406
-8.85,18,243.679018
-8.45,18,243.739933
2.8,18,243.776076
-7.85,18,243.842594
13.6,18,244.063488
1.55,18,244.112665
12.35,18,244.161814
-7.2,18,244.212137
12.55,18,244.26013
-9.0,18,244.313403
-7.2,18,244.350836
-8.2,18,244.401462
-9.25,18,244.449359
-8.15,18,244.51538
-7.2,18,244.558831
13.25,18,244.624459
-9.05,18,244.681391
-9.25,18,244.733525
-7.65,18,244.960659
-9.1,18,245.006485
14.8,18,245.050699
-8.4,18,245.09798
13.35,18,245.140102
1.75,18,245.214965
-8.85,18,245.264329
12.5,18,245.327576
12.3,18,245.370944
12.8,18,245.43327
-8.35,18,245.475434
-8.0,18,245.541865
-7.65,18,245.590457
12.8,18,245.645088
-8.05,18,246.05639
13.25,18,246.111336
-7.9,18,246.163828
-7.55,18,246.218179
-9.0,18,246.262515
12.15,18,246.315116
-6.95,18,246.357154
-7.6,18,246.398345
-7.65,18,246.456812
-8.85,18,246.498147
-8.6,18,246.553655
-8.15,18,246.594948
-8.4,18,246.650417
-8.1,18,246.695007
2.0,18,246.744014
12.7,18,246.976099
-9.05,18,247.033821
-8.85,18,247.07524
-9.05,18,247.13314
13.1,18,247.174799
-7.15,18,247.244056
-8.05,18,247.309359
12.2,18,247.366682
1.85,18,247.408216
-6.6,18,247.46312
11.95,18,248.342463
1.15,18,248.396326
-6.8,18,248.435725
-9.1,18,248.493715
13.05,18,248.726849
12.8,18,248.768351
-8.75,18,248.826152
2.85,18,248.86769
2.4,18,248.917778
14.6,18,248.967374
-7.9,18,249.018198
-7.95,18,249.066334
-9.0,18,249.110131
-6.75,18,249.168315
-6.85,18,249.218302
-8.75,18,249.284689
-9.1,18,249.326016
12.9,18,249.384975
-9.1,18,249.624397
-8.2,18,249.675467
-6.85,18,249.721346
11.15,18,249.793771
13.15,18,249.841275
-8.85,18,249.890316
-8.5,18,249.941522
-8.45,18,249.982831
-7.65,18,250.038263
-6.75,18,250.07999
11.7,18,250.13104
-8.05,18,250.183051
-8.55,18,250.242245
-6.4,18,250.296836
1.85,18,250.528245
-9.05,18,250.577575
1.95,18,250.625396
13.15,18,250.674238
12.05,18,250.721234
11.9,18,250.768925
2.45,18,250.819081
-8.1,18,250.854918
-8.7,18,250.913178
-6.65,18,250.963645
-8.85,18,251.017892
1.95,18,251.061895
12.8,18,251.111616
-8.35,18,251.163798
-9.15,18,251.208172
-8.15,18,251.458298
-8.25,18,251.499997
13.8,18,251.548961
-9.1,18,251.599113
-9.55,18,251.64188
-7.35,18,251.697944
-9.25,18,251.739103
-8.3,18,251.78156
-7.65,18,251.837984
3.1,18,251.884777
12.3,18,251.939437
-7.95,18,251.984211
-7.5,18,252.035978
-7.15,18,252.087637
14.4,18,252.41503
-6.6,18,252.463639
-8.7,18,252.508821
-9.15,18,252.553438
2.05,18,252.605926
-9.0,18,252.655291
-9.0,18,252.705693
-8.45,18,252.763832
-9.35,18,252.824539
-7.65,18,252.866425
-8.65,18,252.916945
-8.6,18,252.965938
-8.5,18,253.00455
12.35,18,253.063372
12.25,18,253.337231
12.0,18,253.396381
15.5,18,253.43831
-8.1,18,253.488671
11.8,18,253.546906
-8.2,18,253.609629
-6.55,18,253.662477
-6.95,18,253.720665
-7.15,18,253.795726
-8.35,18,253.868153
3.35,18,253.912935
-8.6,18,253.966375
-8.45,18,254.011695
-9.05,18,254.069683
-6.85,18,254.429767
-8.45,18,254.476324
-9.2,18,254.531346
12.0,18,254.575274
-7.35,18,254.621375
5.75,18,254.666166
12.1,18,254.726097
-8.2,18,254.78499
-9.05,18,254.848746
13.8,18,254.898334
-8.05,18,254.94507
-7.75,18,255.00533
14.7,18,255.069447
12.7,18,255.120589
-8.6,18,255.396219
-9.25,18,255.479162
1.9,18,255.532515
-8.15,18,255.575823
-7.95,18,255.617259
-9.9,18,255.676116
-6.9,18,255.728167
-6.45,18,255.788284
-9.0,18,255.835778
-8.65,18,255.885813
2.0,18,255.933738
4.35,18,255.998264
-8.0,18,256.043019
13.55,18,256.104049
-9.3,18,256.147208
-7.6,18,256.406335
-8.0,18,256.564669
-8.3,18,256.64783
13.65,18,256.706858
-8.6,18,256.764436
-7.2,18,256.819061
-9.45,18,256.867242
-9.2,18,256.928252
13.1,18,256.977084
-9.3,18,257.037993
-8.65,18,257.085778
-8.0,18,257.147531
-8.6,18,257.197267
-8.8,18,257.259656
-8.6,18,257.520628
-7.75,18,257.571098
-8.15,18,257.617537
2.2,18,257.659969
13.05,18,257.706157
-8.9,18,257.766549
-6.7,18,257.831547
2.0,18,257.879533
-6.35,18,257.932862
-8.85,18,257.975645
13.2,18,258.025994
-8.75,18,258.072122
-8.45,18,258.118737
3.85,18,258.181183
-8.45,18,258.484183
-8.35,18,258.532701
-9.3,18,258.581196
13.25,18,258.626931
14.05,18,258.67037
-8.55,18,258.730552
-8.3,18,258.786031
-6.45,18,258.852381
-8.5,18,258.905592
-7.35,18,258.96608
3.0,18,259.067389
-8.95,18,259.121137
-8.05,18,259.177616
14.1,18,259.245644
-7.55,18,259.535911
-7.6,18,259.585656
-8.1,18,259.634026
13.0,18,259.681596
-8.3,18,259.725293
2.95,18,259.77718
-8.2,18,259.819054
14.3,18,259.867295
-7.1,18,259.918071
13.95,18,259.980654
-9.2,18,260.032558
12.8,18,260.096249
-9.45,18,260.144589
13.1,18,260.207544
14.0,18,260.271679
-9.2,18,260.520069
-8.5,18,260.571083
3.75,18,260.613397
14.35,18,260.659726
12.4,18,260.697836
1.8,18,260.739895
14.1,18,260.794552
-7.4,18,260.840678
13.15,18,260.898945
-7.2,18,260.947827
-8.55,18,261.002604
15.4,18,261.050448
-8.7,18,261.101995
-9.3,18,261.162949
-8.8,18,261.482296
-7.1,18,261.521275
1.8,18,261.574447
-7.9,18,261.641437
-8.35,18,261.692825
-8.0,18,261.742871
-9.8,18,261.810764
2.1,18,261.85446
12.8,18,261.913823
-8.75,18,261.957469
-8.1,18,262.022888
-7.05,18,262.072698
-8.1,18,262.126048
2.6,18,262.175435
14.35,18,262.495918
12.9,18,262.544295
2.75,18,262.588484
-7.35,18,262.631592
15.65,18,262.683694
-9.1,18,262.725146
-8.8,18,262.791722
13.55,18,262.841273
-8.7,18,262.891837
-7.55,18,262.951812
13.2,18,263.004839
-8.9,18,263.054994
-8.75,18,263.103454
13.5,18,263.162325
14.6,18,263.459384
2.0,18,263.507868
-8.15,18,263.564041
15.85,18,263.620761
13.95,18,263.676278
-8.5,18,263.726094
-8.1,18,263.776153
-8.35,18,263.841951
-7.7,18,263.931749
-8.45,18,264.004653
-9.15,18,264.097081
-9.5,18,264.184755
11.7,18,264.30261
3.6,18,264.396484
-7.5,18,264.908516
-9.0,18,264.969391
13.15,18,265.051134
13.2,18,265.12345
-7.8,18,265.174415
-8.95,18,265.295831
-9.1,18,265.37026
14.65,18,265.420876
-9.4,18,265.48857
-7.95,18,265.55456
-9.5,18,265.610759
13.35,18,265.662908
12.4,18,265.710927
-7.7,18,265.761192
2.0,18,265.827534
-8.5,18,266.137722
-8.2,18,266.184013
-8.65,18,266.253519
1.95,18,266.324528
-8.95,18,266.410835
4.7,18,266.452159
-8.05,18,266.518477
-8.15,18,266.58506
-9.05,18,266.634897
-9.3,18,266.684698
-8.2,18,266.742292
-9.1,18,266.792059
-7.95,18,266.866241
2.2,18,266.915395
-8.55,18,267.280723
-8.05,18,267.372355
-7.95,18,267.42979
12.9,18,267.47977
-8.6,18,267.520525
-7.9,18,267.578552
14.1,18,267.623721
-7.5,18,267.680459
-7.7,18,267.763631
-8.9,18,267.823915
-8.15,18,267.866188
-8.95,18,267.931696
12.65,18,267.975978
12.0,18,268.028293
11.85,18,268.363074
-8.5,18,268.406387
-9.15,18,268.454888
14.3,18,268.503553
-7.6,18,269.406458
-7.35,18,269.455189
13.8,18,269.502234
-7.55,18,269.543248
-8.75,18,269.598379
15.1,18,269.643496
-9.35,18,269.712985
13.85,18,269.764648
-8.5,18,269.826813
14.5,18,269.867263
-8.15,18,270.109043
-8.45,18,270.158649
-8.75,18,270.205571
13.1,18,270.266331
-8.4,18,270.317533
13.05,18,270.381882
-9.05,18,270.42852
-8.85,18,270.520323
-7.6,18,270.572116
-8.55,18,270.622473
-8.65,18,270.672877
-8.45,18,270.725729
-8.8,18,270.775581
3.65,18,270.838372
-8.2,18,270.886009
-6.8,18,271.122876
12.35,18,271.175779
-8.6,18,271.226398
-9.35,18,271.280712
12.6,18,271.3304
2.4,18,271.380673
-8.2,18,271.431998
-7.9,18,271.475133
-8.5,18,271.529181
12.2,18,271.573735
-9.25,18,271.634353
-6.85,18,271.680814
-8.35,18,271.731012
-9.1,18,271.775391
-7.45,18,272.076941
-8.1,18,272.119356
-7.45,18,272.167571
-8.65,18,272.21632
-8.9,18,272.274066
-6.6,18,272.328799
-8.7,18,272.383775
-7.45,18,272.434459
11.85,18,272.495126
2.05,18,272.540425
-8.4,18,272.588966
13.75,18,272.634482
12.65,18,272.68235
13.85,18,272.737068
13.65,18,272.984929
-8.15,18,273.026082
-8.4,18,273.075778
-8.35,18,273.125283
-7.85,18,273.224753
-9.0,18,273.289038
-8.95,18,273.338204
-8.2,18,273.401457
15.05,18,273.447314
-6.3,18,273.506742
-8.3,18,273.556361
-7.8,18,273.611534
-7.45,18,273.652423
-8.2,18,273.725919
-7.6,18,273.957494
-8.85,18,274.005364
14.25,18,274.054074
-9.1,18,274.102234
-9.55,18,274.15236
-6.65,18,274.208599
2.55,18,274.259657
13.8,18,274.31819
-8.8,18,274.381415
-6.35,18,274.435376
-7.35,18,274.484032
-7.6,18,274.561428
-8.8,18,274.611493
-8.35,18,274.660472
-7.75,18,274.896761
-9.2,18,274.949234
-7.15,18,274.99392
-8.2,18,275.046098
-8.75,18,275.106187
-8.4,18,275.150567
-9.05,18,275.208063
-8.05,18,275.272868
-8.15,18,275.326676
14.3,18,275.376004
13.4,18,275.429095
-7.85,18,275.472336
-6.2,18,275.525874
-7.2,18,275.576852
12.55,18,275.634111
-8.5,18,275.865098
1.9,18,275.924836
12.5,18,275.983381
-8.35,18,276.025245
-6.8,18,276.078123
-9.25,18,276.124791
3.35,18,276.176698
-8.8,18,276.238458
-8.7,18,276.30151
12.25,18,276.358464
-8.65,18,276.413288
-5.75,18,276.45821
-9.2,18,276.510958
4.55,18,276.560663
2.85,18,276.801008
2.85,18,276.848488
13.25,18,276.89461
14.35,18,276.936988
-7.1,18,276.987668
12.6,18,277.053581
-7.95,18,277.103326
13.25,18,277.163453
-7.5,18,277.217892
3.65,18,277.324915
-8.45,18,277.378672
14.65,18,277.42966
-9.25,18,277.476233
-8.8,18,277.530773
13.95,18,278.142735
2.65,18,278.197544
12.0,18,278.290165
-8.95,18,278.362831
-8.65,18,278.420719
-8.75,18,278.462052
-7.05,18,278.516342
-7.25,18,278.560647
-8.65,18,278.614524
14.6,18,278.662008
-6.95,18,278.702952
-5.6,18,278.754548
-9.0,18,278.807468
13.05,18,278.867201
11.75,18,279.119135
-8.4,18,279.161292
13.0,18,279.212065
2.0,18,279.281665
-8.7,18,279.337519
-9.0,18,279.409499
-7.9,18,279.453088
12.1,18,279.502342
1.8,18,279.563567
-7.7,18,279.620653
1.85,18,279.669971
2.7,18,279.714824
-9.0,18,279.772214
-6.45,18,279.815697
-8.3,18,279.872009
12.35,18,280.106066
12.35,18,280.180667
12.4,18,280.263903
-8.2,18,280.333505
-8.2,18,280.378938
12.5,18,280.428963
-7.05,18,280.481091
-8.55,18,280.532471
2.5,18,280.577449
15.05,18,280.627186
13.05,18,280.675722
-8.85,18,280.71556
-9.0,18,280.755553
2.9,18,280.797902
11.85,18,281.06604
-8.95,18,281.130918
-8.1,18,281.187232
-7.75,18,281.245849
13.15,18,281.312095
-4.6,18,281.386896
-8.55,18,281.438358
-8.5,18,281.484091
13.0,18,281.530394
13.65,18,281.581686
12.5,18,281.627443
2.6,18,281.684562
-7.55,18,281.722624
-6.6,18,281.769688
-8.35,18,282.039776
-8.25,18,282.098351
0.8,18,282.146745
-8.55,18,282.197246
13.95,18,282.254649
-7.8,18,282.317481
-8.05,18,282.369801
2.4,18,282.413978
-6.55,18,282.457826
14.05,18,282.506078
-6.5,18,282.554063
-8.15,18,282.598407
-8.7,18,282.637347
-9.7,18,282.68899
-9.05,18,282.986321
2.9,18,283.033205
14.05,18,283.071527
3.55,18,283.129006
12.8,18,283.166838
-9.0,18,283.222093
-6.45,18,283.280868
-8.85,18,283.343614
-7.7,18,283.391267
-8.55,18,283.457623
13.1,18,283.518342
-8.95,18,283.567512
3.1,18,283.615212
-7.1,18,283.661843
-6.95,18,283.905461
2.9,18,283.948742
12.2,18,283.996869
-8.65,18,284.042796
-8.35,18,284.116118
-6.9,18,284.198657
-8.85,18,284.331807
12.7,18,284.45035
13.6,18,284.525844
-8.2,18,284.62593
13.8,18,284.678314
-8.7,18,284.719586
-8.2,18,284.769384
-7.4,18,284.815066
12.1,18,284.871263
16.25,18,285.112684
-9.05,18,285.155439
13.2,18,285.204952
12.65,18,285.252412
-9.4,18,285.318091
12.85,18,285.368532
-8.55,18,285.429727
-6.95,18,285.483832
-6.7,18,285.542059
-8.7,18,285.592326
-9.75,18,285.644978
-9.0,18,285.694843
-8.25,18,285.743175
-7.5,18,285.790756
13.8,18,286.035641
-8.05,18,286.085228
13.1,18,286.126725
14.0,18,286.17445
-8.1,18,286.218284
-9.1,18,286.268457
4.4,18,286.332721
-7.6,18,286.385958
1.25,18,286.463428
3.1,18,286.505685
2.5,18,286.561635
-9.0,18,286.608461
-8.7,18,286.66555
-7.2,18,286.719344
-7.95,18,286.978227
-6.6,18,287.027066
-6.85,18,287.075568
13.4,18,287.120078
-9.0,18,287.15851
-9.0,18,287.222731
-9.25,18,287.264833
13.25,18,287.330035
-9.0,18,287.379433
-8.0,18,287.448084
-7.9,18,287.493702
-8.3,18,287.544043
-8.1,18,287.593123
14.15,18,287.654945
-7.9,18,287.927236
-9.4,18,287.976487
13.25,18,288.02448
15.0,18,288.083621
-8.45,18,288.130806
-8.15,18,288.202786
-9.2,18,288.253374
-8.85,18,288.315599
14.95,18,288.386306
-8.25,18,288.453849
1.65,18,288.505891
14.85,18,289.553816
-8.9,18,289.605327
12.8,18,289.657571
-6.05,18,289.708706
-8.3,18,289.929514
-8.7,18,289.972665
13.95,18,290.020535
-8.65,18,290.070905
-8.25,18,290.112345
1.65,18,290.170527
-9.0,18,290.242877
-8.35,18,290.287991
-7.2,18,290.360523
-7.25,18,290.415132
-8.25,18,290.48664
15.3,18,290.533062
14.05,18,290.574404
-8.25,18,290.632574
-8.05,18,290.862207
-8.4,18,290.944007
-8.75,18,290.985152
12.3,18,291.028957
11.95,18,291.08779
-8.65,18,291.139008
-9.2,18,291.19624
-8.25,18,291.240089
15.15,18,291.293212
13.65,18,291.343169
-8.5,18,291.414559
-8.6,18,291.479736
-7.5,18,291.536721
-8.1,18,291.585184
-7.15,18,291.83858
-7.5,18,291.882851
13.15,18,291.930629
-7.8,18,291.980072
12.0,18,292.022575
-9.05,18,292.072068
-8.4,18,292.124684
-8.6,18,292.186127
-8.6,18,292.233684
-8.6,18,292.307473
-8.7,18,292.365902
-9.8,18,292.426251
12.8,18,292.481071
-8.05,18,292.538359
-9.5,18,292.793504
12.05,18,292.842978
12.55,18,292.909138
1.45,18,292.958681
-9.35,18,293.000102
-7.9,18,293.066349
-7.9,18,293.108168
-8.8,18,293.16573
-7.9,18,293.216388
-9.25,18,293.278536
-9.05,18,293.319458
-8.15,18,293.374487
-8.85,18,293.438489
14.2,18,293.511703
12.35,18,293.854586
1.95,18,293.899222
-9.5,18,293.941705
-8.1,18,293.993872
-8.7,18,294.038575
-9.1,18,294.096389
-7.5,18,294.137729
-4.25,18,294.20202
11.35,18,294.250718
-8.15,18,294.302908
-8.15,18,294.359636
-8.6,18,294.420284
-9.0,18,294.481151
3.7,18,294.526525
-9.3,18,294.568558
-9.3,18,294.820164
-8.95,18,294.865854
-6.6,18,294.913866
-6.75,18,294.957515
2.9,18,295.004699
-8.65,18,295.05807
-7.9,18,295.119312
-8.9,18,295.165389
1.75,18,295.21382
13.95,18,295.265498
-6.65,18,295.327608
-8.75,18,295.374548
-9.25,18,295.445787
-8.3,18,295.501861
12.65,18,295.75635
-8.65,18,295.797716
14.55,18,295.847226
-8.8,18,295.897179
2.45,18,295.937929
-7.65,18,295.99586
-9.1,18,296.039128
-8.6,18,296.105906
-8.3,18,296.153245
-9.1,18,296.211219
-8.85,18,296.256584
-7.6,18,296.316769
-6.45,18,296.368211
-7.6,18,296.425982
12.95,18,296.681811
-8.65,18,296.72418
14.2,18,296.777745
13.5,18,296.821293
-6.8,18,296.866457
13.7,18,296.925004
11.55,18,296.973931
-7.95,18,297.021035
-8.4,18,297.07928
2.65,18,297.129113
-5.95,18,297.17974
-6.95,18,297.234229
-8.0,18,297.28174
-9.2,18,297.365696
14.0,18,297.650193
-8.7,18,297.694334
-7.35,18,297.747557
-9.0,18,297.811823
13.85,18,297.861341
-8.3,18,297.911067
-8.5,18,297.952247
-6.3,18,298.010215
-6.95,18,298.05141
12.9,18,298.11103
-8.7,18,298.155413
-8.4,18,298.216206
13.85,18,298.264005
-8.5,18,298.333055
14.3,18,298.400237
13.05,18,298.704679
-8.2,18,298.753174
-8.95,18,298.798114
-6.65,18,298.840498
-8.6,18,298.897474
-8.55,18,298.947629
-7.65,18,299.004984
-8.65,18,299.045793
-7.95,18,299.118023
-8.5,18,299.163847
-9.1,18,299.222531
-8.7,18,299.265399
-8.3,18,299.316571
-8.95,18,299.398868
12.4,18,299.658038
2.0,18,299.708026
-7.8,18,299.756212
-8.75,18,299.801869
-9.45,18,299.844673
-8.65,18,299.902822
-8.8,18,299.949704
11.75,18,299.99776
-8.6,18,300.135108
14.65,18,300.249733
-9.05,18,300.298673
-8.5,18,300.362216
-8.5,18,300.428812
14.05,18,300.489135
13.75,18,300.757242
-8.75,18,300.799488
15.5,18,300.856262
11.7,18,300.900325
2.85,18,300.949716
-8.4,18,301.007252
-9.25,18,301.069576
-7.9,18,301.116545
-6.55,18,301.177365
-8.3,18,301.2279
-8.15,18,301.279994
2.8,18,301.331621
-7.7,18,301.393383
-6.8,18,301.45596
-8.5,18,301.698155
-8.15,18,301.75382
12.1,18,301.831674
-8.8,18,301.878276
2.85,18,301.927344
-7.2,18,301.987194
-8.85,18,302.026839
-8.75,18,302.086947
-9.2,18,302.134808
1.85,18,302.188305
-8.95,18,302.235354
12.85,18,302.280751
13.1,18,302.329545
-6.15,18,302.425244
13.1,18,302.697585
-7.4,18,302.744153
3.05,18,302.794226
-8.35,18,302.843756
-7.65,18,302.893364
13.2,18,302.956076
-9.55,18,303.007854
3.2,18,303.049944
-8.65,18,303.099884
-8.5,18,303.146832
13.1,18,303.20549
-7.85,18,303.255826
14.5,18,303.310149
13.25,18,303.37881
14.05,18,303.455501
-6.95,18,303.699141
-9.35,18,303.754689
12.15,18,303.797182
16.1,18,303.845824
-8.1,18,303.89162
11.8,18,303.949679
-8.7,18,304.003355
-8.65,18,304.063047
-9.5,18,304.114551
-9.7,18,304.158774
-8.9,18,304.21129
11.8,18,304.257573
-7.4,18,304.318181
-8.4,18,304.379611
1.65,18,304.637659
-8.5,18,304.686065
-8.25,18,304.734756
3.6,18,304.784889
-8.45,18,304.830154
-6.6,18,304.879757
4.55,18,304.928613
-8.95,18,304.989982
-8.5,18,305.033823
13.3,18,305.086128
13.85,18,305.130762
-6.7,18,305.187259
12.9,18,305.249646
-9.45,18,305.294573
12.6,18,305.619227
11.9,18,305.67391
-9.35,18,305.71635
13.95,18,305.770434
13.4,18,305.811707
14.95,18,305.859103
-9.1,18,305.926557
-8.75,18,305.977174
-8.25,18,306.031278
-7.15,18,306.098076
-8.9,18,306.16253
-8.9,18,306.209743
-8.2,18,306.255704
-8.7,18,306.313759
-7.85,18,306.58006
-8.3,18,306.621413
12.95,18,306.690558
12.2,18,306.732928
11.75,18,306.786346
-6.3,18,306.833524
-8.6,18,306.890718
-8.85,18,306.946337
-8.65,18,307.002646
-9.2,18,307.055498
3.1,18,307.103882
16.0,18,307.14828
-7.95,18,307.213174
-8.45,18,307.285697
-8.6,18,307.343127
13.1,18,307.671891
12.2,18,307.713727
-7.7,18,307.768297
-6.8,18,307.811424
-8.5,18,307.853121
-8.5,18,307.919864
-7.7,18,307.968138
-6.55,18,308.027534
-7.8,18,308.068649
-8.2,18,308.136269
-8.45,18,308.188773
12.3,18,308.245326
-7.9,18,308.292418
13.0,18,308.342888
-9.4,18,308.656549
2.65,18,308.719971
-7.85,18,308.759701
12.8,18,308.814983
-7.9,18,309.737493
12.95,18,309.784509
-8.15,18,309.835936
-9.4,18,309.887632
13.05,18,309.938879
13.35,18,310.000921
-8.35,18,310.054896
13.4,18,310.09958
-7.8,18,310.158158
-8.15,18,310.209138
-5.3,18,310.452195
13.9,18,310.512445
1.95,18,310.561096
-9.4,18,310.614596
-8.45,18,310.666328
-7.7,18,310.72957
-8.95,18,310.779593
13.35,18,310.882576
-8.35,18,311.065374
14.05,18,311.121139
2.95,18,311.178102
1.75,18,311.239793
15.0,18,311.291366
-9.35,18,311.38216
15.05,18,311.642874
-7.55,18,311.695594
12.9,18,311.740156
-7.25,18,311.782275
-7.2,18,311.832776
13.15,18,311.887194
12.65,18,311.956761
12.75,18,312.000655
-8.9,18,312.063861
-8.15,18,312.118854
-8.9,18,312.172207
1.55,18,312.218615
14.35,18,312.264149
-8.55,18,312.326616
13.75,18,312.612795
13.3,18,312.655743
-8.65,18,312.748199
-6.8,18,312.787729
-6.55,18,312.840548
-8.85,18,312.881212
11.95,18,312.94265
14.3,18,312.991861
-6.25,18,313.048601
-7.65,18,313.097507
12.75,18,313.163643
-7.5,18,313.211387
-7.5,18,313.266748
12.4,18,313.333398
-9.3,18,313.414418
-8.9,18,313.678074
15.2,18,313.723866
-8.3,18,313.77353
-9.2,18,313.819298
-8.55,18,313.861187
-9.05,18,313.91043
-9.75,18,313.960678
-9.25,18,314.007411
-7.7,18,314.069024
-9.25,18,314.1167
-8.2,18,314.181091
-9.3,18,314.227468
1.25,18,314.281139
-7.7,18,314.329074
-8.4,18,314.619705
-7.5,18,314.660929
-8.75,18,314.715133
-7.7,18,314.753361
13.15,18,314.803289
-8.65,18,314.860869
-7.85,18,314.910743
13.65,18,314.969933
-8.6,18,315.031862
-7.7,18,315.07437
-8.7,18,315.128943
-8.45,18,315.183357
-7.6,18,315.241249
-8.85,18,315.292753
-7.35,18,315.626652
-7.75,18,315.672883
12.15,18,315.730227
-7.8,18,315.77229
13.75,18,315.821994
-9.4,18,315.871148
-8.2,18,315.952032
-8.2,18,316.004557
13.6,18,316.087769
-8.8,18,316.156555
-8.9,18,316.214575
-8.3,18,316.262727
-8.8,18,316.312837
13.0,18,316.361303
14.0,18,316.675965
-9.1,18,316.721425
2.85,18,316.773093
-8.65,18,316.827907
-9.25,18,316.877307
-9.1,18,316.927149
-8.5,18,316.977847
-6.95,18,317.02716
-9.15,18,317.086419
-7.6,18,317.142565
-6.35,18,317.205774
-9.05,18,317.249995
-8.35,18,317.315001
-8.0,18,317.357577
-8.6,18,317.432671
12.2,18,317.67866
12.95,18,317.727176
-7.25,18,317.767387
-8.05,18,317.812387
14.5,18,317.86313
-6.25,18,317.903994
-8.45,18,317.961955
-8.35,18,318.019056
-7.85,18,318.072611
-9.1,18,318.122127
-8.3,18,318.19832
-8.95,18,318.248356
-8.9,18,318.296808
12.3,18,318.343176
-8.75,18,318.671071
-8.3,18,318.763591
-7.95,18,318.809689
-9.1,18,318.864186
13.8,18,318.919139
-8.5,18,318.967905
-8.6,18,319.01671
13.05,18,319.067713
-9.0,18,319.147349
-8.9,18,319.208338
-8.05,18,319.254237
-9.45,18,319.308983
-7.65,18,319.348439
12.55,18,319.397224
-9.1,18,319.648201
-8.85,18,319.691956
-7.4,18,319.740388
-7.9,18,319.788969
-6.2,18,319.830377
-6.9,18,319.887735
-6.85,18,319.928833
-7.45,18,319.978554
-8.3,18,320.020373
-8.95,18,320.092819
-7.85,18,320.140113
14.55,18,320.189035
-8.55,18,320.235994
-8.95,18,320.279789
13.3,18,320.553225
-7.75,18,320.605081
-8.45,18,320.652803
12.3,18,320.694588
13.7,18,320.752586
2.75,18,320.793558
2.6,18,320.843462
-8.7,18,320.929328
-8.45,18,321.05308
-8.4,18,321.202058
11.7,18,321.260048
-6.65,18,321.311036
-8.05,18,321.364995
14.45,18,321.423079
-9.05,18,321.675368
-7.6,18,321.724159
-9.2,18,321.771781
-7.35,18,321.813281
13.65,18,321.86307
13.3,18,321.912087
12.4,18,321.970299
-6.4,18,322.017826
4.6,18,322.070482
15.05,18,322.116548
13.7,18,322.175323
-9.05,18,322.220424
13.2,18,322.278267
-8.75,18,322.32403
-6.9,18,322.371611
14.15,18,322.67563
-7.35,18,322.725792
-8.25,18,322.767092
-8.3,18,322.816623
-7.8,18,322.865553
-6.65,18,322.90051
-8.8,18,322.950083
-7.95,18,323.000286
-8.45,18,323.053939
-8.8,18,323.102493
3.1,18,323.163354
-9.2,18,323.211708
14.75,18,323.265393
-7.85,18,323.31452
13.35,18,323.569952
-8.0,18,323.64824
-7.45,18,323.688896
-7.5,18,323.735721
11.95,18,323.779334
-8.65,18,323.833147
12.95,18,323.88441
-8.35,18,323.937622
1.75,18,323.993456
-7.6,18,324.04185
14.1,18,324.096369
-8.55,18,324.160924
2.8,18,324.208629
-7.95,18,324.259345
-9.45,18,324.519651
-8.9,18,324.562976
-7.55,18,324.616114
11.6,18,324.660008
-7.95,18,324.712062
12.95,18,324.753572
-7.3,18,324.865021
2.2,18,324.90843
-8.15,18,324.970974
-9.1,18,325.011635
15.1,18,325.0568
-8.15,18,325.112612
-6.4,18,325.172179
-8.6,18,325.241951
-8.05,18,325.549352
-8.0,18,325.594369
-6.85,18,325.652715
-8.95,18,325.697362
-8.65,18,325.749507
16.1,18,325.800351
12.75,18,325.857901
1.65,18,325.916294
-5.35,18,325.975091
13.05,18,326.024766
-8.2,18,326.0859
-9.4,18,326.127515
1.85,18,326.188932
2.45,18,326.235572
-8.7,18,326.288868
-7.5,18,326.601508
-8.25,18,326.654465
12.25,18,326.70285
15.25,18,326.756992
4.75,18,326.796487
-8.5,18,326.845909
12.2,18,326.912484
1.9,18,327.007166
12.6,18,327.047516
-6.6,18,327.104257
-8.95,18,327.152606
14.6,18,327.211809
-7.35,18,327.255808
-9.4,18,327.320205
-5.25,18,327.59587
-8.3,18,327.650659
-7.5,18,327.735742
12.25,18,327.788282
12.55,18,327.84441
-8.65,18,327.891137
-7.2,18,327.935905
-8.95,18,328.005131
-8.1,18,328.050227
-8.9,18,328.107676
-8.3,18,328.153079
-8.9,18,328.19123
-9.8,18,328.246727
12.35,18,328.309731
2.85,18,328.659436
-8.0,18,328.702165
-7.8,18,328.75632
3.7,18,328.805038
-7.6,18,328.840882
12.05,18,328.905722
-8.45,18,328.946633
-8.4,18,329.000603
-9.1,18,329.049891
-8.05,18,329.107854
-7.4,18,329.159479
-6.2,18,329.215265
-8.65,18,330.11029
3.6,18,330.153033
-9.15,18,330.371853
14.2,18,330.465896
-8.9,18,330.533148
-8.7,18,330.582129
-8.35,18,330.638821
12.15,18,330.688148
-8.8,18,330.732135
-9.1,18,330.793327
-7.15,18,330.84225
12.2,18,330.902976
-8.6,18,330.94558
11.9,18,331.000877
-8.4,18,331.048101
2.15,18,331.10284
-8.7,18,331.34585
-7.9,18,331.388005
-7.8,18,331.437192
-8.45,18,331.485025
-9.15,18,331.557774
-7.95,18,331.599712
-8.35,18,331.657856
-9.55,18,331.707862
-8.25,18,331.756743
-8.3,18,331.824378
14.15,18,331.8895
-7.5,18,331.933257
-8.65,18,331.982942
-6.75,18,332.04122
2.9,18,332.088791
-7.05,18,332.505997
-7.7,18,332.558329
-7.8,18,332.610904
-8.75,18,332.656908
-7.45,18,332.706841
-8.75,18,332.755535
1.55,18,332.815012
-7.05,18,332.871315
-8.75,18,332.915606
2.8,18,332.97403
-8.6,18,333.018688
13.3,18,333.083249
-7.15,18,333.123732
-7.95,18,333.198487
-9.9,18,333.429106
13.05,18,333.471232
-6.5,18,333.541708
-8.55,18,333.579974
12.05,18,333.645874
13.25,18,333.695787
-8.05,18,333.761104
-8.55,18,333.811519
15.3,18,333.87444
-9.35,18,333.923527
-8.4,18,333.989467
13.3,18,334.053136
1.65,18,334.125808
13.1,18,334.180465
-6.4,18,334.431821
-8.2,18,334.477289
-7.25,18,334.562206
-7.7,18,334.624536
14.35,18,334.68407
2.85,18,334.733397
-6.55,18,334.798598
-8.2,18,334.860409
-8.35,18,334.911498
-7.8,18,334.980052
15.75,18,335.038951
-9.05,18,335.095089
-6.95,18,335.14093
13.6,18,335.200449
-8.6,18,335.495414
13.2,18,335.551773
12.55,18,335.596054
-7.55,18,335.657944
13.2,18,335.708153
-9.1,18,335.766995
-8.9,18,335.823556
-6.85,18,335.92128
-7.8,18,335.977326
13.65,18,336.025573
-7.5,18,336.092864
-7.2,18,336.153973
-7.8,18,336.227759
-8.0,18,336.283222
-8.0,18,336.347244
-9.1,18,336.634804
-9.2,18,336.684524
13.15,18,336.726611
12.4,18,336.78715
-7.05,18,336.828458
12.0,18,336.883521
-6.95,18,336.938574
-9.2,18,337.011449
-8.9,18,337.064806
-9.0,18,337.1317
13.8,18,337.181175
-8.9,18,337.240927
13.95,18,337.302278
3.75,18,337.362907
11.9,18,337.66036
-8.25,18,337.708839
-7.05,18,337.75127
-8.5,18,337.804253
-9.15,18,337.856783
-9.2,18,337.920064
-8.25,18,337.975447
-8.8,18,338.054195
3.15,18,338.134178
1.0,18,338.199299
12.25,18,338.272385
12.95,18,338.343759
13.65,18,338.398532
-8.55,18,338.457211
-8.5,18,338.791863
-7.4,18,338.834603
-9.0,18,338.885337
-5.8,18,338.931561
-9.55,18,338.976009
-7.6,18,339.043884
-7.35,18,339.112985
12.8,18,339.182117
-7.15,18,339.240791
-9.25,18,339.313363
14.5,18,339.38264
-6.95,18,339.444999
-7.6,18,339.50455
-9.0,18,339.587912
-7.95,18,339.876827
13.25,18,339.92855
-6.85,18,339.973788
13.75,18,340.028188
2.7,18,340.082805
13.8,18,340.149036
-7.65,18,340.223277
-8.45,18,340.298012
12.8,18,340.359855
2.85,18,340.406639
-7.05,18,340.478133
-9.05,18,340.539114
-9.15,18,340.610091
14.15,18,340.661212
-9.0,18,340.920749
4.65,18,340.964983
-9.1,18,341.015999
-7.65,18,341.062313
-9.05,18,341.110871
-9.2,18,341.16177
-9.25,18,341.197982
13.65,18,341.254758
-6.95,18,341.305314
-8.5,18,341.386827
13.15,18,341.443671
-8.5,18,341.500943
14.1,18,341.56461
-6.9,18,341.622516
-8.75,18,341.674956
-8.75,18,341.924833
-9.25,18,341.96744
-7.75,18,342.009966
-8.55,18,342.064167
-8.55,18,342.120312
-8.55,18,342.187821
-8.4,18,342.246182
13.85,18,342.300681
-8.3,18,342.353448
13.25,18,342.413323
12.75,18,342.452922
-8.65,18,342.507584
-6.45,18,342.562561
11.55,18,342.62102
-8.8,18,342.900426
-9.05,18,342.955727
-8.5,18,343.00422
-6.45,18,343.066911
14.8,18,343.114541
-7.35,18,343.172038
-8.7,18,343.223298
13.8,18,343.299393
-6.6,18,343.35782
11.65,18,343.423714
12.1,18,343.491116
12.85,18,343.557189
-6.35,18,343.809052
2.55,18,343.888047
14.5,18,344.139101
12.8,18,344.18152
-8.45,18,344.236482
12.85,18,344.278659
-8.85,18,344.335387
2.0,18,344.385704
13.1,18,344.454147
-8.35,18,344.514219
-8.85,18,344.594181
15.9,18,344.654403
-7.55,18,344.721024
-8.95,18,344.779014
-6.8,18,344.843013
2.65,18,344.90343
-8.55,18,345.173527
11.45,18,345.230201
-7.45,18,345.278772
-5.6,18,345.332704
2.1,18,345.381346
-8.3,18,345.458237
-7.9,18,345.513879
-9.35,18,345.597793
3.75,18,345.670012
-7.8,18,345.732813
-8.1,18,345.815571
-9.1,18,345.884793
-8.9,18,345.951339
3.45,18,346.005036
-6.85,18,346.058086
-8.95,18,346.294359
12.55,18,346.345122
11.95,18,346.397433
-8.15,18,346.451752
-9.1,18,346.505491
-8.7,18,346.580408
-8.45,18,346.651342
12.95,18,346.735832
-8.65,18,346.833632
-8.75,18,346.900246
-8.05,18,346.956967
12.35,18,347.017205
-8.2,18,347.067091
13.2,18,347.136483
-7.75,18,347.369575
-8.9,18,347.409563
12.1,18,347.465844
2.7,18,347.506504
-7.85,18,347.57082
-9.45,18,347.623877
-8.4,18,347.694119
13.4,18,347.756161
-8.8,18,347.809328
-9.4,18,347.847847
-8.55,18,347.908451
13.3,18,347.962881
12.1,18,348.027512
-9.15,18,348.091875
2.3,18,348.417122
-9.45,18,348.483983
2.55,18,348.531721
-8.65,18,348.597544
12.8,18,348.646414
-8.7,18,348.712497
-7.3,18,348.81944
-7.65,18,348.869697
-8.2,18,348.932702
3.05,18,348.991134
-8.25,18,349.066205
12.45,18,349.113925
11.85,18,349.176215
-8.2,18,349.223865
12.25,18,349.49594
-8.5,18,349.544185
-6.4,18,349.60531
-9.0,18,349.65336
15.45,18,349.715277
13.85,18,349.766791
13.8,18,349.82926
-7.5,18,349.869853
-8.65,18,349.952591
12.55,18,350.016945
-6.35,18,350.094127
-7.75,18,350.142695
-7.65,18,350.198923
-6.6,18,350.247446
-8.2,18,350.530631
13.05,18,350.575973
-7.65,18,350.635432
13.0,18,350.682141
13.55,18,350.742263
-7.4,18,350.798866
-7.0,18,351.801618
-9.35,18,351.846451
1.95,18,351.906319
12.8,18,351.963847
-8.85,18,352.018767
2.45,18,352.081788
13.85,18,352.14251
1.15,18,352.198902
-9.25,18,352.259975
-8.3,18,352.516902
-7.65,18,352.566713
-8.6,18,352.639667
-7.95,18,352.697597
-8.75,18,352.773648
-7.6,18,352.840275
-8.4,18,352.917783
14.0,18,353.004648
15.35,18,353.054152
13.7,18,353.123861
-8.05,18,353.178591
-8.3,18,353.243036
-8.05,18,353.292609
12.05,18,353.366576
-7.35,18,353.6057
-8.1,18,353.663314
-6.2,18,353.704738
-6.7,18,353.761358
2.65,18,353.802294
-8.45,18,353.855136
-5.85,18,353.916268
13.3,18,353.974809
3.45,18,354.155856
-8.1,18,354.219226
-6.2,18,354.26823
-5.5,18,354.317842
-8.0,18,354.36776
2.2,18,354.415683
1.5,18,354.677102
-6.85,18,354.73118
-7.05,18,354.780634
-8.7,18,354.841202
2.9,18,354.882931
13.75,18,354.95073
-8.4,18,355.004857
-8.5,18,355.059352
-8.1,18,355.101824
-8.45,18,355.149163
13.05,18,355.199048
-8.0,18,355.241118
12.7,18,355.291093
-8.75,18,355.340191
-9.4,18,355.578541
-8.75,18,355.647319
1.55,18,355.699742
-9.35,18,355.750928
-8.0,18,355.802793
-7.25,18,355.853037
-8.8,18,355.897966
-8.9,18,355.955938
12.8,18,355.997014
-8.0,18,356.046916
-8.3,18,356.0962
-6.55,18,356.137656
-8.55,18,356.192975
-8.05,18,356.239042
11.6,18,356.293617
-8.6,18,356.564408
15.1,18,356.646735
-7.45,18,356.723976
12.55,18,356.774048
13.75,18,356.842835
-8.5,18,356.901362
14.7,18,356.982838
12.8,18,357.03019
1.6,18,357.085597
-9.0,18,357.142108
-7.65,18,357.214673
1.7,18,357.266938
-7.25,18,357.325277
-6.85,18,357.3723
3.55,18,357.663301
11.55,18,357.731164
13.0,18,357.793967
-8.9,18,357.846614
-7.75,18,357.896331
2.55,18,357.935389
13.5,18,358.000276
-8.95,18,358.054818
13.85,18,358.110478
3.0,18,358.151029
-9.25,18,358.224836
-7.0,18,358.295315
12.4,18,358.341984
1.85,18,358.386305
-8.5,18,358.711435
3.5,18,358.767757
1.95,18,358.816721
-8.05,18,358.889854
-6.1,18,358.938442
-7.9,18,359.003961
-9.15,18,359.057373
-8.25,18,359.123519
-7.65,18,359.169105
-7.55,18,359.226383
-7.5,18,359.276609
-8.35,18,359.346197
13.3,18,359.393944
13.9,18,359.468457
-5.55,18,359.773444
11.75,18,359.833951
-8.5,18,359.899222
-9.05,18,359.951817
-5.8,18,360.00603
-7.0,18,360.055472
-8.25,18,360.096529
13.1,18,360.169452
14.25,18,360.210867
12.25,18,360.28574
-8.35,18,360.37444
-9.55,18,360.460708
13.5,18,360.502086
-6.55,18,360.562816
-9.45,18,360.876596
-8.9,18,360.950506
3.75,18,361.008348
-7.95,18,361.069793
-7.95,18,361.108021
-7.65,18,361.166221
-7.8,18,361.207415
-6.15,18,361.265309
12.65,18,361.315313
-9.75,18,361.379938
-9.5,18,361.42216
12.1,18,361.487974
-7.9,18,361.531616
-6.55,18,361.578175
-9.4,18,361.627803
-7.05,18,362.001814
-8.55,18,362.058071
-7.9,18,362.105424
-8.8,18,362.165067
-7.1,18,362.213645
-7.5,18,362.279976
1.8,18,362.331415
-7.6,18,362.389846
-6.5,18,362.434585
14.2,18,362.483982
-8.15,18,362.533723
-7.9,18,362.606722
11.9,18,362.697662
-7.5,18,362.765476
2.6,18,363.045658
-7.45,18,363.088188
-8.8,18,363.137236
-8.6,18,363.193795
-6.7,18,363.235211
3.2,18,363.301253
-7.75,18,363.350982
-6.45,18,363.415848
14.95,18,363.466376
-8.55,18,363.514406
-7.4,18,363.565321
2.5,18,363.624393
13.15,18,363.687685
-8.65,18,363.756666
-9.05,18,364.253246
-8.8,18,364.300254
-7.1,18,364.356986
12.45,18,364.398244
-8.95,18,364.456331
-8.15,18,364.497732
-6.95,18,364.556186
12.8,18,364.597712
13.0,18,364.664394
3.0,18,364.730716
-8.9,18,364.797297
-7.1,18,364.846918
-8.15,18,364.913691
2.0,18,364.955496
-9.65,18,365.227037
-7.75,18,365.276774
13.95,18,365.327026
14.4,18,365.376378
13.4,18,365.426082
-9.3,18,365.475768
-7.6,18,365.52501
-8.7,18,365.583779
12.4,18,365.636724
-7.65,18,365.700806
-8.65,18,365.750885
11.9,18,365.811396
-8.6,18,365.85809
-8.8,18,365.928128
2.25,18,365.990649
-8.8,18,366.291131
11.85,18,366.333046
2.55,18,366.399503
-8.65,18,366.465447
11.6,18,366.533321
13.15,18,366.578455
11.65,18,366.639324
-8.25,18,366.691607
-8.8,18,366.754315
-7.95,18,366.83728
-7.85,18,366.884107
-9.4,18,366.928084
-8.55,18,366.977831
-7.7,18,367.027539
13.25,18,367.266161
-7.55,18,367.315999
2.35,18,367.36598
-7.15,18,367.415946
1.95,18,367.465897
-6.6,18,367.516363
-7.65,18,367.565378
-8.55,18,367.614985
14.65,18,367.656532
13.05,18,367.715495
-9.2,18,367.771226
-8.6,18,367.807771
-7.65,18,367.865531
-7.5,18,367.907365
15.2,18,368.14282
14.85,18,368.197573
-6.45,18,368.239171
-9.1,18,368.28021
-9.15,18,368.338422
-9.1,18,368.382332
-8.8,18,368.432262
12.05,18,368.473855
-9.2,18,368.529097
-7.6,18,368.576559
-7.8,18,368.635494
13.85,18,368.696939
-7.9,18,368.758048
-9.15,18,368.814669
12.7,18,369.061893
2.8,18,369.118875
-8.45,18,369.160166
-7.5,18,369.221401
1.65,18,369.258307
-8.45,18,369.321107
12.15,18,369.375223
12.8,18,369.415588
2.1,18,369.472362
15.8,18,369.514204
-9.5,18,369.572241
-8.9,18,369.614223
-8.6,18,369.674402
-8.4,18,369.728428
-7.35,18,369.976963
16.1,18,370.025967
-8.35,18,370.067963
-5.85,18,370.119298
12.35,18,370.166535
1.4,18,370.247772
-7.4,18,370.288514
-8.8,18,370.338616
-8.05,18,370.382432
13.1,18,370.429371
-8.25,18,370.483029
-7.95,18,370.526039
-8.25,18,370.581691
-8.15,18,370.625674
-8.6,18,370.672677
-8.9,18,370.958638
-8.65,18,371.015049
14.3,18,371.061787
14.55,18,371.098941
-8.65,18,371.162559
2.9,18,371.212281
-6.55,18,371.266044
-7.8,18,371.361
-8.2,18,371.402358
-9.1,18,371.455713
-8.35,18,371.50435
-8.55,18,371.551519
-7.1,18,371.609629
-8.35,18,372.523814
16.35,18,372.770961
14.2,18,372.825484
-9.3,18,372.869709
-7.15,18,372.918159
13.0,18,372.967844
14.25,18,373.005636
13.45,18,373.06765
-7.65,18,373.119009
-9.0,18,373.172772
2.45,18,373.22149
12.1,18,373.294624
11.85,18,373.354756
12.9,18,373.415592
-8.9,18,373.467951
-8.55,18,373.723709
12.8,18,373.774472
12.95,18,373.834746
12.85,18,373.880041
-8.9,18,373.929915
13.75,18,373.990406
11.85,18,374.076144
-8.3,18,374.124377
-9.5,18,374.17897
-6.65,18,374.233434
12.65,18,374.286033
11.45,18,374.35615
-8.9,18,374.40707
-8.65,18,374.469602
12.15,18,374.710272
12.95,18,374.758688
-8.2,18,374.818911
-7.7,18,374.861722
-9.45,18,374.914647
-7.95,18,374.958329
-5.4,18,375.005825
2.7,18,375.063259
14.15,18,375.113295
-6.75,18,375.173515
-6.6,18,375.227536
11.75,18,375.277289
-8.1,18,375.349398
-7.85,18,375.394941
-8.05,18,375.601077
14.4,18,375.894624
-8.45,18,375.935541
-7.45,18,375.993122
13.35,18,376.03494
-7.5,18,376.084799
13.3,18,376.141532
14.15,18,376.224161
-8.15,18,376.266228
-8.75,18,376.327125
-7.5,18,376.378724
-8.25,18,376.441362
13.6,18,376.489002
-8.85,18,376.544147
14.05,18,376.594676
14.55,18,376.898809
-7.1,18,376.941146
-9.15,18,376.990672
-9.65,18,377.038201
-8.95,18,377.094315
12.3,18,377.13878
-9.15,18,377.195794
-8.4,18,377.245193
-5.55,18,377.30381
-6.95,18,377.358373
3.45,18,377.420105
-8.0,18,377.46857
-8.95,18,377.522838
-6.4,18,377.571706
-8.95,18,377.863145
-6.65,18,377.917617
-7.55,18,377.96224
-7.7,18,378.008672
-7.7,18,378.058031
12.1,18,378.112805
13.9,18,378.171799
-9.2,18,378.23306
-8.45,18,378.280821
-7.95,18,378.349916
-7.45,18,378.396178
14.6,18,378.459776
-8.1,18,378.511659
-7.85,18,378.558527
-6.65,18,378.837143
-9.6,18,378.897877
-8.5,18,378.948197
-7.6,18,378.996727
-8.25,18,379.042749
-7.2,18,379.083001
-8.45,18,379.1481
12.5,18,379.190677
-8.6,18,379.255324
-9.05,18,379.30024
12.7,18,379.359768
-8.3,18,379.409024
-6.5,18,379.464883
2.15,18,379.532447
-7.9,18,379.858258
-6.85,18,379.919731
13.55,18,379.963974
-7.65,18,380.012728
-9.9,18,380.054444
-9.2,18,380.09933
12.0,18,380.15766
-9.0,18,380.206264
-9.2,18,380.257996
-8.4,18,380.321945
2.05,18,380.379987
-7.4,18,380.427822
-7.7,18,380.485461
-7.9,18,380.537192
2.0,18,380.596855
12.1,18,380.864924
12.25,18,380.915313
-8.85,18,380.958282
-6.75,18,381.006642
13.25,18,381.057734
-9.25,18,381.094837
3.2,18,381.153378
-8.5,18,381.19819
-8.25,18,381.250543
-7.25,18,381.303506
-9.35,18,381.364221
-9.15,18,381.4186
12.6,18,381.479767
-8.65,18,381.530572
3.2,18,381.758003
-8.8,18,381.825094
-7.4,18,381.866909
14.0,18,381.924354
-7.7,18,381.967464
-7.45,18,382.024552
-8.55,18,382.079332
-8.05,18,382.139704
-7.25,18,382.19192
-8.65,18,382.270949
-7.2,18,382.321485
-8.55,18,382.361002
-8.4,18,382.424463
1.85,18,382.475787
-8.85,18,382.698388
-7.55,18,382.745955
-6.3,18,382.812188
-5.35,18,382.860021
2.1,18,382.90895
-7.75,18,382.972381
-7.5,18,383.020895
1.75,18,383.078861
-7.25,18,383.122732
-8.6,18,383.194212
-8.25,18,383.243767
-9.25,18,383.298218
-8.55,18,383.346465
11.85,18,383.3975
12.9,18,383.64423
-7.45,18,383.686529
12.6,18,383.735042
13.7,18,383.783934
-7.3,18,383.841322
-6.85,18,383.900305
-8.25,18,383.950107
12.9,18,384.000166
-9.0,18,384.058869
-8.3,18,384.110847
-7.25,18,384.17177
-6.55,18,384.213797
-6.35,18,384.274994
11.85,18,384.329174
12.95,18,384.395712
-8.45,18,384.626571
13.35,18,384.67343
-8.75,18,384.724772
12.0,18,384.826419
-9.05,18,384.894694
-7.75,18,384.971543
-7.85,18,385.018183
-9.25,18,385.072597
-7.65,18,385.123029
-9.6,18,385.184036
12.3,18,385.236719
-9.0,18,385.295364
15.0,18,385.341203
-8.1,18,385.412624
12.4,18,385.819161
-8.55,18,385.876856
-7.5,18,385.923026
-8.05,18,385.978502
14.45,18,386.033781
-9.1,18,386.083325
-9.55,18,386.133222
14.1,18,386.191766
13.7,18,386.239508
12.25,18,386.289324
-7.8,18,386.354507
13.3,18,386.408438
-8.05,18,386.463415
-8.2,18,386.523754
1.9,18,386.769357
-8.75,18,386.822187
-7.7,18,386.884491
-8.3,18,386.940853
12.5,18,386.992154
1.6,18,387.041348
12.5,18,387.091283
-7.35,18,387.141234
-8.35,18,387.194016
12.0,18,387.255336
14.5,18,387.30291
-7.2,18,387.3655
-7.7,18,387.409941
-7.65,18,387.462978
-7.35,18,387.695404
-8.1,18,387.739475
12.6,18,387.801322
-8.7,18,387.860815
-6.4,18,387.920257
-6.3,18,387.981527
12.25,18,388.035329
-8.3,18,388.08218
-8.2,18,388.135521
-8.95,18,388.175952
-8.4,18,388.224048
1.9,18,388.279284
3.35,18,388.340882
-8.5,18,388.382617
-9.5,18,388.624445
-9.2,18,388.678321
-8.7,18,388.72229
-8.3,18,388.770746
2.15,18,388.822714
-9.1,18,388.873673
-8.85,18,388.929669
-9.05,18,388.993828
-8.85,18,389.073831
-7.1,18,389.144693
3.0,18,389.185892
-9.05,18,389.247363
1.85,18,389.292108
-6.15,18,389.334241
-5.45,18,389.389339
-8.6,18,389.637856
-8.3,18,389.694918
-9.4,18,389.74081
-8.05,18,389.79957
17.95,18,389.850685
-7.5,18,389.900477
-8.2,18,389.95418
-9.1,18,390.007527
-8.8,18,390.061986
-9.05,18,390.102701
-7.45,18,390.159209
-8.8,18,390.219984
-8.25,18,390.28034
-9.55,18,390.335312
-7.7,18,390.617987
-6.75,18,390.666463
-8.5,18,390.714978
-9.15,18,390.759833
-7.9,18,390.817999
-8.75,18,390.868185
-7.4,18,390.962714
13.25,18,391.057029
-6.7,18,391.121039
14.9,18,391.18158
-8.25,18,391.22258
-7.85,18,391.274828
13.9,18,391.32682
-8.55,18,391.38779
4.15,18,391.671488
-9.35,18,391.726995
-5.5,18,391.795555
-9.35,18,391.861135
1.75,18,391.927213
-8.95,18,391.985827
-7.4,18,392.823743
-8.2,18,392.889248
-8.95,18,392.956917
13.4,18,393.011232
-8.7,18,393.051226
-8.35,18,393.116172
-7.85,18,393.178217
-8.05,18,393.229692
-9.0,18,393.463826
-6.9,18,393.511917
14.65,18,393.558856
-7.35,18,393.60148
15.8,18,393.647559
-9.15,18,393.696813
12.65,18,393.763136
-8.4,18,393.843341
-7.6,18,393.910255
-8.95,18,393.969511
-7.85,18,394.012502
-7.5,18,394.066691
-9.0,18,394.114957
11.75,18,394.161474
-7.9,18,394.223295
3.9,18,394.445611
-8.55,18,394.534691
-9.65,18,394.58133
-7.2,18,394.629066
-8.5,18,394.687409
-8.0,18,394.744985
-8.7,18,394.788484
14.25,18,394.849383
-8.3,18,394.904011
-9.25,18,394.969068
2.4,18,395.025716
14.75,18,395.090348
-9.45,18,395.146912
13.95,18,395.203109
-8.6,18,395.441436
-8.55,18,395.485735
13.15,18,395.534269
13.45,18,395.582825
-7.2,18,395.629337
-8.85,18,395.691744
-8.75,18,395.733058
-8.15,18,395.789049
14.95,18,395.855383
-6.0,18,396.079174
-7.3,18,396.138429
13.2,18,396.19652
-9.05,18,396.243631
4.5,18,396.302212
12.0,18,396.544264
-8.4,18,396.587093
-8.85,18,396.63191
2.45,18,396.680396
-9.0,18,396.724643
5.7,18,396.782483
-8.3,18,396.823583
14.2,18,396.910986
-7.8,18,396.960153
-7.05,18,397.040258
11.75,18,397.105032
-8.7,18,397.152336
15.15,18,397.194604
-8.6,18,397.268381
1.25,18,397.521332
-7.2,18,397.568454
3.6,18,397.617394
-8.9,18,397.665737
2.65,18,397.727452
-7.95,18,397.789237
-9.35,18,397.839264
14.0,18,397.90064
12.55,18,397.958277
-8.35,18,398.018893
14.85,18,398.063293
-7.5,18,398.112508
-7.55,18,398.168521
-8.65,18,398.214237
-9.4,18,398.501308
-7.8,18,398.548404
-8.8,18,398.613352
-7.25,18,398.659819
-8.15,18,398.705854
-8.8,18,398.754894
-8.55,18,398.815399
-7.0,18,398.871284
-9.3,18,398.945386
-8.05,18,398.992987
14.1,18,399.048383
-6.35,18,399.095803
-8.15,18,399.147942
-7.15,18,399.19875
-8.35,18,399.249679
-8.2,18,399.503535
4.7,18,399.544164
-9.65,18,399.588825
-7.4,18,399.642776
-8.7,18,399.681098
-8.65,18,399.739209
-4.7,18,399.780513
-9.15,18,399.822152
-7.8,18,399.878152
1.4,18,399.944229
2.0,18,399.995305
-8.05,18,400.05311
-8.2,18,400.100482
14.65,18,400.157189
-9.0,18,400.379504
1.4,18,400.430075
-9.05,18,400.471418
-7.35,18,400.529474
2.5,18,400.570921
11.9,18,400.636972
-7.65,18,400.686299
-8.65,18,400.760364
-8.4,18,400.80573
-7.45,18,400.867059
-8.6,18,400.91555
-7.2,18,400.976422
-8.55,18,401.020237
13.6,18,401.078348
1.9,18,401.356427
-8.7,18,401.404457
13.0,18,401.449185
-6.85,18,401.501798
-5.35,18,401.550798
-8.8,18,401.599249
13.25,18,401.661
-8.65,18,401.716605
-8.95,18,401.770083
-7.4,18,401.826338
-8.55,18,401.885715
-8.3,18,401.940119
-9.2,18,401.994789
-8.65,18,402.036971
2.1,18,402.289318
13.15,18,402.334624
-9.05,18,402.383134
-7.85,18,402.429071
-8.65,18,402.467677
-7.85,18,402.518286
13.4,18,402.561838
-7.3,18,402.614208
-7.8,18,402.655339
11.8,18,402.722298
12.2,18,402.76835
4.1,18,402.819054
-8.55,18,402.867236
-8.0,18,402.937563
-8.95,18,403.046592
-7.5,18,403.267446
12.75,18,403.316897
-9.2,18,403.358376
-6.55,18,403.407911
-7.65,18,403.453048
-9.1,18,403.502626
-8.2,18,403.552653
-8.85,18,403.598586
-6.35,18,403.65106
14.95,18,403.70145
15.55,18,403.757799
-7.55,18,403.804383
-8.55,18,403.865955
-7.0,18,403.940006
11.5,18,404.228833
-8.2,18,404.279058
-8.85,18,404.325659
3.6,18,404.366204
14.15,18,404.416785
-8.05,18,404.46622
-8.9,18,404.527315
14.4,18,404.565912
-8.5,18,404.614653
-6.4,18,404.675159
-8.55,18,404.731644
-8.2,18,404.780205
-8.8,18,404.833279
-7.65,18,404.88935
-8.45,18,405.146691
-9.4,18,405.204283
-8.7,18,405.252507
-6.7,18,405.303828
-8.65,18,405.349712
-8.3,18,405.393758
-8.4,18,405.436665
3.6,18,405.507452
11.75,18,405.555869
12.2,18,405.611267
-8.6,18,405.665878
-6.9,18,405.720078
-6.45,18,405.770394
-9.5,18,405.811377
-7.8,18,406.2657
-6.5,18,406.307843
-7.4,18,406.35777
13.0,18,406.399023
-8.35,18,406.457607
12.4,18,406.4991
-9.05,18,406.566198
2.45,18,406.616439
3.15,18,406.658278
13.2,18,406.713105
-9.3,18,406.805602
-8.95,18,406.854257
-8.7,18,406.920422
-7.7,18,406.978235
1.5,18,407.237359
13.9,18,407.283043
-7.35,18,407.325491
3.05,18,407.376192
-9.65,18,407.42442
-6.0,18,407.478912
-8.4,18,407.550275
1.45,18,407.609557
-9.5,18,407.659552
-8.75,18,407.719713
4.9,18,407.756111
-8.75,18,407.81311
2.35,18,407.858815
12.0,18,407.928472
16.1,18,407.982781
13.05,18,408.284781
12.15,18,408.329403
11.9,18,408.374058
-7.4,18,408.418839
-7.2,18,408.460375
15.0,18,408.5213
-9.85,18,408.568363
14.15,18,408.626428
13.95,18,408.676858
-7.85,18,408.738803
-8.85,18,408.788681
12.05,18,408.847157
-8.5,18,408.90096
-7.45,18,408.971181
-8.25,18,409.260354
-7.75,18,409.317048
-8.1,18,409.368411
-9.55,18,409.415939
-7.5,18,409.45897
13.65,18,409.531093
-6.75,18,409.579914
-8.35,18,409.647404
2.75,18,409.701156
-6.6,18,409.767456
-8.6,18,409.82687
-8.8,18,409.888844
13.7,18,409.954884
14.2,18,410.00327
13.15,18,410.297096
13.15,18,410.345132
-8.45,18,410.401542
-6.75,18,410.44987
-9.25,18,410.489354
-8.35,18,410.555538
-8.45,18,410.599694
13.65,18,410.652383
-7.45,18,410.69471
3.7,18,410.755104
-7.7,18,410.797821
-7.0,18,410.876346
-8.45,18,410.955992
-7.85,18,411.034071
-7.9,18,411.289943
13.05,18,411.338298
-8.05,18,411.380857
-8.35,18,411.424094
1.85,18,411.474765
12.5,18,411.51956
12.1,18,411.568916
13.6,18,411.623098
-8.6,18,411.672143
-8.2,18,411.714084
-7.25,18,411.785182
12.8,18,411.840209
-7.3,18,411.891003
12.75,18,411.950705
-8.2,18,412.89687
1.5,18,413.139249
2.1,18,413.195251
-8.25,18,413.240078
12.3,18,413.288801
-9.05,18,413.344832
-8.8,18,413.381705
-8.5,18,413.441986
-7.3,18,413.50068
14.55,18,413.556788
-7.85,18,413.610948
-8.65,18,413.670167
-8.75,18,413.726605
12.3,18,413.78752
-8.15,18,413.829593
6.45,18,414.1041
13.3,18,414.152489
2.55,18,414.20638
-9.15,18,414.263859
14.45,18,414.324378
17.5,18,414.363663
-7.25,18,414.420875
-7.7,18,414.470696
-7.95,18,414.530829
-8.45,18,414.579333
-8.45,18,414.624929
-7.7,18,414.684276
15.1,18,414.727656
13.1,18,414.771424
13.2,18,415.052206
-8.4,18,415.112474
-8.25,18,415.161296
15.1,18,415.209768
-8.5,18,415.253628
12.85,18,415.308571
15.65,18,415.366174
-9.35,18,415.439389
1.35,18,415.492387
-8.0,18,415.56271
-8.75,18,415.615611
-7.15,18,415.683892
-9.1,18,415.73412
2.5,18,415.790153
-6.75,18,416.231802
13.7,18,416.281003
-9.45,18,416.336825
-8.9,18,416.385177
3.35,18,416.429373
14.3,18,416.48396
-8.45,18,416.530945
-7.25,18,416.580525
-8.15,18,416.631214
-8.25,18,416.671576
11.75,18,416.720128
-7.45,18,416.758204
-8.15,18,416.803408
-8.15,18,416.847708
-8.7,18,417.12478
-8.0,18,417.187225
13.05,18,417.234901
-6.45,18,417.289619
-8.9,18,417.350517
-7.8,18,417.402488
-7.5,18,417.443571
-8.65,18,417.507445
4.45,18,417.562765
-7.45,18,417.616652
13.55,18,417.70202
-7.8,18,417.760815
4.55,18,417.816429
13.25,18,417.8819
-9.4,18,417.931965
-8.0,18,418.233719
-8.95,18,418.277822
-8.25,18,418.33857
1.45,18,418.385064
-7.8,18,418.447417
-7.6,18,418.494912
-8.85,18,418.556708
-8.25,18,418.60536
12.5,18,418.665739
3.8,18,418.708524
3.9,18,418.786196
-8.15,18,418.844984
2.95,18,418.899576
13.25,18,418.976343
13.85,18,419.284519
-6.6,18,419.336504
-8.65,18,419.381544
1.4,18,419.433627
14.9,18,419.470731
12.15,18,419.536612
-9.4,18,419.589348
-8.75,18,419.658413
-8.2,18,419.710756
-9.1,18,419.766668
-7.1,18,419.812614
-9.7,18,419.86691
-8.75,18,419.919706
-9.3,18,419.994097
-8.2,18,420.242303
-9.0,18,420.283366
1.85,18,420.333035
-8.15,18,420.380604
-8.0,18,420.432179
-7.0,18,420.481673
-9.35,18,420.530187
-8.95,18,420.581695
-8.9,18,420.625671
-7.55,18,420.684564
-6.35,18,420.727573
15.1,18,420.78248
-8.2,18,420.833207
-8.25,18,420.884239
-6.45,18,421.20037
10.75,18,421.26714
-9.5,18,421.312122
13.7,18,421.370132
13.4,18,421.414438
-9.1,18,421.473769
-9.2,18,421.515157
-8.55,18,421.583362
14.4,18,421.654428
-9.35,18,421.709444
-8.7,18,421.812973
-8.5,18,421.870621
11.9,18,421.953074
2.4,18,422.006895
-6.8,18,422.081634
-8.55,18,422.384637
13.1,18,422.429843
-8.9,18,422.481523
-6.8,18,422.524566
13.45,18,422.570465
-6.3,18,422.612196
12.35,18,422.661955
15.7,18,422.725504
12.65,18,422.766924
-8.25,18,422.834366
-8.75,18,422.887876
-7.65,18,422.943844
11.65,18,423.015387
-7.9,18,423.068955
-8.9,18,423.371753
-8.75,18,423.415057
-7.3,18,423.465583
13.9,18,423.513525
-6.85,18,423.554638
-5.7,18,423.612563
-9.05,18,423.67255
-9.25,18,423.731456
-9.25,18,423.786558
11.9,18,423.859227
-7.65,18,423.932112
-9.2,18,424.008974
-8.15,18,424.06844
-8.35,18,424.119567
-9.05,18,424.360114
-8.3,18,424.40889
-8.85,18,424.465122
12.95,18,424.520016
-8.55,18,424.584481
12.25,18,424.645103
-8.0,18,424.685739
-8.65,18,424.746796
-9.2,18,424.814617
13.15,18,424.86567
-9.0,18,424.930212
-8.7,18,425.022367
3.35,18,425.117855
-9.65,18,425.18429
-7.7,18,425.44413
-7.65,18,425.4942
-9.8,18,425.550502
-7.25,18,425.593848
11.6,18,425.661156
-8.0,18,425.70745
-9.05,18,425.775366
-8.1,18,425.819498
3.9,18,425.89674
-7.9,18,425.948006
2.8,18,426.04491
13.45,18,426.123733
-8.95,18,426.238666
-8.35,18,426.40544
-9.05,18,426.666874
-8.45,18,426.715669
-7.75,18,426.760272
-8.05,18,426.814338
13.25,18,426.857163
-7.3,18,426.925925
5.8,18,426.968011
14.75,18,427.044603
-8.75,18,427.108269
-8.0,18,427.17219
-8.65,18,427.263238
-8.6,18,427.313989
-8.25,18,427.368598
13.6,18,427.423503
-8.4,18,427.490435
-8.15,18,427.752222
-7.35,18,427.806788
13.6,18,427.857114
-9.05,18,427.919149
-8.5,18,427.991915
-7.85,18,428.068765
-7.85,18,428.127753
-7.9,18,428.199599
-8.4,18,428.260426
-9.0,18,428.326644
-8.95,18,428.390429
-9.5,18,428.430989
13.45,18,428.499089
-8.4,18,428.543769
12.8,18,428.791169
-8.95,18,428.844801
16.2,18,428.88848
-5.35,18,428.937679
-9.05,18,428.988361
-8.8,18,429.074912
-8.05,18,429.133268
-7.8,18,429.209723
-8.9,18,429.281143
-9.7,18,429.33109
-7.75,18,429.392022
11.7,18,429.446189
-8.2,18,429.5053
1.95,18,429.567421
-8.6,18,429.834668
-8.3,18,429.88727
13.7,18,429.931619
-8.85,18,429.990309
-5.4,18,430.082052
-8.75,18,430.13585
-8.35,18,430.188877
-6.75,18,430.247502
3.0,18,430.307123
-9.0,18,430.366907
-8.75,18,430.420577
-9.6,18,430.482645
-6.55,18,430.553432
12.65,18,430.607237
-8.25,18,430.959949
-6.35,18,431.030048
-8.6,18,431.077835
-8.75,18,431.14436
-8.75,18,431.189863
1.65,18,431.251796
-8.7,18,431.338607
12.05,18,431.398507
-8.85,18,431.468625
13.9,18,431.519676
1.75,18,431.583648
-7.5,18,431.632636
-9.1,18,431.686473
-8.5,18,431.747699
-6.25,18,431.814076
3.35,18,432.075155
-8.05,18,432.140999
-3.35,18,432.190314
-8.2,18,432.2513
-6.9,18,432.317852
1.9,18,432.396167
-7.85,18,432.453557
-8.4,18,432.506878
-6.6,18,432.564019
13.0,18,432.623975
-9.35,18,432.706937
16.25,18,432.761298
-8.2,18,432.819913
12.85,18,432.876783
-9.25,18,433.164454
11.85,18,433.207873
-8.7,18,433.26236
-8.65,18,433.305281
-7.8,18,433.359536
1.8,18,433.417928
13.85,18,433.466262
-8.55,18,434.572758
-7.3,18,434.627182
-7.45,18,434.68387
2.7,18,434.739023
-6.45,18,434.792956
-8.7,18,434.842087
-9.15,18,434.92418
-7.5,18,435.210064
-7.85,18,435.256575
-8.6,18,435.303437
-9.2,18,435.361418
-7.85,18,435.406921
-5.5,18,435.457919
-7.9,18,435.518346
-7.9,18,435.573454
-7.85,18,435.626071
-8.2,18,435.688039
-7.8,18,435.75299
13.75,18,435.812381
2.45,18,435.878228
-7.7,18,435.927624
-8.4,18,436.315474
14.7,18,436.359565
-8.45,18,436.432816
-8.7,18,436.486729
-8.8,18,436.546829
-6.95,18,436.669339
-7.5,18,436.779712
-8.25,18,436.837789
-8.1,18,436.90273
-7.75,18,436.957853
-7.45,18,437.025929
-7.65,18,437.080395
-9.1,18,437.14892
-8.8,18,437.195498
-8.95,18,437.440797
-8.55,18,437.501389
-5.45,18,437.553306
3.05,18,437.598457
14.75,18,437.646526
-7.7,18,437.7041
-9.1,18,437.777282
12.8,18,437.836183
-8.65,18,437.892183
-9.1,18,437.943444
-8.0,18,438.014529
12.2,18,438.069674
-8.6,18,438.17665
-8.3,18,438.243949
-6.25,18,438.294503
-9.25,18,438.532948
-9.1,18,438.583342
-8.9,18,438.625745
-8.1,18,438.680446
13.05,18,438.727626
12.55,18,438.778939
12.95,18,438.835234
-7.6,18,438.877801
14.85,18,438.938113
16.2,18,438.979652
13.55,18,439.047651
-9.35,18,439.092031
12.7,18,439.165289
-8.15,18,439.212578
-7.35,18,439.44551
-8.0,18,439.526967
-7.2,18,439.584545
-8.85,18,439.641895
12.3,18,439.699399
11.65,18,439.748786
-7.05,18,439.797126
-8.85,18,439.862571
-9.25,18,439.926935
-8.2,18,439.980157
-9.1,18,440.028024
-7.5,18,440.096977
12.65,18,440.172471
-6.95,18,440.22204
-9.1,18,440.457313
11.9,18,440.524497
-8.75,18,440.572251
-7.05,18,440.625643
-8.1,18,440.674516
-8.75,18,440.732659
-8.95,18,440.778149
-8.75,18,440.838694
3.8,18,440.893235
-8.45,18,440.952514
-8.75,18,441.002281
-8.2,18,441.075737
-7.95,18,441.123739
-9.3,18,441.185845
15.05,18,441.446829
-7.4,18,441.491966
-9.6,18,441.547717
-6.5,18,441.591691
-8.85,18,441.638216
13.35,18,441.687731
13.7,18,441.73732
3.75,18,441.785038
14.5,18,441.839094
-7.3,18,441.893807
-7.5,18,441.949193
-7.35,18,442.002214
-7.75,18,442.06241
15.6,18,442.13103
-9.15,18,442.203711
-9.1,18,442.451437
-7.05,18,442.498188
13.25,18,442.548492
-9.1,18,442.591806
13.95,18,442.635938
3.65,18,442.692508
-7.5,18,442.74191
12.9,18,442.803231
1.9,18,442.855689
14.05,18,442.915835
-6.55,18,442.966069
12.8,18,443.027559
-8.85,18,443.082923
-9.0,18,443.14662
-7.3,18,443.379649
-8.25,18,443.429973
1.85,18,443.477099
15.1,18,443.520666
12.05,18,443.609329
-8.15,18,443.659577
-7.45,18,443.719065
-7.15,18,443.759917
-7.55,18,443.816058
-8.8,18,443.861871
-7.15,18,443.921968
14.5,18,443.971557
-9.45,18,444.025033
-8.8,18,444.081808
-8.1,18,444.360431
-9.15,18,444.405391
-7.6,18,444.452545
-8.4,18,444.497452
12.0,18,444.539016
4.0,18,444.602722
-8.25,18,444.646096
-8.6,18,444.711702
-7.5,18,444.7684
13.85,18,444.831219
-7.7,18,444.880458
13.4,18,444.955174
1.5,18,445.022413
-5.6,18,445.074637
-7.3,18,445.317653
13.0,18,445.368495
13.75,18,445.410445
13.0,18,445.454251
1.55,18,445.513565
-8.1,18,445.56783
15.05,18,445.620805
-6.2,18,445.663063
-9.35,18,445.699575
-8.35,18,445.753144
-6.65,18,445.801668
-7.85,18,445.868281
1.2,18,445.916969
-7.6,18,445.981498
-7.85,18,446.264085
-7.8,18,446.318811
1.75,18,446.361055
-9.05,18,446.41922
-6.6,18,446.4633
-8.35,18,446.51868
-6.6,18,446.56105
-5.5,18,446.620164
12.45,18,446.678568
13.85,18,446.778212
12.7,18,446.917768
15.95,18,446.978382
13.15,18,447.038308
-8.55,18,447.114084
-9.25,18,447.1645
-7.35,18,447.406807
-8.8,18,447.457122
-7.55,18,447.503891
12.85,18,447.55214
-9.05,18,447.610053
-8.65,18,447.717214
-9.05,18,447.7748
15.55,18,447.824874
12.25,18,447.88379
1.2,18,447.9417
-8.15,18,448.00892
-8.0,18,448.057274
-8.9,18,448.124014
13.15,18,448.176461
12.1,18,448.421045
-8.45,18,448.474815
-5.5,18,448.518883
-8.85,18,448.57225
-8.15,18,448.621464
-9.3,18,448.67909
-7.4,18,448.727945
-7.55,18,448.773166
-9.45,18,448.830992
-7.85,18,448.876058
-6.55,18,448.924152
-7.25,18,448.972954
-8.45,18,449.052944
-8.75,18,449.137179
13.5,18,449.394718
-7.3,18,449.443242
3.35,18,449.489376
-8.55,18,449.536347
-7.25,18,449.589443
-9.5,18,449.664737
1.9,18,449.705833
1.35,18,449.755558
2.8,18,449.813282
-7.95,18,449.855118
-6.95,18,449.920108
-8.4,18,449.9701
-6.05,18,450.031983
14.5,18,450.093858
-7.4,18,450.345177
-8.2,18,450.403497
3.0,18,450.460954
-9.25,18,450.512069
-8.6,18,450.582303
-7.75,18,450.625623
-7.1,18,450.685137
-8.85,18,450.732178
-8.6,18,450.812278
-7.45,18,450.869905
2.6,18,450.930142
13.3,18,451.012215
15.6,18,451.131935
-7.65,18,451.200325
-8.2,18,451.265009
16.1,18,451.571513
-7.55,18,451.619825
11.85,18,451.6683
12.0,18,451.719223
-9.0,18,451.799213
-7.25,18,451.855294
-8.15,18,451.921313
12.9,18,451.983152
-9.25,18,452.044035
-8.15,18,452.1046
-7.45,18,452.171383
12.0,18,452.216911
2.25,18,452.279035
-8.75,18,452.328308
-7.25,18,452.66698
-7.8,18,452.718516
-8.65,18,452.770247
-7.5,18,452.825191
-7.5,18,452.876068
-8.75,18,452.922354
15.8,18,452.98711
-6.85,18,453.034864
12.5,18,453.116814
-8.85,18,453.196484
-6.85,18,453.240628
-8.5,18,453.315798
4.45,18,453.359656
-6.3,18,453.426757
3.35,18,453.704804
12.95,18,453.76237
-9.1,18,453.809888
-6.8,18,453.866178
-7.6,18,453.901549
-9.2,18,453.971502
12.9,18,454.024444
1.6,18,454.093364
-8.0,18,454.133784
12.95,18,454.206505
13.35,18,454.254384
-8.5,18,454.323735
13.75,18,454.379608
-7.1,18,454.442096
-9.1,18,454.690589
13.2,18,455.636346
14.55,18,455.689324
12.7,18,455.751695
1.8,18,455.79617
2.65,18,455.876918
1.2,18,455.92491
-9.05,18,455.989405
-7.9,18,456.033534
-7.35,18,456.090521
-8.3,18,456.130942
-8.0,18,456.207311
-8.35,18,456.260171
-6.85,18,456.31139
-8.55,18,456.540846
-7.3,18,456.588516
11.75,18,456.646524
-8.0,18,456.694425
-8.35,18,456.755827
-8.45,18,456.80338
-7.55,18,456.859759
-7.4,18,456.900313
11.95,18,457.007997
-7.2,18,457.178323
13.1,18,457.246502
-7.95,18,457.306635
-7.1,18,457.368089
-6.7,18,457.408175
-9.25,18,457.475053
-9.05,18,457.696221
-8.55,18,457.752092
-5.8,18,457.805608
12.05,18,457.83199
-7.65,18,457.894449
12.35,18,457.944635
12.85,18,458.008242
-6.15,18,458.052634
12.25,18,458.133269
13.7,18,458.184208
-7.2,18,458.258523
-8.45,18,458.314121
1.7,18,458.365606
-8.3,18,458.421382
13.45,18,458.671367
12.4,18,458.704821
-8.7,18,458.752333
-8.55,18,458.816597
-8.5,18,458.866075
-7.95,18,458.92535
-7.6,18,458.956932
-6.35,18,459.037521
-6.25,18,459.116512
-6.7,18,459.185867
12.4,18,459.260694
-7.4,18,459.304837
-7.85,18,459.363913
-9.1,18,459.420351
-8.2,18,459.706083
-7.15,18,459.749307
-7.95,18,459.786614
-9.1,18,459.852525
12.15,18,459.900097
1.7,18,459.948714
11.4,18,460.016128
-8.2,18,460.077774
15.3,18,460.141364
-8.85,18,460.191723
1.5,18,460.261722
-8.85,18,460.314877
-8.5,18,460.375255
-7.7,18,460.439653
-7.4,18,460.67151
16.45,18,460.723053
-9.4,18,460.762948
-8.55,18,460.831784
-9.55,18,460.86422
12.45,18,460.934942
-8.75,18,460.987107
-8.7,18,461.051992
12.75,18,461.100505
12.15,18,461.186782
14.75,18,461.239449
-8.5,18,461.295936
-6.65,18,461.351499
12.85,18,461.415836
-7.75,18,461.479936
-8.8,18,461.720556
13.15,18,461.769046
2.35,18,461.828115
-7.75,18,461.862782
-8.75,18,461.911202
-5.65,18,461.967514
-7.75,18,462.014585
13.45,18,462.070569
12.9,18,462.126586
-7.85,18,462.193566
-7.7,18,462.241331
-7.75,18,462.300942
-8.7,18,462.348261
-7.95,18,462.405212
-6.4,18,462.633775
-6.3,18,462.691052
-7.75,18,462.744983
-9.5,18,462.790784
2.9,18,462.842154
-8.7,18,462.871874
3.45,18,462.931564
-8.1,18,462.979337
-8.2,18,463.027209
-7.3,18,463.09139
-8.45,18,463.155899
-9.65,18,463.208191
-7.95,18,463.294725
-8.05,18,463.342143
-8.85,18,463.61375
-8.85,18,463.674527
2.55,18,463.715652
14.0,18,463.762649
13.15,18,463.803022
14.3,18,463.878388
14.55,18,463.922892
-7.55,18,464.006753
-6.25,18,464.136479
-8.8,18,464.229356
-8.4,18,464.278219
1.65,18,464.341149
-8.15,18,464.391811
-8.05,18,464.461406
-6.35,18,464.692438
-7.45,18,464.732311
-8.9,18,464.788682
13.75,18,464.828784
14.7,18,464.876545
15.5,18,464.936696
-7.35,18,464.984654
13.6,18,465.050298
-9.15,18,465.111265
-7.65,18,465.156522
-8.65,18,465.220764
-9.05,18,465.275953
14.75,18,465.350765
13.65,18,465.415384
-7.35,18,465.653378
1.55,18,465.705092
12.85,18,465.745046
-8.1,18,465.800623
-8.75,18,465.83797
-6.95,18,465.909662
-8.3,18,465.950839
14.15,18,465.998769
-8.65,18,466.058295
-6.85,18,466.10619
-7.25,18,466.183182
-7.6,18,466.235294
-8.85,18,466.297968
-5.75,18,466.337933
-8.4,18,466.430793
2.1,18,466.739094
-9.35,18,466.771131
-8.25,18,466.837547
-8.9,18,466.877507
-7.6,18,466.938657
18.55,18,466.97449
13.0,18,467.053679
15.5,18,467.087887
-6.75,18,467.158278
-9.5,18,467.21052
-8.3,18,467.282628
-8.45,18,467.338192
2.95,18,467.398166
-8.55,18,467.454117
14.45,18,467.694502
3.55,18,467.742677
13.0,18,467.790739
-7.05,18,467.841702
-8.9,18,467.883529
-8.45,18,467.963547
-8.05,18,468.007382
11.75,18,468.089957
-9.15,18,468.187166
-6.85,18,468.244762
-8.4,18,468.342574
13.2,18,468.48244
13.8,18,468.522455
-8.7,18,468.589048
-8.55,18,468.842009
2.55,18,468.891545
-7.3,18,468.931494
-9.05,18,468.988688
3.0,18,469.029029
-8.75,18,469.092654
-8.55,18,469.168371
-7.65,18,469.237399
-7.2,18,469.277276
2.6,18,469.340411
2.9,18,469.388493
-7.45,18,469.451779
-8.15,18,469.500529
-8.8,18,469.548207
-7.75,18,469.815116
14.65,18,469.846921
-9.75,18,469.907662
13.45,18,469.943449
-8.35,18,469.991364
14.7,18,470.041693
-7.9,18,470.10508
14.65,18,470.156523
2.5,18,470.220211
-9.1,18,470.280131
-8.75,18,470.360526
11.9,18,470.408532
2.4,18,470.47719
-8.1,18,470.516068
-7.3,18,470.580025
14.35,18,470.811941
-6.7,18,470.855176
11.8,18,470.902866
-8.9,18,470.976002
-7.05,18,471.030037
11.7,18,471.103563
-8.7,18,471.170691
3.55,18,471.226803
-8.65,18,471.291559
-8.2,18,471.339558
12.5,18,471.398721
-9.35,18,471.447307
-9.8,18,471.498031
14.4,18,471.554118
13.05,18,471.831083
-7.35,18,471.863511
2.4,18,471.911284
-7.95,18,471.959972
16.35,18,472.007407
-7.5,18,472.087435
1.8,18,472.176456
-9.25,18,472.23108
2.0,18,472.296468
-8.55,18,472.342763
1.5,18,472.415991
-9.25,18,472.455543
1.65,18,472.52609
-8.75,18,472.570309
-8.75,18,472.800484
-8.4,18,472.8607
-8.85,18,472.897293
12.3,18,472.944981
-7.85,18,473.001645
12.05,18,473.049278
-8.25,18,473.11376
14.0,18,473.161313
-7.35,18,473.234864
-8.85,18,473.282394
-7.95,18,473.342211
-9.75,18,473.390021
-8.05,18,473.447011
-9.3,18,473.48681
13.9,18,473.733225
-8.65,18,473.778497
3.75,18,473.826259
-7.7,18,473.877513
-6.65,18,473.923477
12.0,18,473.979527
-8.25,18,474.046941
-7.95,18,474.105687
12.05,18,474.153295
-7.7,18,474.217986
-7.7,18,474.266023
-8.65,18,474.333886
12.6,18,474.3739
-6.95,18,474.433052
-8.5,18,474.685303
2.1,18,474.72916
-7.65,18,474.788287
-8.0,18,474.819963
-9.1,18,474.887207
-7.4,18,474.949252
-9.05,18,475.031065
15.25,18,475.103226
-8.95,18,476.102895
13.9,18,476.200676
-9.25,18,476.260059
12.95,18,476.339438
-7.05,18,476.391265
-7.7,18,476.452402
12.05,18,476.500246
-8.75,18,476.740054
1.5,18,476.790326
-8.9,18,476.822086
12.6,18,476.890806
-7.65,18,476.929547
12.75,18,477.009866
-6.35,18,477.053973
13.0,18,477.146186
-7.9,18,477.193733
-8.35,18,477.258105
-7.85,18,477.306241
14.0,18,477.371321
1.7,18,477.414122
2.75,18,477.478774
-8.7,18,477.735365
-7.5,18,477.785769
12.2,18,477.81909
12.15,18,477.869726
-7.45,18,477.915269
12.3,18,477.978913
3.75,18,478.029058
-8.25,18,478.096631
12.3,18,478.172877
2.75,18,478.246317
14.15,18,478.286448
13.1,18,478.361614
-8.35,18,478.410134
-9.05,18,478.465126
-8.65,18,478.701486
-8.2,18,478.733239
-7.4,18,478.791721
14.75,18,478.824248
15.7,18,478.871902
14.0,18,478.934243
14.8,18,478.982251
-7.4,18,479.042726
-7.5,18,479.090594
-8.3,18,479.303228
-8.95,18,479.390234
-8.0,18,479.442262
-7.7,18,479.489965
-8.7,18,479.538777
12.7,18,479.789066
12.15,18,479.855039
13.5,18,479.894856
3.75,18,479.961327
12.05,18,480.006391
-8.05,18,480.050472
13.0,18,480.0992
13.85,18,480.162884
-4.7,18,480.227876
-7.95,18,480.275847
-9.4,18,480.342019
-7.15,18,480.405834
13.2,18,480.47094
-7.7,18,480.517692
-8.55,18,480.566424
-7.5,18,480.819434
13.2,18,480.892741
12.0,18,480.940241
13.65,18,480.991993
1.8,18,481.020156
-9.45,18,481.067941
-7.65,18,481.127244
-7.85,18,481.190801
-6.65,18,481.250598
-8.75,18,481.313877
-8.65,18,481.363061
12.2,18,481.442857
13.3,18,481.493189
-8.35,18,481.55706
-9.3,18,481.80222
-6.05,18,481.843523
12.8,18,481.889845
-7.15,18,481.932448
-8.5,18,481.99627
-8.75,18,482.044404
-6.7,18,482.114787
1.75,18,482.167315
-6.85,18,482.243855
-8.95,18,482.286528
-8.45,18,482.351565
13.9,18,482.407162
-8.6,18,482.468825
12.25,18,482.51702
-8.75,18,482.752594
-7.9,18,482.805902
15.45,18,482.845636
-8.45,18,482.900445
-6.85,18,482.943536
-8.75,18,483.00733
13.95,18,483.056628
-8.9,18,483.126612
-7.05,18,483.178077
-7.9,18,483.248403
-6.25,18,483.288644
13.85,18,483.354907
-8.7,18,483.395835
12.8,18,483.470092
-7.75,18,483.700329
-7.5,18,483.736277
-8.7,18,483.783905
13.35,18,483.834341
3.7,18,483.882195
-8.8,18,483.941329
-7.7,18,483.97308
-7.55,18,484.04011
-7.4,18,484.085124
-9.2,18,484.155358
-8.6,18,484.199581
-7.75,18,484.266401
15.6,18,484.306244
-8.1,18,484.373555
13.95,18,484.648945
-8.7,18,484.697185
12.2,18,484.747193
1.85,18,484.779104
-7.85,18,484.838207
-9.25,18,484.886142
-8.1,18,484.939008
1.8,18,484.995072
-7.85,18,485.068459
-7.9,18,485.11632
-8.75,18,485.17771
-8.85,18,485.257173
-8.1,18,485.306529
13.75,18,485.354095
-6.85,18,485.419861
-7.05,18,485.648054
-7.25,18,485.712847
-9.1,18,485.754855
13.15,18,485.802197
-8.25,18,485.851054
-8.2,18,485.928174
-8.75,18,485.981287
-9.05,18,486.044247
2.25,18,486.087986
11.9,18,486.164256
-8.65,18,486.210437
12.85,18,486.288577
-6.95,18,486.330389
13.1,18,486.394938
13.85,18,486.629682
-8.65,18,486.669847
-7.65,18,486.736958
-9.1,18,486.781736
12.9,18,486.839615
2.8,18,486.880302
12.85,18,486.943741
-8.35,18,486.995816
-6.7,18,487.043784
-8.75,18,487.094766
-7.1,18,487.150575
-8.35,18,487.236063
11.85,18,487.308171
13.35,18,487.36424
-8.65,18,487.590603
-9.4,18,487.650028
-6.7,18,487.697875
12.6,18,487.748882
-7.6,18,487.790681
-9.5,18,487.858128
-6.45,18,487.900149
-8.15,18,487.964061
-9.0,18,487.996561
-7.45,18,488.070365
-8.3,18,488.11073
13.9,18,488.173734
14.6,18,488.225486
-8.8,18,488.289589
-8.65,18,488.529246
-7.1,18,488.574617
13.45,18,488.63925
4.5,18,488.665792
14.35,18,488.729349
-8.35,18,488.781547
-8.45,18,488.841587
2.75,18,488.892511
-8.8,18,488.966724
-9.3,18,489.025717
13.4,18,489.082349
12.85,18,489.128258
-6.05,18,489.191616
-8.9,18,489.247842
-8.65,18,489.312324
-8.7,18,489.554965
2.65,18,489.596812
12.75,18,489.65598
-9.25,18,489.703932
2.05,18,489.765132
11.9,18,489.81298
-9.45,18,489.877064
4.5,18,490.03723
-8.15,18,490.132802
-7.3,18,490.181315
-8.95,18,490.253556
-8.3,18,490.309625
-8.85,18,490.373785
-9.0,18,490.437956
14.1,18,490.658698
15.25,18,490.704136
-8.5,18,490.751833
-9.15,18,490.808101
-8.85,18,490.866693
-9.3,18,490.928062
13.2,18,490.976017
-6.35,18,491.054628
-6.4,18,491.095681
-9.15,18,491.16136
-7.05,18,491.2114
2.0,18,491.288383
13.55,18,491.335486
-8.55,18,491.404143
-7.75,18,491.637444
14.6,18,491.684855
-8.0,18,491.74439
-7.2,18,491.776047
12.75,18,491.840434
12.25,18,491.888272
12.5,18,491.954874
-7.55,18,492.002545
-8.6,18,492.078939
-9.25,18,492.127173
12.7,18,492.207739
-7.25,18,492.281647
3.15,18,492.346499
-8.35,18,492.411123
-4.75,18,492.65557
-8.65,18,492.70797
-8.65,18,492.768352
-8.15,18,492.800136
3.8,18,492.866479
-7.35,18,492.899071
-8.75,18,492.980742
13.5,18,493.029564
-8.15,18,493.101715
-8.9,18,493.14186
14.1,18,493.215191
11.75,18,493.26289
-8.0,18,493.342889
-8.2,18,493.406542
-8.25,18,493.661138
-6.45,18,493.699755
-8.85,18,493.760091
-6.95,18,493.79592
-8.35,18,493.843347
14.55,18,493.902134
-8.25,18,493.962095
2.0,18,494.023273
-8.0,18,494.094962
13.8,18,494.132614
-7.45,18,494.209018
-7.8,18,494.257411
-7.65,18,494.323652
14.6,18,494.364506
2.15,18,494.421141
14.8,18,494.642988
-8.9,18,494.695765
-7.05,18,494.735889
-8.4,18,494.783485
12.95,18,494.833045
16.05,18,494.880844
-6.85,18,494.940398
-8.35,18,495.003812
-8.55,18,495.039639
-8.65,18,495.087186
-8.45,18,495.155656
13.7,18,495.195347
-9.35,18,495.273758
11.75,18,495.340719
-7.35,18,495.579793
-8.5,18,496.495768
-7.75,18,496.536317
-8.7,18,496.604752
-8.2,18,496.644063
2.2,18,496.697951
12.6,18,496.750217
-8.95,18,496.82078
-9.05,18,496.862843
14.4,18,496.935913
-7.9,18,496.976101
11.95,18,497.049551
13.5,18,497.105736
-8.8,18,497.172419
12.65,18,497.470249
16.9,18,497.521633
-7.0,18,497.5704
-8.3,18,497.624961
-9.05,18,497.664823
15.2,18,497.731945
-8.1,18,497.772208
-8.9,18,497.848995
3.55,18,497.896558
-9.5,18,497.970607
-8.1,18,498.026885
13.9,18,498.082356
-7.6,18,498.13834
11.8,18,498.19755
-7.8,18,498.462815
-8.65,18,498.519065
14.45,18,498.559236
12.35,18,498.638528
1.95,18,498.673306
14.9,18,498.747731
-8.3,18,498.800545
-8.45,18,498.857019
-8.8,18,498.921578
-8.55,18,498.974257
12.2,18,499.014147
-7.4,18,499.081471
-9.1,18,499.130555
1.8,18,499.202176
13.55,18,499.250823
-8.2,18,499.561916
1.6,18,499.593847
-9.2,18,499.655154
14.65,18,499.68711
-7.95,18,499.75428
16.15,18,499.783573
12.55,18,499.847726
-8.3,18,499.891356
2.8,18,499.939192
2.6,18,499.998791
-7.8,18,500.062299
13.35,18,500.107575
-7.1,18,500.155855
-7.25,18,500.216393
-7.75,18,500.669954
-8.05,18,500.718982
2.3,18,500.769057
-8.4,18,500.8644
2.85,18,500.931702
-8.35,18,500.981145
-6.6,18,501.032628
-8.3,18,501.080983
-9.15,18,501.13559
-8.9,18,501.178263
-7.8,18,501.257922
-8.5,18,501.30628
-6.7,18,501.39036
13.8,18,501.41816
-8.6,18,501.698185
-8.1,18,501.743454
-7.2,18,501.775389
-9.3,18,501.836529
-7.5,18,501.884219
13.1,18,501.949623
-9.3,18,501.997337
-8.05,18,502.046187
-8.6,18,502.104993
13.0,18,502.167558
-8.5,18,502.220803
13.7,18,502.287418
-7.65,18,502.335582
-7.2,18,502.40431
-9.25,18,502.640533
12.05,18,502.691557
11.75,18,502.74597
14.3,18,502.785882
1.65,18,502.898041
-8.4,18,502.97124
2.7,18,503.01112
12.0,18,503.082952
14.1,18,503.125231
-8.35,18,503.183514
-8.65,18,503.232055
-7.0,18,503.313077
13.3,18,503.361163
-8.6,18,503.428508
-8.15,18,503.701351
-7.1,18,503.748724
-8.45,18,503.79722
-8.75,18,503.844924
13.3,18,503.89408
-8.4,18,503.941738
12.45,18,504.007954
13.15,18,504.039884
12.0,18,504.119179
-8.65,18,504.179607
15.7,18,504.240552
1.75,18,504.3106
-7.8,18,504.352941
13.85,18,504.416981
12.35,18,504.472214
-8.45,18,504.692316
-8.35,18,504.765408
-7.3,18,504.811888
-8.8,18,504.862111
16.4,18,504.94145
2.35,18,505.009757
13.25,18,505.07193
-8.45,18,505.117878
-7.55,18,505.181073
-8.3,18,505.23033
-8.05,18,505.278219
12.9,18,505.361268
-9.15,18,505.432414
-9.6,18,505.476435
14.0,18,505.741549
2.35,18,505.793854
12.85,18,505.823151
-8.8,18,505.888389
-9.05,18,505.936024
-7.95,18,506.001745
-7.6,18,506.047376
-9.45,18,506.101686
14.35,18,506.157257
-9.05,18,506.210037
-8.2,18,506.261568
-7.3,18,506.330937
11.95,18,506.378615
14.2,18,506.444676
-8.2,18,506.695648
-7.8,18,506.732753
-8.7,18,506.783396
1.85,18,506.832354
13.3,18,506.882697
-8.75,18,506.922494
-7.35,18,506.994737
-6.65,18,507.043609
-8.75,18,507.100705
14.3,18,507.141207
15.25,18,507.20788
-7.65,18,507.25368
3.65,18,507.318898
13.2,18,507.367202
-6.5,18,507.631478
4.15,18,507.682165
-8.55,18,507.745808
-8.95,18,507.794887
-7.95,18,507.842372
14.35,18,507.893649
-9.2,18,507.941641
1.65,18,508.017972
-9.1,18,508.077764
14.05,18,508.124489
-7.35,18,508.156322
1.8,18,508.221371
15.2,18,508.269282
-8.55,18,508.335293
13.35,18,508.383083
1.9,18,508.622807
14.9,18,508.679653
13.7,18,508.719892
-8.25,18,508.767703
13.25,18,508.817721
13.75,18,508.892165
-7.55,18,508.940106
-7.35,18,509.003264
13.85,18,509.067581
-8.15,18,509.130617
13.15,18,509.174422
13.25,18,509.239226
-7.05,18,509.286529
-6.95,18,509.358237
-6.8,18,509.630947
-8.65,18,509.690926
-8.8,18,509.722174
-7.85,18,509.783309
2.5,18,509.818569
-8.35,18,509.866357
-8.0,18,509.924765
-8.5,18,509.956398
-8.6,18,510.021067
15.5,18,510.068773
-7.1,18,510.122774
13.75,18,510.167088
-8.6,18,510.233847
-8.6,18,510.289827
14.75,18,510.597572
-9.2,18,510.637559
14.2,18,510.691804
12.05,18,510.730574
-8.3,18,510.778085
-7.25,18,510.826849
13.9,18,510.874678
-6.8,18,510.938838
2.5,18,510.997659
2.6,18,511.051423
1.85,18,511.115558
-8.15,18,511.17527
1.65,18,511.228764
2.95,18,511.448239
13.15,18,511.68927
-8.9,18,511.736651
2.5,18,511.801541
-8.75,18,511.843385
-8.1,18,511.894454
-9.1,18,511.934654
1.65,18,512.011472
-8.65,18,512.059366
-8.5,18,512.140286
2.35,18,512.188089
2.7,18,512.255386
-8.85,18,512.30285
-6.8,18,512.369504
-7.7,18,512.416907
-7.85,18,512.673218
-7.0,18,512.713181
-8.8,18,512.777018
-6.8,18,512.824567
12.7,18,512.872331
12.95,18,512.921396
2.45,18,512.985247
-9.6,18,513.035632
-9.35,18,513.094256
-9.0,18,513.155083
12.85,18,513.208544
-7.55,18,513.275974
-9.05,18,513.332388
15.75,18,513.388638
-7.1,18,513.463283
-9.55,18,513.73993
-6.8,18,513.804078
15.95,18,513.848345
-7.0,18,513.882226
-8.75,18,513.942405
4.05,18,513.989546
-8.65,18,514.038755
-7.6,18,514.102598
1.95,18,514.150787
2.1,18,514.214317
12.3,18,514.26288
12.8,18,514.310809
12.9,18,514.387068
-9.1,18,514.441241
14.35,18,514.703345
-7.7,18,514.748204
-8.45,18,514.795058
-8.05,18,514.841525
-8.3,18,514.881984
-8.75,18,514.957472
-8.3,18,515.013268
2.75,18,515.071618
14.4,18,515.127519
-7.85,18,515.186922
13.55,18,515.234533
-8.55,18,515.299693
15.35,18,515.387988
3.65,18,515.439003
-8.8,18,515.725147
-8.15,18,515.756788
14.0,18,515.814559
12.95,18,515.883772
3.25,18,515.931254
-8.2,18,515.987735
-7.9,18,516.041775
-7.8,18,516.107854
-8.9,18,516.176024
-8.25,18,517.133712
-6.75,18,517.188406
-6.3,18,517.229757
12.3,18,517.306077
-7.05,18,517.360273
-8.05,18,517.620632
-9.0,18,517.675516
11.9,18,517.723473
-8.95,18,517.778085
15.35,18,517.814697
13.45,18,517.894738
-8.1,18,517.934344
-8.9,18,518.000216
12.1,18,518.041253
-8.2,18,518.115631
-7.85,18,518.163967
-7.3,18,518.220274
-8.4,18,518.269536
-8.0,18,518.324366
-7.2,18,518.390022
13.1,18,518.688623
12.65,18,518.736099
15.25,18,518.78394
-9.0,18,518.826805
-8.8,18,518.886028
-8.05,18,518.938861
-7.45,18,519.008707
-7.35,18,519.045125
-8.45,18,519.117339
13.95,18,519.157981
-8.35,18,519.224463
-8.4,18,519.265484
-8.45,18,519.313291
-8.85,18,519.372952
-6.55,18,519.680523
-8.95,18,519.717974
-8.8,18,519.800552
-9.35,18,519.842718
14.7,18,519.874269
-7.25,18,519.940914
4.0,18,520.003762
12.0,18,520.055427
-8.45,18,520.135579
-7.05,18,520.18605
-9.1,18,520.269232
-8.05,18,520.308889
13.9,18,520.372717
15.3,18,520.433032
-9.25,18,520.739892
-8.8,18,520.788153
-8.7,18,520.838892
15.3,18,520.88235
-8.4,18,520.936853
-6.55,18,520.976674
-7.55,18,521.024551
13.8,18,521.071672
-8.45,18,521.111638
-8.1,18,521.176285
-7.25,18,521.207628
15.7,18,521.265176
-8.9,18,521.327223
-9.3,18,521.374743
14.2,18,521.669412
-8.4,18,521.707366
-6.8,18,521.909707
2.4,18,521.957661
-8.05,18,522.016736
-8.7,18,522.064296
1.8,18,522.120829
-7.6,18,522.160817
14.45,18,522.230806
15.5,18,522.259088
1.9,18,522.306626
1.85,18,522.381713
1.2,18,522.454873
-8.4,18,522.510593
-8.45,18,522.826414
-8.4,18,522.889037
11.95,18,522.93215
-9.55,18,522.968154
16.9,18,523.022656
11.6,18,523.069402
15.75,18,523.133875
-7.4,18,523.181666
14.35,18,523.240985
-9.7,18,523.317521
11.9,18,523.36933
12.0,18,523.459198
14.65,18,523.51522
-8.95,18,523.574183
13.9,18,523.637907
12.55,18,523.859272
-8.35,18,523.917054
-9.45,18,523.954615
-7.85,18,524.006409
13.05,18,524.051569
-8.85,18,524.099043
4.45,18,524.147618
13.5,18,524.211304
1.45,18,524.268667
13.9,18,524.316646
-9.05,18,524.381574
14.4,18,524.461076
-8.9,18,524.527568
-7.5,18,524.594432
-8.45,18,524.829921
-6.8,18,524.861578
13.5,18,524.927619
13.9,18,524.959811
12.85,18,525.018044
-9.2,18,525.066417
-8.1,18,525.130956
-8.75,18,525.182185
-9.25,18,525.226085
-7.65,18,525.294019
-7.65,18,525.357789
-7.55,18,525.41838
13.15,18,525.485606
-6.5,18,525.533508
2.7,18,525.798945
-8.75,18,525.83446
-8.95,18,525.882071
-7.9,18,525.941124
2.55,18,525.988744
-8.6,18,526.053719
-7.55,18,526.101469
-9.75,18,526.165421
-8.6,18,526.228629
-6.65,18,526.277937
13.2,18,526.341782
-7.65,18,526.386096
11.95,18,526.44949
13.15,18,526.498951
-7.4,18,526.732977
-9.1,18,526.800076
-8.5,18,526.844164
-8.1,18,526.889459
-6.8,18,526.938691
-8.95,18,527.011209
3.0,18,527.062469
-6.8,18,527.127478
12.65,18,527.185116
11.8,18,527.249697
-9.2,18,527.297384
-6.85,18,527.35562
-9.15,18,527.417095
12.95,18,527.493992
-6.15,18,527.545785
1.95,18,527.786456
12.6,18,527.838309
-8.85,18,527.878223
-8.6,18,527.93719
2.85,18,527.973411
2.8,18,528.046372
-8.6,18,528.09014
-7.75,18,528.174174
-9.05,18,528.222104
12.55,18,528.288664
11.95,18,528.352401
-7.85,18,528.404851
-7.4,18,528.497284
-7.45,18,528.550829
1.4,18,528.786307
-6.9,18,528.834129
12.3,18,528.881981
12.0,18,528.939111
-8.75,18,528.978768
13.1,18,529.042469
-7.8,18,529.09007
2.65,18,529.151554
14.15,18,529.186731
16.0,18,529.234478
-8.85,18,529.300731
-7.9,18,529.332617
-8.55,18,529.408056
-9.05,18,529.455328
-9.3,18,529.74443
-9.0,18,529.783372
13.65,18,529.841775
-8.25,18,529.875806
-8.25,18,529.939183
-8.55,18,529.982078
-8.7,18,530.052063
-8.4,18,530.092273
-7.25,18,530.167458
14.25,18,530.21495
-7.55,18,530.272764
-8.8,18,530.313036
-8.45,18,530.376589
-9.35,18,530.420125
-7.75,18,530.665885
15.0,18,530.722123
-9.75,18,530.770589
-7.5,18,530.812641
12.25,18,530.872672
-6.45,18,530.920166
-9.0,18,530.995487
-8.75,18,531.06599
-8.3,18,531.108156
-6.3,18,531.171465
12.3,18,531.220047
4.65,18,531.283255
-8.35,18,531.332343
-7.8,18,531.396016
-8.8,18,531.670485
3.25,18,531.71803
13.7,18,531.766456
-8.85,18,531.814387
-8.2,18,531.872376
-9.1,18,531.916478
-6.8,18,531.982963
-6.2,18,532.037534
-8.5,18,532.096526
-7.25,18,532.145225
-6.55,18,532.205303
-8.4,18,532.257608
12.25,18,532.366121
-7.0,18,532.510515
-8.75,18,532.585676
-8.45,18,532.815792
-7.8,18,532.863361
-7.65,18,532.91164
-9.3,18,532.944097
-8.85,18,532.991853
-5.6,18,533.040075
15.85,18,533.087671
11.95,18,533.144781
-7.5,18,533.200885
-8.25,18,533.266309
-7.35,18,533.314254
14.55,18,533.37095
14.35,18,533.411117
13.9,18,533.508625
1.3,18,533.792222
-8.6,18,533.843827
-6.75,18,533.883703
12.65,18,533.934849
-7.95,18,533.974745
12.7,18,534.047064
-7.65,18,534.087445
-7.05,18,534.162707
-9.2,18,534.213668
-7.8,18,534.278187
-8.0,18,534.322397
-9.1,18,534.387283
14.8,18,534.434606
-7.4,18,534.507553
15.05,18,534.752653
1.8,18,534.797031
-8.75,18,534.84579
-7.95,18,534.900474
-8.0,18,534.974628
-7.45,18,535.022166
2.0,18,535.082213
-7.25,18,535.14122
3.25,18,535.204733
-8.9,18,535.252425
-7.35,18,535.318547
-8.25,18,535.366013
-8.55,18,535.441111
11.55,18,535.508224
-8.2,18,535.764261
-7.5,18,535.811804
-9.1,18,535.867891
-7.8,18,535.907808
-7.7,18,535.955298
12.1,18,536.020193
-8.8,18,536.072292
12.55,18,536.128165
-7.6,18,536.20593
-7.65,18,536.264969
-6.95,18,536.338961
-9.0,18,536.386445
-9.2,18,536.451781
12.8,18,536.490863
-9.25,18,536.569482
-7.75,18,536.813005
-8.1,18,536.860393
13.0,18,537.844951
14.5,18,537.901734
-6.85,18,537.949963
-5.45,18,538.006439
-9.0,18,538.063293
-7.0,18,538.127656
15.75,18,538.182997
12.05,18,538.247516
-8.6,18,538.289306
3.25,18,538.340255
13.95,18,538.395971
12.9,18,538.461119
-8.4,18,538.747454
-8.25,18,538.806999
-8.45,18,538.842367
13.85,18,538.900123
-8.5,18,538.947781
12.9,18,539.003891
-9.85,18,539.044357
-8.6,18,539.118016
-8.85,18,539.157893
-8.6,18,539.216794
13.85,18,539.249191
12.55,18,539.326091
3.6,18,539.362141
2.5,18,539.425436
12.65,18,539.69775
-7.85,18,539.745239
-8.55,18,539.794098
-6.45,18,539.831917
-7.75,18,539.891699
-8.5,18,539.940145
12.9,18,540.007324
-8.95,18,540.046552
12.35,18,540.119235
-8.55,18,540.159397
-8.4,18,540.222797
-7.4,18,540.273261
13.65,18,540.343893
-7.95,18,540.388059
11.75,18,540.67351
-8.35,18,540.713382
-8.5,18,540.766651
-8.25,18,540.810455
14.8,18,540.85818
-8.3,18,540.91188
12.95,18,540.964727
-8.0,18,541.015495
-6.95,18,541.07896
13.15,18,541.140095
12.95,18,541.210522
-7.7,18,541.264945
-8.25,18,541.332107
12.0,18,541.37767
-7.8,18,541.671223
-8.8,18,541.714261
-8.75,18,541.784606
-8.65,18,541.828447
-8.75,18,541.883279
-8.3,18,541.931492
-7.95,18,542.003914
-6.65,18,542.043708
-9.15,18,542.10987
-9.45,18,542.165465
-7.55,18,542.22704
-9.05,18,542.290676
-8.3,18,542.343614
12.95,18,542.398563
-6.4,18,542.455053
-8.9,18,542.721069
13.5,18,542.768481
-8.95,18,542.81272
-8.7,18,542.844427
13.25,18,542.909247
13.8,18,542.942867
12.85,18,543.004361
-5.75,18,543.055001
-9.15,18,543.156472
4.05,18,543.217247
-8.25,18,543.267543
-7.6,18,543.318079
-8.2,18,543.377975
-9.5,18,543.42402
-8.45,18,543.863319
-7.45,18,543.911123
-8.75,18,543.970076
-9.15,18,544.001768
-8.85,18,544.066605
12.65,18,544.114968
1.65,18,544.187154
-9.4,18,544.251135
-6.35,18,544.315652
13.25,18,544.3794
-8.45,18,544.428737
-8.35,18,544.51366
-8.05,18,544.558169
-8.6,18,544.634527
-7.4,18,544.875189
-8.75,18,544.907007
-7.65,18,544.974284
3.5,18,545.003988
13.85,18,545.070655
12.4,18,545.128049
-9.25,18,545.1945
-8.4,18,545.250546
14.0,18,545.325372
3.0,18,545.373212
-7.7,18,545.434001
12.2,18,545.484835
1.55,18,545.561168
-8.15,18,545.646878
-8.25,18,545.928866
-9.3,18,545.985882
-7.25,18,546.02591
2.7,18,546.09519
13.6,18,546.139231
-8.5,18,546.206363
-8.0,18,546.262126
3.0,18,546.319129
-8.6,18,546.366775
12.35,18,546.429797
-7.45,18,546.488816
15.0,18,546.555995
12.05,18,546.612181
-7.4,18,546.691072
-8.35,18,546.755115
-9.35,18,546.985079
12.6,18,547.030477
-7.4,18,547.078488
-8.95,18,547.124944
13.35,18,547.186577
-8.9,18,547.255477
2.4,18,547.331693
-8.15,18,547.382274
3.6,18,547.452861
-7.4,18,547.496906
-9.05,18,547.569222
11.7,18,547.625477
-9.0,18,547.708708
-7.9,18,547.759902
-8.6,18,547.996462
-7.2,18,548.046782
-8.65,18,548.09417
1.8,18,548.153672
-8.4,18,548.201306
-7.95,18,548.258092
-7.05,18,548.314247
-7.75,18,548.377986
-8.95,18,548.426067
13.05,18,548.490788
-8.4,18,548.535343
15.1,18,548.614449
12.75,18,548.666582
-8.3,18,548.723397
-7.05,18,548.96954
-5.45,18,549.026211
2.85,18,549.066091
15.85,18,549.113936
13.05,18,549.179844
-8.35,18,549.227582
-8.25,18,549.287479
-6.5,18,549.335678
-9.25,18,549.396083
-7.4,18,549.462442
-7.3,18,549.508903
-6.65,18,549.572728
-8.95,18,549.648312
12.15,18,549.719466
-6.55,18,549.970095
-7.8,18,550.013777
3.45,18,550.062581
-7.15,18,550.10271
-8.6,18,550.167114
-8.45,18,550.207376
11.85,18,550.276885
-6.55,18,550.3306
-9.05,18,550.397808
14.45,18,550.443952
2.75,18,550.52866
12.0,18,550.600487
-9.0,18,550.650442
-9.15,18,550.73327
-8.7,18,550.975493
-8.35,18,551.020911
13.25,18,551.071981
1.9,18,551.119718
-8.7,18,551.179695
-7.65,18,551.211735
-8.9,18,551.278497
-8.9,18,551.310658
13.95,18,551.358526
-8.2,18,551.417959
-8.1,18,551.465652
-7.6,18,551.531344
-8.05,18,551.578833
2.6,18,551.654635
3.1,18,551.70207
-7.75,18,551.955025
-9.2,18,551.987499
-7.6,18,552.034947
14.3,18,552.083951
13.45,18,552.131542
-9.2,18,552.199509
-8.15,18,552.243914
-5.6,18,552.30504
-7.85,18,552.360477
-8.35,18,552.410044
11.8,18,552.465468
-9.45,18,552.538161
-7.4,18,552.579105
-8.75,18,552.654314
11.75,18,552.880944
12.05,18,552.928401
13.7,18,552.987506
-8.05,18,553.019178
-8.85,18,553.084092
-9.1,18,553.132026
14.05,18,553.189709
-8.6,18,553.246442
12.05,18,553.315077
-7.4,18,553.364105
14.4,18,553.42412
13.0,18,553.464082
12.7,18,553.533123
-8.65,18,553.588854
13.7,18,553.840963
-9.35,18,553.884476
-6.6,18,553.916174
-8.7,18,553.982876
-7.55,18,554.044931
-8.9,18,554.214396
12.05,18,554.28481
-8.55,18,554.349143
15.8,18,554.39717
13.2,18,554.458542
-8.85,18,554.492357
-6.15,18,554.556186
-7.55,18,554.604396
13.95,18,554.688633
-7.75,18,554.932824
2.15,18,554.9803
-8.25,18,555.029674
12.6,18,555.07724
-6.75,18,555.130501
-8.4,18,555.191485
-9.05,18,555.250192
11.8,18,555.297655
-7.35,18,555.368515
13.4,18,555.405582
2.05,18,555.47763
-8.85,18,555.531082
-8.9,18,555.60755
-7.2,18,555.655519
-8.3,18,555.712424
-8.45,18,555.940996
14.1,18,555.977079
-7.65,18,556.033455
2.7,18,556.066155
-8.65,18,556.138129
-8.25,18,556.19132
-8.85,18,556.251718
13.2,18,556.300189
11.95,18,556.377331
-7.85,18,556.441184
-7.05,18,556.50242
-9.4,18,556.545237
-8.05,18,556.628503
-7.95,18,556.673714
-8.55,18,556.934889
-7.9,18,556.982507
-8.9,18,557.039086
-7.6,18,557.078947
1.45,18,557.126451
1.55,18,557.191306
15.2,18,557.260111
-8.35,18,557.316096
-7.8,18,557.381185
-6.95,18,557.430099
-8.7,18,558.389317
-8.1,18,558.437055
-8.85,18,558.502267
11.8,18,558.581988
-6.8,18,558.841656
-9.45,18,558.889112
-8.5,18,558.9588
12.9,18,558.995836
-7.1,18,559.048059
-8.55,18,559.096838
-7.45,18,559.156932
-6.65,18,559.213408
-8.45,18,559.285422
-9.0,18,559.31393
-8.3,18,559.380917
-8.65,18,559.432201
-9.2,18,559.498427
-8.15,18,559.545988
-7.25,18,559.804657
12.0,18,559.841627
-8.8,18,559.889173
3.1,18,559.93839
-8.75,18,559.986202
14.1,18,560.043889
1.65,18,560.0838
-5.9,18,560.150708
-7.3,18,560.206719
-7.6,18,560.271862
14.35,18,560.320051
12.95,18,560.395342
-8.4,18,560.443122
-7.6,18,560.499491
14.1,18,560.774104
12.45,18,560.849231
-8.95,18,560.896708
-9.25,18,560.940642
-8.1,18,561.004249
-9.3,18,561.053512
-8.1,18,561.101168
-6.2,18,561.17676
-8.3,18,561.229519
-7.3,18,561.289192
-7.9,18,561.336145
14.25,18,561.395584
-8.65,18,561.443288
-7.35,18,561.507926
1.9,18,561.555271
-7.45,18,561.837789
-6.65,18,561.877632
-8.35,18,561.93174
-9.05,18,561.968484
-9.3,18,562.016388
-8.65,18,562.084193
-7.25,18,562.125147
12.1,18,562.182696
-9.1,18,562.238653
-8.65,18,562.29852
-6.1,18,562.362104
11.85,18,562.413449
-8.6,18,562.487531
12.9,18,562.535803
-5.7,18,562.803946
-8.45,18,562.865325
-7.85,18,562.897365
12.55,18,562.954268
-9.35,18,563.010186
13.1,18,563.07626
-7.85,18,563.124334
12.5,18,563.191205
-8.7,18,563.239367
11.9,18,563.303765
-8.1,18,563.351536
13.85,18,563.421562
12.55,18,563.473861
-7.55,18,563.528054
2.2,18,563.803404
14.3,18,563.857012
12.2,18,563.899585
-7.8,18,563.94747
12.65,18,563.992844
13.15,18,564.056689
-7.85,18,564.102341
-8.9,18,564.184649
-8.95,18,564.226658
12.0,18,564.293794
-8.7,18,564.339334
-8.5,18,564.408479
-7.25,18,564.450876
-7.7,18,564.514926
-7.85,18,564.950384
14.35,18,565.005281
-6.95,18,565.040904
-8.55,18,565.088414
-7.25,18,565.137254
-8.9,18,565.20125
13.3,18,565.27089
-6.55,18,565.314995
-8.65,18,565.374204
2.5,18,565.454958
12.5,18,565.50464
-8.2,18,565.550289
-6.9,18,565.606662
-9.3,18,565.710695
-8.8,18,565.791246
2.45,18,566.095336
-6.65,18,566.132554
2.9,18,566.197167
-8.35,18,566.243703
12.95,18,566.321878
-7.7,18,566.385312
-8.1,18,566.524027
-8.35,18,566.571455
-8.9,18,566.643624
-5.85,18,566.695258
12.55,18,566.783789
12.25,18,566.840743
12.8,18,566.897803
-8.95,18,566.937701
3.0,18,567.187595
-8.45,18,567.238558
13.8,18,567.284935
-8.75,18,567.334127
-7.95,18,567.383841
13.05,18,567.431231
11.75,18,567.497513
-8.75,18,567.561509
4.15,18,567.614647
-8.75,18,567.705668
-8.15,18,567.763559
-7.7,18,567.833344
-8.95,18,567.876365
-8.35,18,567.942332
11.9,18,568.192292
-5.5,18,568.224186
-7.7,18,568.28945
-8.15,18,568.337162
-8.65,18,568.392327
-8.6,18,568.440119
-8.5,18,568.515586
-9.1,18,568.563602
-7.95,18,568.628353
-8.45,18,568.707565
-6.45,18,568.767983
-6.2,18,568.831254
-8.75,18,568.88151
13.85,18,568.929036
-6.85,18,569.183451
-9.25,18,569.22332
14.25,18,569.27089
-8.45,18,569.313298
3.2,18,569.360855
-7.85,18,569.410429
-8.75,18,569.474023
-8.4,18,569.533884
-6.5,18,569.581633
13.1,18,569.642079
-8.55,18,569.678779
15.45,18,569.739964
-9.15,18,569.826059
-7.7,18,569.865605
13.45,18,570.101925
-8.1,18,570.166131
-8.45,18,570.20838
2.1,18,570.264267
-7.55,18,570.313816
-8.0,18,570.351707
-7.9,18,570.401032
1.3,18,570.448115
-6.95,18,570.50507
-8.95,18,570.561028
-8.8,18,570.628535
-8.8,18,570.684101
-5.75,18,570.743418
11.75,18,570.790863
12.5,18,570.848994
-8.65,18,571.092184
-8.1,18,571.123929
12.45,18,571.182266
-8.8,18,571.222208
-7.9,18,571.287139
-7.75,18,571.344636
-7.2,18,571.410115
-9.65,18,571.457054
-8.25,18,571.521278
14.1,18,571.572129
-7.15,18,571.641952
14.2,18,571.721017
14.05,18,571.785891
14.35,18,571.877397
-8.9,18,572.104965
-8.4,18,572.144861
-7.35,18,572.192375
-9.2,18,572.240256
-9.15,18,572.303539
2.25,18,572.352679
-8.2,18,572.426593
12.3,18,572.466718
3.0,18,572.544723
-8.8,18,572.580114
13.75,18,572.642083
-7.05,18,572.700243
-9.9,18,572.777746
16.05,18,572.832951
2.85,18,573.087576
12.0,18,573.152378
-8.1,18,573.188384
-8.5,18,573.24844
-9.1,18,573.296286
-8.55,18,573.353201
1.85,18,573.409095
-7.45,18,573.476811
13.05,18,573.532277
-6.4,18,573.576212
-8.8,18,573.64001
-7.85,18,573.705067
-8.6,18,573.785853
-8.3,18,573.833945
-7.0,18,574.100181
-9.2,18,574.15767
14.45,18,574.197442
-8.2,18,574.262467
-8.25,18,574.304578
14.3,18,574.365841
12.15,18,574.426271
-8.65,18,574.505245
12.75,18,574.585014
-9.1,18,574.627602
-7.7,18,574.74175
2.6,18,574.805243
-8.75,18,574.897927
-8.95,18,575.079436
13.65,18,575.177911
-7.8,18,575.407478
12.15,18,575.455668
12.75,18,575.51217
2.7,18,575.552249
-9.15,18,575.608899
2.65,18,575.664339
12.25,18,575.740853
15.15,18,575.799428
-9.15,18,575.873846
13.6,18,575.933452
-6.6,18,575.995981
-9.3,18,576.043777
13.25,18,576.102928
-6.65,18,576.150541
2.15,18,576.406811
12.95,18,576.452013
11.95,18,576.499803
-6.35,18,576.545193
-8.9,18,576.608631
12.05,18,576.679077
-8.85,18,576.737347
13.05,18,576.798564
-7.65,18,576.845244
2.85,18,576.909973
-8.45,18,576.9578
16.05,18,577.005205
-7.75,18,577.068667
-8.85,18,577.160643
-7.9,18,577.504574
12.15,18,577.569189
-9.5,18,577.616743
-6.5,18,577.668388
-9.4,18,577.713529
-8.9,18,577.795967
-8.0,18,577.859652
4.25,18,577.926724
-6.55,18,577.990377
2.95,18,578.048892
-8.6,18,578.110762
2.65,18,578.161624
-9.15,18,578.20975
-8.45,18,578.260369
14.6,18,578.506361
-9.3,18,578.589323
-7.05,18,578.637946
13.45,18,579.600278
-9.0,18,579.660471
-8.9,18,579.749576
13.05,18,579.781255
-6.0,18,579.82922
-6.95,18,579.892383
-7.75,18,579.95411
12.0,18,580.003303
-9.1,18,580.051242
11.9,18,580.12667
1.9,18,580.17477
-6.95,18,580.42418
-7.8,18,580.457246
-8.5,18,580.504908
-8.85,18,580.568739
-7.6,18,580.616675
-6.5,18,580.673698
-7.45,18,580.72974
-7.55,18,580.795543
-9.05,18,580.874982
-6.75,18,580.923646
12.45,18,581.007366
-8.05,18,581.059877
12.1,18,581.118565
-6.5,18,581.166795
-8.85,18,581.239798
14.9,18,581.507098
-7.45,18,581.577322
-8.9,18,581.621428
-7.65,18,581.686256
-7.3,18,581.749076
12.75,18,581.829929
-9.15,18,581.907874
12.5,18,581.958223
-8.5,18,582.022982
-9.2,18,582.067375
3.95,18,582.139359
-7.7,18,582.195476
-6.45,18,582.262177
-8.45,18,582.310125
-7.5,18,582.543938
12.85,18,582.608615
-7.4,18,582.645393
-8.6,18,582.70495
-5.95,18,582.784309
-8.35,18,582.852787
-7.35,18,582.930528
-8.65,18,582.978818
-8.75,18,583.049566
-7.85,18,583.097498
14.7,18,583.161925
-9.05,18,583.202943
-7.65,18,583.261931
13.1,18,583.315599
11.9,18,583.617378
-8.6,18,583.657419
-8.7,18,583.720491
-7.35,18,583.769804
-8.2,18,583.833018
13.25,18,583.883804
-8.35,18,583.949902
-8.5,18,584.041188
-7.8,18,584.10671
2.4,18,584.153238
-9.4,18,584.217289
-8.65,18,584.281944
-9.7,18,584.339697
-8.45,18,584.387224
14.3,18,584.657345
-9.0,18,584.712143
-8.8,18,584.762706
-5.5,18,584.810527
14.25,18,584.867409
-8.0,18,584.923567
-6.5,18,584.976874
1.95,18,585.015292
-8.2,18,585.127799
1.85,18,585.265832
-7.45,18,585.341847
12.25,18,585.442828
-8.55,18,585.515764
-8.45,18,585.584738
-7.3,18,585.640712
-9.55,18,585.926236
-9.5,18,585.989416
-8.65,18,586.037909
-8.95,18,586.085535
12.7,18,586.149461
-7.35,18,586.192068
-8.55,18,586.261452
-8.95,18,586.309167
-7.85,18,586.362722
-9.05,18,586.410708
3.95,18,586.483584
-9.0,18,586.523785
-8.8,18,586.599084
-8.35,18,586.662543
-8.25,18,586.96979
-8.0,18,587.017677
-6.65,18,587.06674
-9.0,18,587.114798
-8.85,18,587.180773
-8.35,18,587.244172
13.45,18,587.302945
13.25,18,587.364294
-8.75,18,587.398459
-9.1,18,587.486181
-7.55,18,587.52791
-6.65,18,587.596741
1.9,18,587.640673
-8.95,18,587.722136
3.65,18,587.972777
-8.75,18,588.020093
-8.35,18,588.069159
2.7,18,588.133026
-8.3,18,588.17821
-8.55,18,588.225893
-7.35,18,588.290618
-9.1,18,588.354909
-8.6,18,588.405587
-9.15,18,588.494642
-6.7,18,588.531111
-6.9,18,588.600984
-8.55,18,588.63917
-7.6,18,588.722035
-8.15,18,588.990545
-8.85,18,589.055081
-8.9,18,589.086732
-8.85,18,589.150092
-8.85,18,589.198331
1.6,18,589.246241
-8.2,18,589.302051
16.15,18,589.333766
-8.25,18,589.420046
14.7,18,589.469902
-9.4,18,589.535475
12.0,18,589.599366
-9.05,18,589.664951
12.65,18,589.712755
-8.45,18,589.9825
-7.25,18,590.024292
-8.6,18,590.080669
-6.6,18,590.117258
-8.6,18,590.16504
-6.4,18,590.229819
-8.85,18,590.293274
14.25,18,590.353866
13.55,18,590.430806
-7.95,18,590.498579
-8.25,18,590.551996
-5.6,18,590.614012
-9.3,18,590.674992
1.65,18,590.73193
-7.35,18,590.791246
-8.1,18,591.038472
-9.25,18,591.086355
-7.6,18,591.151353
-9.35,18,591.218004
-9.45,18,591.274771
2.55,18,591.349934
-7.8,18,591.397619
-8.55,18,591.467187
-8.2,18,591.527117
12.7,18,591.594611
-8.3,18,591.642376
11.9,18,591.717415
-7.0,18,591.796957
-8.7,18,591.849725
-7.05,18,592.090631
12.35,18,592.153017
-8.0,18,592.197473
-7.45,18,592.262256
-9.25,18,592.297906
16.2,18,592.368328
-9.15,18,592.426912
-9.15,18,592.499207
1.9,18,592.562595
-8.2,18,592.610956
-8.05,18,592.701699
-7.0,18,592.757459
-7.85,18,592.817554
-6.25,18,592.881457
14.55,18,593.151392
-8.5,18,593.193729
13.7,18,593.241263
-8.85,18,593.281606
12.15,18,593.34463
-6.55,18,593.400305
-6.35,18,593.447915
-8.15,18,593.517642
-7.75,18,593.600382
-9.7,18,593.664057
-8.95,18,593.733552
-6.65,18,593.778122
-8.4,18,593.842848
-9.0,18,593.89064
1.9,18,594.132813
-9.25,18,594.192576
-9.3,18,594.229613
-7.8,18,594.291038
-8.1,18,594.332988
-9.0,18,594.400118
-6.35,18,594.441826
14.0,18,594.515309
-7.55,18,594.578818
-8.7,18,594.644228
11.75,18,594.707561
3.85,18,594.773417
13.1,18,594.842711
3.35,18,594.896107
-9.15,18,594.977326
2.55,18,595.20788
-7.0,18,595.257974
-8.2,18,595.40867
-8.65,18,595.510716
-7.3,18,595.577799
-9.3,18,595.617586
2.1,18,595.685037
-8.7,18,595.729622
-8.45,18,595.810174
-8.9,18,595.85784
11.75,18,595.919414
13.85,18,595.983285
15.65,18,596.044336
13.7,18,596.107388
-7.35,18,596.35552
12.85,18,596.402871
-7.75,18,596.454482
12.05,18,596.498414
2.25,18,596.565608
-8.25,18,596.605435
-7.8,18,596.668694
15.25,18,596.73293
-8.45,18,596.781158
11.9,18,596.846052
-7.55,18,596.920815
13.3,18,596.969189
17.1,18,597.044508
-7.8,18,597.092628
-8.8,18,597.312023
-7.65,18,597.377026
2.95,18,597.408688
-7.9,18,597.478657
-8.55,18,597.538278
-7.9,18,597.602177
13.15,18,597.648834
11.8,18,597.712904
13.85,18,597.776469
-8.75,18,597.825538
3.6,18,597.889024
-8.1,18,597.937392
13.3,18,597.984826
-9.0,18,598.049458
-8.85,18,598.302085
-8.25,18,598.369356
13.0,18,598.414266
-9.25,18,598.461794
-6.35,18,598.510076
-8.1,18,598.587481
12.9,18,598.62154
-7.4,18,598.685051
-8.35,18,598.744728
-8.35,18,598.812076
-9.3,18,598.872782
14.9,18,598.931097
12.45,18,598.978321
-8.85,18,599.042354
-7.3,18,599.28419
13.8,18,599.332037
-7.15,18,599.383557
-8.8,18,599.423457
-6.9,18,599.479712
-7.3,18,599.528119
-8.35,18,599.587574
-8.9,18,599.635545
-7.9,18,599.732922
13.0,18,599.801339
3.25,18,599.850274
-7.75,18,600.777008
-6.35,18,600.847721
-7.75,18,600.889179
-5.8,18,600.9693
-8.0,18,601.187037
2.45,18,601.222715
13.4,18,601.286184
-9.5,18,601.334677
-7.85,18,601.382069
-8.75,18,601.447251
14.55,18,601.51121
-8.25,18,601.577023
-8.7,18,601.640169
-7.45,18,601.687533
-7.35,18,601.719403
-8.25,18,601.799638
3.8,18,601.86287
-8.5,18,601.922729
-7.9,18,602.194328
-8.8,18,602.262024
5.5,18,602.301759
-9.1,18,602.361156
-8.65,18,602.408635
-8.35,18,602.473627
13.1,18,602.52091
11.85,18,602.597496
3.7,18,602.660871
-8.95,18,602.704272
14.0,18,602.752274
-8.8,18,602.829386
-9.1,18,602.877684
1.75,18,602.939366
-8.8,18,603.192421
-8.6,18,603.224121
15.0,18,603.288279
-9.0,18,603.338743
-8.7,18,603.387373
14.85,18,603.432688
-9.25,18,603.488772
-8.3,18,603.540628
12.5,18,603.61586
-6.55,18,603.663684
-7.95,18,603.728575
-5.8,18,603.776733
1.8,18,603.851979
12.45,18,603.907444
11.95,18,604.198896
-8.95,18,604.231361
-7.5,18,604.29838
-9.4,18,604.34841
-8.35,18,604.403193
13.05,18,604.467031
1.75,18,604.524644
14.9,18,604.564453
-7.9,18,604.623361
-9.1,18,604.671531
-9.0,18,604.726136
2.55,18,604.78364
-6.45,18,604.840111
-8.85,18,604.889478
-8.45,18,604.937144
11.6,18,605.391172
14.9,18,605.438922
-8.65,18,605.481923
-9.0,18,605.529727
-7.6,18,605.586648
-7.3,18,605.626727
-7.8,18,605.682629
-7.65,18,605.718524
12.0,18,605.782069
12.45,18,605.841094
-8.85,18,605.895813
1.25,18,605.937454
2.95,18,605.984824
2.15,18,606.035594
-7.2,18,606.301919
14.4,18,606.360991
12.8,18,606.38951
-9.5,18,606.43731
14.25,18,606.499108
-8.8,18,606.545777
-8.55,18,606.607058
-6.9,18,606.639953
-9.25,18,606.70328
2.5,18,606.747745
-8.5,18,606.81266
-8.55,18,606.860406
-7.95,18,606.924525
-8.8,18,606.956161
13.55,18,607.205612
-8.55,18,607.261865
14.8,18,607.301599
-7.7,18,607.356064
-8.45,18,607.402236
13.7,18,607.459632
-7.5,18,607.513464
-8.9,18,607.55722
13.75,18,607.617229
-5.4,18,607.654258
-8.45,18,607.712421
13.95,18,607.763835
-6.25,18,607.819165
14.5,18,607.859239
2.75,18,608.095454
-8.0,18,608.151989
-8.3,18,608.192197
-8.25,18,608.240266
14.05,18,608.290201
-7.25,18,608.337849
3.05,18,608.397056
-7.75,18,608.444734
12.75,18,608.50126
-8.0,18,608.557239
-7.85,18,608.621125
-5.9,18,608.652753
-9.05,18,608.713847
-8.5,18,608.780542
-8.4,18,609.085668
-8.65,18,609.133131
-8.95,18,609.186641
-6.25,18,609.221825
-9.1,18,609.279377
-8.2,18,609.317935
-8.75,18,609.381727
-9.5,18,609.414164
14.4,18,609.461665
-8.75,18,609.528104
-9.0,18,609.567927
-8.25,18,609.628666
13.85,18,609.664824
-7.7,18,609.712389
-8.45,18,609.776579
-7.65,18,610.0346
-9.2,18,610.093648
-5.9,18,610.140787
-7.75,18,610.211211
-7.9,18,610.259007
-7.95,18,610.318075
-7.5,18,610.366119
13.2,18,610.429935
15.25,18,610.477629
1.4,18,610.542943
-8.7,18,610.615812
11.5,18,610.671556
-9.45,18,610.718818
-8.55,18,610.790956
2.9,18,611.040943
-8.7,18,611.088456
-6.35,18,611.153685
-8.9,18,611.22537
-8.95,18,611.25858
-8.5,18,611.306189
-8.35,18,611.355856
-9.0,18,611.403642
-7.5,18,611.462687
-8.65,18,611.510477
-8.95,18,611.574701
-8.45,18,611.622366
-8.2,18,611.681694
-8.15,18,611.729314
-8.2,18,612.018663
-8.75,18,612.062739
11.95,18,612.11763
-8.8,18,612.165405
-7.25,18,612.217032
-8.6,18,612.268606
-9.0,18,612.319265
1.85,18,612.374628
-7.1,18,612.434666
13.1,18,612.469184
-9.2,18,612.539245
-5.65,18,612.589527
-8.1,18,612.677401
-9.0,18,612.721221
-7.7,18,613.050761
-7.75,18,613.098433
-8.65,18,613.154283
-7.55,18,613.194156
12.95,18,613.261073
-8.75,18,613.31708
-7.5,18,613.373158
-8.3,18,613.424602
-7.9,18,613.482635
-7.4,18,613.532444
-8.35,18,613.5685
-7.5,18,613.624655
-7.75,18,613.664874
-7.95,18,613.729335
-7.6,18,613.76123
-8.1,18,614.029221
-7.1,18,614.083281
12.25,18,614.127603
-5.45,18,614.175601
13.95,18,614.218489
-8.15,18,614.265886
-9.25,18,614.314903
-7.7,18,614.362877
13.65,18,614.420822
-8.5,18,614.460653
-9.25,18,614.519746
-9.1,18,614.551689
12.95,18,614.599281
11.95,18,614.66409
-7.8,18,614.920168
-6.9,18,614.975954
1.6,18,615.015937
-7.75,18,615.076744
-8.85,18,615.124966
-9.15,18,615.173052
14.1,18,615.22162
12.85,18,615.253312
-6.9,18,615.413041
-8.3,18,615.486592
-9.2,18,615.555606
-8.35,18,615.5946
-7.35,18,615.666605
2.9,18,615.718593
-8.5,18,615.9808
-6.3,18,616.03455
15.4,18,616.077512
-8.75,18,616.133395
-8.85,18,616.173309
13.55,18,616.24015
-8.75,18,616.270215
1.6,18,616.339503
13.0,18,616.383995
2.7,18,616.431628
-8.2,18,616.496209
-8.0,18,616.560523
-8.9,18,616.631412
-7.85,18,616.699487
-8.2,18,616.977153
-5.95,18,617.034013
-7.75,18,617.074092
-9.25,18,617.139465
13.1,18,617.18451
2.9,18,617.235754
-7.4,18,617.278756
5.0,18,617.329645
12.5,18,617.375678
1.7,18,617.423353
-8.3,18,617.481342
-6.25,18,617.523325
-8.4,18,617.616719
-6.45,18,617.664426
-7.95,18,617.976179
-8.6,18,618.014301
11.85,18,618.069514
-8.35,18,618.109321
-9.0,18,618.179846
-8.8,18,618.221483
-8.9,18,618.285864
-7.8,18,618.318341
5.6,18,618.381864
13.55,18,618.423985
-7.8,18,618.471445
13.1,18,618.520827
-8.85,18,618.584597
-8.35,18,618.644431
-8.7,18,618.692213
2.0,18,618.967879
-7.0,18,619.009405
-8.95,18,619.072575
-7.8,18,619.112357
-8.75,18,619.175694
-8.25,18,619.21534
-7.7,18,619.262864
-7.85,18,619.313481
-8.1,18,619.364059
-8.6,18,619.424826
-9.2,18,619.472783
12.75,18,619.537535
-8.25,18,619.579321
-9.1,18,619.654557
2.75,18,619.973735
-7.9,18,620.005619
1.5,18,620.072687
1.95,18,620.11255
-8.2,18,620.977406
14.15,18,621.024865
-8.7,18,621.090009
-7.3,18,621.15388
-7.75,18,621.217888
12.35,18,621.265585
14.65,18,621.323033
-8.05,18,621.354672
-8.5,18,621.421936
15.05,18,621.476436
-7.75,18,621.705326
12.6,18,621.767616
-8.05,18,621.799364
13.3,18,621.870523
12.15,18,621.933014
-8.15,18,621.998079
-8.2,18,622.061958
-8.15,18,622.133018
12.45,18,622.203576
2.65,18,622.254847
-8.65,18,622.326965
-9.0,18,622.38332
-8.5,18,622.444089
-8.0,18,622.503335
-9.15,18,622.736653
-8.45,18,622.795341
-9.15,18,622.843185
13.35,18,622.908271
14.05,18,622.955809
-8.65,18,623.020094
-8.55,18,623.068247
-7.95,18,623.12931
-6.4,18,623.17733
-9.15,18,623.245416
-8.95,18,623.30325
-9.05,18,623.365753
14.15,18,623.441849
13.95,18,623.494028
-8.65,18,623.57788
-7.75,18,623.804749
15.05,18,623.85248
-8.55,18,623.919154
-8.9,18,623.967019
-7.3,18,624.032236
-8.45,18,624.096647
-7.5,18,624.157023
-7.45,18,624.24212
-9.2,18,624.298992
14.5,18,624.359452
-7.3,18,624.423028
11.8,18,624.486915
12.25,18,624.531808
3.15,18,624.597885
12.2,18,624.861218
-9.15,18,624.930711
-9.15,18,624.978425
14.05,18,625.038226
-8.95,18,625.085907
14.25,18,625.261891
15.5,18,625.336326
14.45,18,625.409443
14.75,18,625.465456
-8.3,18,625.531055
2.0,18,625.610628
-7.6,18,625.677731
-8.95,18,625.741886
12.4,18,625.793246
-8.65,18,626.120942
1.8,18,626.168686
-7.3,18,626.231009
1.55,18,626.278676
-8.1,18,626.338606
-8.8,18,626.386115
14.1,18,626.432146
-8.9,18,626.480038
-8.85,18,626.537053
-8.25,18,626.584685
-7.6,18,626.642946
-8.15,18,626.696751
-8.9,18,626.754534
-7.85,18,626.787106
11.75,18,627.124109
-5.55,18,627.164731
14.25,18,627.217446
-8.6,18,627.257319
-9.7,18,627.318265
-9.1,18,627.369251
13.9,18,627.441037
13.6,18,627.500497
-9.2,18,627.569015
-7.9,18,627.667962
-8.45,18,627.719861
11.5,18,627.785406
-7.55,18,627.838808
-8.6,18,627.918675
-8.05,18,628.19023
-7.4,18,628.257836
-8.75,18,628.291046
15.15,18,628.335121
-8.5,18,628.38708
12.6,18,628.442587
-8.85,18,628.485983
-7.35,18,628.533767
14.65,18,628.598367
14.1,18,628.645806
-7.55,18,628.710057
12.45,18,628.757734
12.15,18,628.814628
-8.65,18,628.885916
-8.4,18,628.957356
-6.7,18,629.190347
13.9,18,629.262809
-6.85,18,629.30724
13.05,18,629.360235
-8.8,18,629.408899
-9.35,18,629.456823
-8.55,18,629.50564
-7.35,18,629.553189
2.85,18,629.613572
-8.35,18,629.64526
-7.15,18,629.704056
15.25,18,629.751779
-7.9,18,629.817522
-8.45,18,629.850168
-9.0,18,630.109173
-8.4,18,630.173029
-7.05,18,630.204622
-8.5,18,630.263282
-7.6,18,630.310037
-9.3,18,630.392314
2.8,18,630.424043
-8.3,18,630.49612
-8.75,18,630.535996
11.85,18,630.602828
-7.7,18,630.648433
-9.4,18,630.679998
-8.7,18,630.728263
13.25,18,630.791961
-8.8,18,631.061351
-8.35,18,631.109088
2.05,18,631.165375
-6.55,18,631.205081
2.7,18,631.257071
-9.1,18,631.297833
-9.1,18,631.345402
-7.4,18,631.389066
13.45,18,631.436983
-7.25,18,631.498265
-8.0,18,631.547385
-7.5,18,631.596859
-8.45,18,631.642162
-8.65,18,631.689785
-9.1,18,631.971722
2.9,18,632.01816
12.85,18,632.075717
-8.7,18,632.117621
12.1,18,632.168633
-9.05,18,632.224516
-5.8,18,632.28962
13.65,18,632.32174
12.9,18,632.377681
-8.1,18,632.429161
-6.7,18,632.487437
-8.65,18,632.525625
2.25,18,632.566818
11.95,18,632.631241
-9.1,18,632.67901
-8.35,18,632.896943
-7.1,18,632.961761
12.5,18,633.009405
14.6,18,633.057374
-7.7,18,633.11089
-8.65,18,633.161689
-9.55,18,633.201817
12.1,18,633.250226
-7.85,18,633.306835
-8.3,18,633.370399
-8.45,18,633.419084
-9.45,18,633.466827
-7.45,18,633.528014
-9.6,18,633.575788
2.9,18,633.85714
-7.0,18,633.899274
-8.2,18,633.966475
-7.9,18,634.01062
-6.85,18,634.085599
-7.15,18,634.133623
-9.2,18,634.186451
13.55,18,634.226682
-7.55,18,634.287248
-7.6,18,634.320113
13.6,18,634.391804
-7.85,18,634.428882
-5.25,18,634.476258
-8.05,18,634.524947
-8.65,18,634.765076
12.5,18,634.796669
14.25,18,634.855318
-9.45,18,634.90284
-8.05,18,634.976065
-8.9,18,635.007933
-8.85,18,635.075552
13.35,18,635.104788
13.05,18,635.152774
-7.2,18,635.204701
14.1,18,635.244762
-9.45,18,635.303445
-6.65,18,635.343743
2.6,18,635.408635
-7.35,18,635.655311
-8.75,18,635.702538
-5.85,18,635.75875
12.95,18,635.831362
-8.6,18,635.898991
13.75,18,635.944352
-6.8,18,636.004026
14.25,18,636.067466
12.15,18,636.151653
-8.65,18,636.232017
-6.75,18,636.28721
1.9,18,636.343818
-7.35,18,636.401944
-7.6,18,636.572737
-8.3,18,636.831843
3.2,18,636.879361
14.25,18,636.948052
-8.75,18,636.994241
-9.0,18,637.052597
-7.5,18,637.104854
12.35,18,637.189978
13.0,18,637.254572
-7.55,18,637.294966
3.2,18,637.362061
12.25,18,637.417871
-8.2,18,637.469347
-8.75,18,637.514445
-9.5,18,637.570546
-8.85,18,637.62516
-6.85,18,637.844028
1.7,18,637.924188
-7.9,18,637.971747
-8.75,18,638.030761
-8.85,18,638.078948
-6.25,18,638.14357
-6.45,18,638.19104
12.3,18,638.248738
14.15,18,638.288597
13.0,18,638.364117
11.55,18,638.409407
14.3,18,638.462505
-8.95,18,638.501004
-8.25,18,638.56431
1.45,18,638.801903
-8.0,18,638.834413
-8.3,18,638.898018
-8.2,18,638.947088
2.9,18,639.010085
-7.9,18,639.061021
13.95,18,639.09269
-9.1,18,639.151897
-7.7,18,639.199855
13.1,18,639.256762
-8.7,18,639.297019
-7.8,18,639.354133
12.4,18,639.394506
2.8,18,639.426131
-9.15,18,639.657344
-7.9,18,639.706644
-8.4,18,639.754621
13.15,18,639.808666
12.45,18,639.852421
-6.3,18,639.935712
11.95,18,639.983488
-7.75,18,640.042876
-8.75,18,640.106452
2.05,18,640.168077
-8.3,18,640.214353
13.15,18,640.274641
-9.25,18,641.171392
-7.95,18,641.211877
-8.1,18,641.459328
-9.4,18,641.510967
-7.5,18,641.542223
-8.55,18,641.605976
13.0,18,641.651788
-6.75,18,641.685621
13.6,18,641.745553
-7.65,18,641.797083
-8.95,18,641.850831
2.6,18,641.903321
-8.95,18,641.970074
2.75,18,642.035106
-7.95,18,642.105173
-6.7,18,642.149202
-8.35,18,642.2161
-6.2,18,642.442476
-8.0,18,642.474211
-7.1,18,642.538673
-8.95,18,642.579829
-8.2,18,642.642936
5.1,18,642.694815
-9.0,18,642.761568
-6.35,18,642.817222
-7.9,18,642.880614
13.95,18,642.92905
-8.65,18,643.005966
-9.2,18,643.054169
-7.85,18,643.106931
-8.65,18,643.146777
-8.65,18,643.377181
13.7,18,643.431888
-8.8,18,643.464367
-8.45,18,643.527647
13.8,18,643.560735
-7.6,18,643.608487
14.0,18,643.672124
-8.65,18,643.703999
-7.8,18,643.776969
-9.2,18,643.832847
-7.35,18,643.888582
-8.2,18,643.938274
2.95,18,644.024642
-9.0,18,644.097353
12.0,18,644.338089
1.35,18,644.370512
12.3,18,644.417998
-8.55,18,644.460304
-9.45,18,644.50791
-7.95,18,644.564618
-7.6,18,644.604681
-7.65,18,644.674104
13.85,18,644.71042
-9.2,18,644.771163
-8.65,18,644.819311
2.0,18,644.880299
2.8,18,644.915846
-8.1,18,644.964087
-9.15,18,645.233948
2.8,18,645.274735
-9.25,18,645.324931
-7.1,18,645.364596
13.25,18,645.429468
-7.95,18,645.4776
-8.4,18,645.525145
-7.8,18,645.575413
-8.7,18,645.607548
-7.1,18,645.672
-8.75,18,645.703888
-8.65,18,645.776298
12.1,18,645.816099
-8.55,18,645.88658
13.1,18,646.136729
-8.1,18,646.184325
-8.65,18,646.233626
-8.3,18,646.281558
-8.3,18,646.339077
-9.4,18,646.378942
12.8,18,646.437695
11.9,18,646.477205
-8.65,18,646.546751
-7.6,18,646.596476
-8.2,18,646.647664
12.7,18,646.736867
-8.2,18,646.781879
-8.45,18,646.844917
-9.3,18,647.046096
-8.6,18,647.312682
-9.0,18,647.376483
-7.35,18,647.421868
-9.3,18,647.462797
-5.9,18,647.520562
-7.95,18,647.57499
-8.7,18,647.631503
12.75,18,647.679304
14.65,18,647.727074
-6.55,18,647.775209
-9.25,18,647.823195
13.9,18,647.866267
-7.25,18,647.954684
14.2,18,647.995902
-9.1,18,648.265603
-8.45,18,648.327004
2.9,18,648.35889
15.35,18,648.419413
-8.4,18,648.467894
2.95,18,648.528703
-8.45,18,648.561521
13.95,18,648.609999
3.8,18,648.670009
-8.3,18,648.701983
-7.35,18,648.758457
-8.8,18,648.79873
-7.65,18,648.864639
14.95,18,648.91319
-7.05,18,649.178712
11.6,18,649.239665
-6.75,18,649.271094
2.7,18,649.336638
-8.45,18,649.38886
-9.4,18,649.482773
-9.0,18,649.548908
-7.6,18,649.589054
2.6,18,649.661179
-6.55,18,649.699419
2.75,18,649.775184
1.85,18,649.829174
-8.7,18,649.884625
-9.35,18,649.948384
13.0,18,650.217695
14.6,18,650.258346
-9.4,18,650.306574
15.05,18,650.354465
-7.95,18,650.402208
-8.75,18,650.46776
12.4,18,650.548064
-8.05,18,650.591297
-8.25,18,650.671355
-7.85,18,650.718937
2.0,18,650.776921
12.2,18,650.832567
-9.0,18,650.898473
-7.3,18,650.946069
12.95,18,651.005745
12.75,18,651.25955
-8.55,18,651.318092
-8.15,18,651.357916
-7.55,18,651.414671
1.9,18,651.470863
-9.15,18,651.540616
15.9,18,651.599149
-5.85,18,651.660462
-8.55,18,651.727167
-9.4,18,651.789055
-8.5,18,651.831308
2.25,18,651.902094
-7.2,18,651.944721
-9.35,18,652.005644
2.75,18,652.242881
-8.85,18,652.298586
13.25,18,652.340095
3.75,18,652.387892
-8.85,18,652.439384
-7.55,18,652.479718
-9.0,18,652.540118
-8.85,18,652.584765
-7.75,18,652.627792
2.0,18,652.690058
12.55,18,652.747092
-7.55,18,652.809639
-7.85,18,652.857611
-4.7,18,652.922633
-7.0,18,653.173928
-6.65,18,653.221743
-7.8,18,653.272199
-6.8,18,653.304493
-7.95,18,653.370677
-7.7,18,653.418139
-8.55,18,653.477947
-8.3,18,653.545147
-6.85,18,653.586899
-8.45,18,653.634634
13.95,18,653.6998
-8.25,18,653.747547
-8.65,18,653.823683
-8.75,18,653.872068
-8.35,18,654.200538
15.5,18,654.255928
13.35,18,654.287576
-9.2,18,654.354404
13.95,18,654.394647
-6.95,18,654.459207
-8.25,18,654.499823
1.8,18,654.582778
13.35,18,654.62847
-8.65,18,654.702105
-9.15,18,654.757932
2.85,18,654.839207
-5.55,18,654.945375
-7.6,18,655.008878
-7.5,18,655.278316
-8.35,18,655.325719
-8.1,18,655.368505
12.8,18,655.431253
-8.7,18,655.473656
-9.2,18,655.537697
-7.0,18,655.612569
1.4,18,655.65004
-7.5,18,655.732209
-6.6,18,655.80256
-8.4,18,655.855207
4.1,18,655.927181
14.15,18,655.978576
-7.15,18,656.053288
-7.1,18,656.117005
-8.8,18,656.39047
-8.9,18,656.438969
-7.0,18,656.48484
-8.65,18,656.536103
-7.55,18,656.600853
-8.4,18,656.6425
-7.3,18,656.698979
13.8,18,656.736062
-8.05,18,656.783751
-8.35,18,656.832486
-8.8,18,656.87999
12.8,18,656.938298
-8.35,18,656.997853
-8.5,18,657.053407
-8.15,18,657.289637
11.3,18,657.348089
-9.15,18,657.396903
-8.2,18,657.428877
-8.7,18,657.493687
-8.9,18,657.544787
1.95,18,657.594475
12.55,18,657.643986
-8.05,18,657.713667
-8.0,18,657.742351
-9.3,18,657.803997
-7.15,18,657.850978
-8.05,18,657.885175
3.3,18,657.947414
12.9,18,658.465994
-5.55,18,658.505875
-9.35,18,658.572168
-7.9,18,658.605063
3.0,18,658.670577
2.55,18,658.716643
-8.9,18,658.763377
-7.8,18,658.814194
-7.7,18,658.845368
-9.05,18,658.909454
-8.85,18,658.956485
15.2,18,659.026685
-7.5,18,659.067291
-7.35,18,659.137898
12.65,18,659.371108
-9.3,18,659.402907
1.45,18,659.47449
-9.4,18,659.514898
11.7,18,659.579907
-8.1,18,659.624239
14.2,18,659.688092
-8.15,18,659.732369
-9.2,18,659.806576
-7.05,18,659.857508
-7.2,18,659.910839
-5.7,18,659.95725
-8.1,18,660.006079
-9.3,18,660.067693
12.6,18,660.114766
-7.8,18,660.349172
-8.45,18,660.404467
13.65,18,660.439996
13.45,18,660.504405
12.15,18,661.511602
12.25,18,661.544709
-6.85,18,661.617529
-9.3,18,661.669886
-9.0,18,661.765936
14.85,18,661.813836
-7.75,18,661.859231
13.25,18,661.91076
1.6,18,661.968186
-8.85,18,662.067075
12.85,18,662.321382
11.4,18,662.358295
-9.15,18,662.423124
-7.4,18,662.471103
3.1,18,662.523386
13.1,18,662.563801
12.0,18,662.622934
-7.95,18,662.687186
-7.7,18,662.745589
-7.25,18,662.794492
-7.75,18,662.852686
-7.5,18,662.901087
-8.1,18,662.961972
-9.6,18,663.025451
-8.95,18,663.393772
-7.2,18,663.426613
-8.05,18,663.500636
-7.8,18,663.535962
-8.2,18,663.583558
2.8,18,663.647853
-7.85,18,663.711447
-9.15,18,663.75615
-6.8,18,663.820023
-6.35,18,663.86839
-7.55,18,663.938157
-5.55,18,663.980776
-9.3,18,664.072541
14.9,18,664.121182
2.85,18,664.405794
3.0,18,664.440919
13.4,18,664.495481
12.95,18,664.537397
-7.55,18,664.585593
13.0,18,664.650716
12.2,18,664.698118
13.25,18,664.75616
-8.85,18,664.796637
12.95,18,664.866822
-8.8,18,664.910573
-8.2,18,664.986116
3.7,18,665.050014
-7.15,18,665.106956
13.95,18,665.379243
-9.2,18,665.443656
-7.55,18,665.505509
-7.4,18,665.564084
-6.75,18,665.60273
-9.2,18,665.670961
-6.65,18,665.711365
-8.85,18,665.78612
-6.4,18,665.82668
-8.85,18,665.88371
-7.8,18,665.935185
-6.9,18,666.010489
-7.8,18,666.058643
-9.2,18,666.141358
-8.95,18,666.182163
2.9,18,666.459659
13.65,18,666.510956
12.0,18,666.559433
-7.95,18,666.5941
-9.3,18,666.658321
-8.95,18,666.725589
-8.75,18,666.786632
13.1,18,666.836135
-6.8,18,666.899418
-9.15,18,666.949747
14.05,18,666.997793
-9.3,18,667.07462
14.75,18,667.13831
-6.5,18,667.188133
-6.4,18,667.476911
-7.25,18,667.525007
-8.75,18,667.556891
-8.1,18,667.625771
-6.7,18,667.665994
-8.5,18,667.738447
-9.25,18,667.803879
-8.7,18,667.852756
-7.95,18,667.900913
-8.5,18,667.961653
-9.2,18,668.009035
13.4,18,668.100772
-9.45,18,668.327564
-8.45,18,668.423856
12.1,18,668.735179
13.0,18,668.783054
12.5,18,668.839925
-9.15,18,668.887511
3.65,18,668.952513
11.75,18,669.015847
13.95,18,669.064259
-7.55,18,669.111959
12.0,18,669.168692
-8.55,18,669.208855
-8.6,18,669.283274
2.0,18,669.323634
12.85,18,669.389565
-6.35,18,669.438138
-9.35,18,669.669763
-6.7,18,669.75024
-8.75,18,669.798215
-7.8,18,669.857729
-9.0,18,669.922048
-6.3,18,669.971257
-8.75,18,670.049325
-9.05,18,670.112611
-7.3,18,670.16456
-7.35,18,670.228764
-7.95,18,670.272196
-8.3,18,670.336608
-7.75,18,670.384171
-8.6,18,670.443508
12.75,18,670.491786
-7.5,18,670.777344
12.85,18,670.818225
-8.7,18,670.882287
-8.9,18,670.930162
12.65,18,670.987226
-8.75,18,671.027725
2.2,18,671.100654
-8.75,18,671.157309
-8.8,18,671.2159
2.0,18,671.277892
-8.4,18,671.343224
12.7,18,671.375217
12.1,18,671.43991
11.7,18,671.487715
-8.3,18,671.709391
-8.7,18,671.758967
-7.6,18,671.799837
-9.25,18,671.859643
-7.2,18,671.892205
-7.9,18,671.96439
13.85,18,672.001814
-6.9,18,672.065585
-6.15,18,672.121541
-8.35,18,672.153552
-6.5,18,672.218133
13.0,18,672.269173
-8.4,18,672.326831
-8.05,18,672.388176
-6.85,18,672.621543
-9.15,18,672.682616
-6.9,18,672.714711
-8.1,18,672.774652
-8.1,18,672.823991
14.4,18,672.879314
-9.4,18,672.916959
13.2,18,672.988532
-6.5,18,673.025542
-8.0,18,673.088893
-8.3,18,673.139133
-7.5,18,673.187614
-8.35,18,673.236235
-8.95,18,673.294873
-7.6,18,673.514131
2.95,18,673.573454
13.85,18,673.622003
-9.5,18,673.673986
14.65,18,673.714327
-8.95,18,673.774944
-8.55,18,673.823416
-7.55,18,673.884017
-9.05,18,673.929531
-7.2,18,674.013306
-7.8,18,674.061216
-7.65,18,674.128514
12.35,18,674.169229
-8.0,18,674.22556
-7.95,18,674.451674
-7.85,18,674.499787
-9.15,18,674.562361
-7.15,18,674.602048
-8.3,18,674.650376
13.0,18,674.683889
-5.45,18,674.73213
-8.1,18,674.797233
13.7,18,674.829247
-6.3,18,674.896315
14.1,18,674.934414
-8.6,18,674.982121
-7.95,18,675.031334
12.35,18,675.09506
-8.2,18,675.150131
1.65,18,675.367236
13.3,18,675.415704
-8.85,18,675.475732
-8.1,18,675.507611
-9.05,18,675.568783
-7.8,18,675.617226
-7.0,18,675.66512
2.5,18,675.71005
-9.0,18,675.757621
-8.5,18,675.803397
14.1,18,675.851056
13.85,18,675.904027
-7.5,18,675.960229
-9.25,18,676.017246
-7.3,18,676.290362
-7.8,18,676.350117
-8.05,18,676.383315
-8.95,18,676.430741
-8.95,18,676.492237
-7.4,18,676.524107
2.6,18,676.585315
-8.9,18,676.634904
-9.35,18,676.713835
-6.25,18,676.78692
-7.6,18,676.82473
12.15,18,676.888306
13.35,18,676.937362
-8.75,18,677.001827
-8.35,18,677.269611
14.45,18,677.317744
14.9,18,677.374211
-9.05,18,677.414016
-7.65,18,677.461493
14.55,18,677.51308
-9.1,18,677.561251
12.45,18,677.613099
-9.4,18,677.669726
-7.8,18,677.718194
-6.6,18,677.765825
-7.15,18,677.830039
-8.3,18,677.878146
-7.25,18,677.944783
-7.95,18,678.220718
1.75,18,678.277742
-9.0,18,678.317984
-9.0,18,678.383271
-8.5,18,678.415938
-9.4,18,678.464424
-7.2,18,678.51489
-6.65,18,678.563385
-8.15,18,678.62122
-8.8,18,678.708745
-7.35,18,678.849284
-9.25,18,678.894194
-8.15,18,678.942183
12.9,18,679.005856
-9.05,18,679.061477
-7.2,18,679.340131
-8.6,18,679.387532
12.35,18,679.457735
-7.5,18,679.489143
-6.65,18,679.55341
-8.9,18,679.585935
3.05,18,679.63401
-7.9,18,679.690374
-8.55,18,679.738536
2.2,18,679.788229
14.05,18,679.83633
-8.0,18,679.893857
-9.35,18,679.949629
13.8,18,680.009161
-8.5,18,680.267323
-7.7,18,680.299134
-8.7,18,680.356141
-8.8,18,680.396124
11.8,18,680.453643
-8.35,18,680.510757
-9.1,18,680.558607
-9.35,18,680.608652
12.45,18,680.655946
14.35,18,680.728771
-8.2,18,680.763318
-8.9,18,680.845789
15.2,18,681.738288
-9.3,18,681.78634
11.9,18,682.007604
2.1,18,682.061056
14.0,18,682.101823
15.9,18,682.170275
-8.8,18,682.210719
-9.3,18,682.271133
12.0,18,682.303008
13.7,18,682.350812
-8.75,18,682.416137
14.15,18,682.448056
1.7,18,682.514062
12.15,18,682.546407
-8.45,18,682.61072
15.1,18,682.652623
-7.45,18,682.889788
-7.8,18,682.944074
-6.75,18,682.986193
-9.35,18,683.034117
12.65,18,683.079655
13.85,18,683.143405
-8.15,18,683.214519
14.55,18,683.271109
-8.85,18,683.32213
-8.6,18,683.388191
-7.4,18,683.421071
-7.6,18,683.488862
-6.05,18,683.556383
-8.25,18,683.616422
-7.8,18,683.829717
-5.45,18,683.878245
13.05,18,683.925727
3.0,18,683.976045
-8.5,18,684.016149
-8.0,18,684.075578
13.9,18,684.13924
-6.5,18,684.204642
12.8,18,684.252827
-8.6,18,684.308132
-8.15,18,684.356323
4.3,18,684.422899
-7.5,18,684.470952
-8.6,18,684.527603
-7.6,18,684.568418
12.15,18,684.827907
-7.25,18,684.895158
-6.2,18,684.949381
14.5,18,684.98863
-8.9,18,685.020927
-8.3,18,685.081549
-7.8,18,685.129893
-7.5,18,685.190706
-9.3,18,685.238972
1.45,18,685.294868
-8.8,18,685.336048
-7.65,18,685.409657
-4.75,18,685.449695
-7.8,18,685.50816
-6.9,18,685.742225
-8.3,18,685.783999
-8.0,18,685.831097
17.0,18,685.882301
12.75,18,685.919268
12.3,18,685.978265
11.9,18,686.026397
-8.1,18,686.087504
-8.6,18,686.135942
12.7,18,686.202286
-8.7,18,686.288739
-7.05,18,686.337956
1.85,18,686.40439
12.2,18,686.46322
-8.95,18,686.718876
-9.2,18,686.760184
-8.6,18,686.80865
-7.8,18,686.857131
-8.85,18,686.905613
11.85,18,686.968404
13.85,18,687.030438
-8.55,18,687.075377
-8.5,18,687.123275
11.9,18,687.18438
11.8,18,687.232857
-6.25,18,687.298356
13.15,18,687.340432
-8.3,18,687.39782
-8.15,18,687.620713
-7.5,18,687.66918
-8.7,18,687.721303
12.25,18,687.761743
-7.0,18,687.817487
-8.15,18,687.855039
-8.2,18,687.903014
-8.1,18,687.962586
-9.0,18,688.005138
-7.7,18,688.058195
-8.45,18,688.106221
-8.6,18,688.166122
-7.65,18,688.229656
-8.95,18,688.278841
12.0,18,688.326742
-9.0,18,688.599176
12.35,18,688.636288
-8.4,18,688.684766
-8.2,18,688.729702
-7.45,18,688.777343
-7.3,18,688.842334
14.3,18,688.874641
-7.7,18,688.943629
-8.25,18,688.988777
-7.75,18,689.045493
-8.75,18,689.097352
-7.05,18,689.169483
-7.3,18,689.218535
-9.2,18,689.277078
-8.5,18,689.656749
-8.0,18,689.704743
-8.6,18,689.765708
4.5,18,689.813716
-9.15,18,689.866623
-7.95,18,689.90704
-8.55,18,689.9738
-7.15,18,690.003806
2.65,18,690.076058
3.15,18,690.111403
-9.15,18,690.203725
12.15,18,690.261807
-9.05,18,690.324672
-8.3,18,690.373926
12.95,18,690.595116
-8.95,18,690.651749
-8.5,18,690.70278
-6.65,18,690.734967
13.15,18,690.799336
12.95,18,690.863194
12.5,18,690.912377
-9.35,18,690.968559
11.9,18,691.007977
-9.25,18,691.056244
13.2,18,691.10896
11.85,18,691.149469
3.45,18,691.218113
-9.15,18,691.258182
-7.0,18,691.484784
12.2,18,691.543065
-8.8,18,691.575531
-7.5,18,691.623001
-9.05,18,691.668359
12.9,18,691.744304
-9.0,18,691.79707
13.15,18,691.870049
-8.6,18,691.918344
12.75,18,691.985606
-6.75,18,692.015112
12.95,18,692.078709
13.75,18,692.128937
-7.6,18,692.176487
3.85,18,692.432014
-8.2,18,692.479424
-8.75,18,692.531854
-8.5,18,692.568733
-8.25,18,692.627472
-8.7,18,692.675721
-8.55,18,692.723465
-8.4,18,692.772505
14.05,18,692.804152
12.85,18,692.868321
16.75,18,692.916237
-7.85,18,692.972893
1.7,18,693.018922
-7.7,18,693.096539
-6.8,18,693.13689
-8.8,18,693.384943
-8.5,18,693.443991
13.5,18,693.475649
-8.15,18,693.536808
15.45,18,693.588522
14.85,18,693.646271
13.4,18,693.686497
12.8,18,693.734047
-7.5,18,693.793481
-8.4,18,693.84088
-8.2,18,693.890144
-7.5,18,693.937664
-8.4,18,694.005677
-8.3,18,694.045684
-9.9,18,694.314694
-7.8,18,694.347162
-5.35,18,694.394774
-8.8,18,694.453779
-9.1,18,694.488084
-8.9,18,694.550341
-8.45,18,694.582361
-6.3,18,694.645953
12.5,18,694.678069
3.85,18,694.747877
-9.0,18,694.787433
13.55,18,694.859275
3.55,18,694.900131
-9.4,18,694.947651
-8.45,18,695.20277
-8.45,18,695.242586
-9.2,18,695.290267
12.4,18,695.338599
-9.1,18,695.401924
12.0,18,695.45107
-9.0,18,695.483015
-8.6,18,695.541159
-8.05,18,695.596952
14.05,18,695.647865
-6.8,18,695.687704
-8.1,18,695.754912
-9.6,18,695.792713
11.85,18,695.840447
-9.25,18,696.089556
-5.95,18,696.126471
-7.9,18,696.173977
-9.55,18,696.238972
12.95,18,696.270937
-8.85,18,696.338679
3.55,18,696.37857
-9.15,18,696.43788
-8.3,18,696.485553
13.9,18,696.542374
-8.35,18,696.588149
-8.1,18,696.63309
3.15,18,696.674112
-7.25,18,696.748464
-7.15,18,696.781364
-9.35,18,697.055719
-9.0,18,697.111422
13.05,18,697.167621
-7.45,18,697.237574
-8.75,18,697.297842
-7.35,18,697.346186
14.35,18,697.394337
3.8,18,697.453543
1.3,18,697.499669
-8.25,18,697.560868
-9.3,18,697.596304
12.65,18,697.644063
-7.55,18,697.708156
-8.95,18,697.740273
-7.65,18,697.977331
12.3,18,698.043763
-8.85,18,698.091128
-7.85,18,698.134652
-7.8,18,698.19817
-7.75,18,698.246981
-6.7,18,698.295123
-7.3,18,698.36305
-9.05,18,698.403076
-6.65,18,698.471246
12.9,18,698.535401
11.95,18,698.586977
11.8,18,698.626797
-7.05,18,698.687894
-7.25,18,698.918056
-8.3,18,698.958228
-7.35,18,699.027525
-6.25,18,699.05577
13.5,18,699.119196
-7.35,18,699.178221
2.05,18,699.259634
12.15,18,699.320245
12.2,18,699.379508
1.75,18,699.535542
12.0,18,699.61466
-9.2,18,699.655749
13.9,18,699.719046
-9.05,18,699.762523
-8.95,18,700.030687
3.6,18,700.073833
-8.8,18,700.12203
-9.35,18,700.174609
14.85,18,700.23018
-8.85,18,700.281841
-8.35,18,701.122048
14.15,18,701.187266
-9.05,18,701.24716
-8.6,18,701.303732
-8.9,18,701.367281
13.35,18,701.416979
-7.0,18,701.465462
-8.55,18,701.53598
13.8,18,701.774353
14.6,18,701.822295
-8.6,18,701.867496
-8.6,18,701.915301
12.7,18,701.968484
-9.1,18,702.008245
-6.45,18,702.055786
14.65,18,702.089007
-8.55,18,702.137074
-8.3,18,702.203315
-8.7,18,702.266647
-7.45,18,702.331995
12.1,18,702.407903
-8.4,18,702.461901
2.0,18,702.493497
-7.2,18,702.760472
-8.6,18,702.806289
14.55,18,702.864039
-8.6,18,702.903863
-8.45,18,702.951421
3.65,18,703.007832
-6.75,18,703.056014
-7.75,18,703.131987
-8.9,18,703.180461
-7.4,18,703.25252
1.55,18,703.300951
1.6,18,703.362114
14.8,18,703.438757
16.0,18,703.49081
-8.35,18,703.746725
-8.15,18,703.80948
-8.9,18,703.843305
-7.95,18,703.90757
-8.1,18,703.955121
-8.5,18,704.010776
1.85,18,704.050695
11.95,18,704.117762
-8.5,18,704.163196
3.65,18,704.229009
12.85,18,704.277794
-7.9,18,704.334481
-8.75,18,704.370756
-7.45,18,704.419208
-7.3,18,704.664205
13.8,18,704.70771
14.05,18,704.739303
14.05,18,704.795995
-8.0,18,704.835893
-7.85,18,704.895322
-8.85,18,704.934756
13.2,18,704.982761
-7.75,18,705.035136
-7.45,18,705.075675
15.1,18,705.131904
-8.75,18,705.172668
-6.9,18,705.253695
-6.45,18,705.296978
-8.45,18,705.535439
-7.55,18,705.594471
-8.6,18,705.642219
14.05,18,705.695446
-7.6,18,705.735379
-7.8,18,705.782983
2.65,18,705.831937
-7.8,18,705.879704
-7.4,18,705.928203
-7.45,18,705.97666
-8.7,18,706.041874
14.6,18,706.076114
1.35,18,706.135711
-7.05,18,706.184209
-8.8,18,706.244549
-8.55,18,706.479284
-7.7,18,706.527091
-8.45,18,706.583854
-8.85,18,706.61566
-8.05,18,706.663083
-8.85,18,706.711943
-8.55,18,706.760409
13.15,18,706.818916
-8.95,18,706.858984
-7.15,18,706.906951
-8.75,18,706.971413
12.45,18,707.038855
-8.0,18,707.084652
14.25,18,707.142206
11.85,18,707.402575
11.8,18,707.444366
-8.0,18,707.495258
-7.8,18,707.535205
13.35,18,707.591505
-8.05,18,707.631957
-8.45,18,707.679552
-7.1,18,707.730539
12.75,18,707.779017
-8.5,18,707.827856
12.0,18,707.871471
-8.8,18,707.935522
-7.2,18,707.972331
-7.35,18,708.01712
-7.65,18,708.41232
11.6,18,708.460275
11.7,18,708.517642
1.95,18,708.549363
12.95,18,708.597094
-8.55,18,708.646158
-9.5,18,708.693783
-8.2,18,708.752059
-7.55,18,708.792151
11.45,18,708.85113
-7.9,18,708.891737
12.45,18,708.944605
-8.4,18,709.006372
-8.9,18,709.095168
13.8,18,709.551826
-6.85,18,709.599397
-6.4,18,709.658601
-8.45,18,709.69018
-8.6,18,709.75375
12.85,18,709.794726
-8.65,18,709.84674
12.0,18,709.886702
12.9,18,709.953767
-6.4,18,710.001438
11.6,18,710.050037
-7.05,18,710.091457
-8.3,18,710.169425
3.25,18,710.222103
-7.25,18,710.5746
-8.05,18,710.663124
11.95,18,710.785431
1.75,18,710.862247
2.0,18,710.927412
2.6,18,711.000235
-6.75,18,711.040133
-8.35,18,711.098676
13.1,18,711.131295
-7.8,18,711.203328
-8.4,18,711.240866
-4.45,18,711.304188
-9.5,18,711.349939
-9.1,18,711.414253
-6.55,18,711.459033
-8.35,18,711.679707
-7.1,18,711.727188
-8.75,18,711.769741
-7.5,18,711.81725
-8.25,18,711.87455
-8.75,18,711.930311
1.75,18,711.979106
-7.95,18,712.022624
-8.9,18,712.089514
-8.65,18,712.177016
12.4,18,712.242362
-8.0,18,712.299073
-6.45,18,712.347439
14.25,18,712.394943
-8.4,18,712.617783
-8.05,18,712.676534
-7.35,18,712.708177
13.1,18,712.764683
-7.2,18,712.804753
-8.6,18,712.868874
13.05,18,712.917178
-8.8,18,712.977327
12.65,18,713.02505
12.05,18,713.089196
-8.2,18,713.122085
12.1,18,713.185757
-8.45,18,713.218271
-9.2,18,713.266427
-8.7,18,713.528682
-8.3,18,713.577765
-6.6,18,713.609535
12.45,18,713.670214
-8.15,18,713.701998
-6.5,18,713.766917
12.0,18,713.798672
13.35,18,713.864451
13.65,18,713.912768
-7.8,18,713.961335
12.25,18,714.012173
14.6,18,714.044061
-8.5,18,714.108829
-8.5,18,714.156765
-8.55,18,714.41549
-9.15,18,714.455765
3.85,18,714.503295
15.45,18,714.551233
-9.05,18,714.582997
-7.6,18,714.647291
12.4,18,714.728299
-9.0,18,714.7779
-7.5,18,714.833014
-7.75,18,714.903172
14.0,18,714.934951
-8.4,18,714.994057
-8.45,18,715.048423
-8.65,18,715.102768
-8.1,18,715.134782
-7.35,18,715.425603
-8.0,18,715.458011
-9.15,18,715.505767
-5.95,18,715.563188
-8.6,18,715.610638
-8.65,18,715.654341
12.05,18,715.701849
-6.55,18,715.766671
-8.95,18,715.814667
4.55,18,715.871088
-8.85,18,715.91359
-6.7,18,715.970262
-9.65,18,716.022089
-7.55,18,716.065006
-8.9,18,716.290842
-8.15,18,716.363612
14.3,18,716.395374
-8.35,18,716.464045
-8.8,18,716.503915
-9.25,18,716.550892
-9.0,18,716.599821
13.35,18,716.657838
-8.9,18,716.714821
-8.8,18,716.755254
12.4,18,716.821836
-8.65,18,716.862568
-7.45,18,716.931037
-8.35,18,716.971415
-7.75,18,717.203086
11.8,18,717.27008
-9.5,18,717.326027
-7.8,18,717.382714
-7.6,18,717.448527
15.05,18,717.520926
-8.7,18,717.564751
-8.1,18,717.624096
-8.9,18,717.672352
12.75,18,717.732866
-6.55,18,717.782322
-8.4,18,717.836855
-7.5,18,717.89285
-8.8,18,717.947172
-7.9,18,718.193413
-7.3,18,718.240925
-9.35,18,718.284232
-7.75,18,718.347978
-8.7,18,718.393296
-8.8,18,718.456759
-6.6,18,718.506355
-8.05,18,718.538335
13.6,18,718.602582
-8.0,18,718.645634
3.0,18,718.693083
-8.6,18,718.73645
-9.05,18,718.784264
-7.9,18,718.833077
-8.4,18,719.279279
-7.85,18,719.328264
1.85,18,719.376166
12.2,18,719.42591
-7.35,18,719.473509
2.65,18,719.532552
-8.9,18,719.564848
-6.4,18,719.625233
-9.85,18,719.65782
-9.15,18,719.721805
-7.75,18,719.791402
-9.4,18,719.845818
14.8,18,719.879169
11.95,18,719.925901
-9.2,18,720.767304
-6.7,18,720.968791
-8.85,18,721.016265
-9.4,18,721.067812
-9.15,18,721.097234
-8.9,18,721.144671
-7.7,18,721.209663
1.95,18,721.241912
14.95,18,721.302613
-8.0,18,721.350506
-8.15,18,721.423569
13.2,18,721.486907
-8.7,18,721.552022
-8.75,18,721.62128
-8.25,18,721.691769
14.15,18,721.972329
-9.05,18,722.022466
-8.2,18,722.070147
-8.45,18,722.130035
-8.95,18,722.177431
-8.9,18,722.233356
13.15,18,722.274206
-7.6,18,722.337991
-7.85,18,722.409572
13.05,18,722.474158
-8.45,18,722.521813
1.9,18,722.572872
-7.35,18,722.612766
-8.75,18,722.673747
-7.55,18,722.925346
-8.5,18,722.972828
-9.05,18,723.034309
-8.85,18,723.105378
-7.6,18,723.14617
-8.75,18,723.19067
-7.7,18,723.235496
-6.85,18,723.282927
-7.8,18,723.347804
15.75,18,723.379878
-8.7,18,723.453844
-8.65,18,723.493626
-7.95,18,723.541761
14.05,18,723.590792
2.95,18,723.801256
-8.75,18,723.849142
13.25,18,723.908071
-7.0,18,723.940066
-8.9,18,724.000598
-6.45,18,724.03687
12.95,18,724.068527
-9.35,18,724.134652
-7.8,18,724.167012
-8.9,18,724.24152
-8.25,18,724.295358
-9.0,18,724.358901
14.25,18,724.454926
-9.5,18,724.496061
-7.55,18,724.543979
-9.0,18,724.770199
-6.6,18,724.82106
2.65,18,724.860985
-7.75,18,724.908392
13.15,18,724.957228
-9.35,18,725.005177
-8.95,18,725.053799
12.65,18,725.086076
-8.85,18,725.150407
13.05,18,725.185597
-7.8,18,725.234083
-8.7,18,725.293586
-7.55,18,725.340871
12.4,18,725.390002
14.25,18,725.616669
-9.3,18,725.664274
-6.75,18,725.719739
-7.15,18,725.792988
-7.7,18,725.843625
11.95,18,725.891541
-9.15,18,725.956238
-8.55,18,725.988379
12.55,18,726.048853
-8.95,18,726.098109
-9.15,18,726.130473
-7.75,18,726.191072
-9.4,18,726.254391
-7.4,18,726.305874
-8.45,18,726.57559
-8.25,18,726.624514
13.15,18,726.673189
12.9,18,726.723808
12.5,18,726.770388
-8.45,18,726.820218
-9.05,18,726.857387
-7.75,18,726.907483
14.35,18,726.959282
15.45,18,726.986444
-8.85,18,727.05538
13.1,18,727.096552
-9.1,18,727.172423
13.15,18,727.213166
-6.6,18,727.491326
-7.4,18,727.52334
2.95,18,727.570786
13.05,18,727.625089
-8.65,18,727.668656
-8.6,18,727.716096
-8.1,18,727.760631
3.3,18,727.792924
13.8,18,727.853441
-6.75,18,727.885326
-8.25,18,727.952293
13.0,18,727.994406
-7.9,18,728.06136
-7.8,18,728.103991
4.8,18,728.388557
-7.65,18,728.43032
-6.25,18,728.477072
-8.6,18,728.538034
-8.2,18,728.585554
-8.0,18,728.628982
3.25,18,728.677204
-9.05,18,728.73832
-8.85,18,728.79438
14.3,18,728.849037
-8.4,18,728.897496
-8.6,18,728.963219
-8.7,18,729.004449
-7.95,18,729.065561
1.5,18,729.114025
-7.15,18,729.547966
-8.1,18,729.587822
15.35,18,729.648502
13.15,18,729.683766
-7.45,18,729.731231
-7.95,18,729.780154
-8.7,18,729.827231
15.9,18,729.883374
1.5,18,729.924089
-9.35,18,729.996315
15.0,18,730.037166
-8.65,18,730.097252
-7.2,18,730.146244
2.7,18,730.212716
-7.6,18,730.458929
-8.1,18,730.506938
-8.9,18,730.559926
-6.65,18,730.599831
-7.1,18,730.647717
-8.3,18,730.697202
-8.9,18,730.729569
-7.55,18,730.794674
-8.9,18,730.843151
-7.4,18,730.90322
-7.7,18,730.936105
2.2,18,731.008328
2.2,18,731.052961
-8.05,18,731.103306
2.6,18,731.321048
-7.15,18,731.369505
-8.55,18,731.436901
12.35,18,731.466004
-8.0,18,731.540026
-8.5,18,731.580474
13.5,18,731.628903
3.3,18,731.677443
-8.55,18,731.725817
0.95,18,731.777985
-7.7,18,731.818818
3.3,18,731.851181
-8.6,18,731.911771
14.2,18,731.981954
-9.25,18,732.201367
-7.95,18,732.238182
-9.05,18,732.285803
-9.2,18,732.334786
12.15,18,732.382468
-7.2,18,732.449085
-7.8,18,732.496595
-8.55,18,732.555368
-8.15,18,732.611642
-8.35,18,732.668643
-9.4,18,732.700493
11.9,18,732.770095
-9.35,18,732.808173
-6.7,18,732.856644
14.7,18,732.901492
-8.35,18,733.130504
13.85,18,733.158984
-8.55,18,733.226425
-6.3,18,733.266812
13.8,18,733.338987
-7.65,18,733.395824
-8.55,18,733.449879
-8.75,18,733.486829
-9.2,18,733.534586
-7.25,18,733.599611
-8.6,18,733.631773
-7.0,18,733.697953
-8.85,18,733.730294
-7.75,18,733.787009
-9.5,18,733.990173
2.45,18,734.050306
12.2,18,734.082022
-7.4,18,734.138519
2.8,18,734.178341
-7.25,18,734.226043
-6.7,18,734.275198
12.4,18,734.323686
-8.35,18,734.384209
-8.35,18,734.416588
13.35,18,734.476941
-8.05,18,734.524397
-7.6,18,734.575142
-8.5,18,734.616581
1.85,18,734.859826
13.95,18,734.891403
-8.15,18,734.956479
-7.6,18,734.988034
-8.8,18,735.045641
2.75,18,735.077345
1.75,18,735.141889
15.65,18,735.174598
-7.5,18,735.223151
-8.75,18,735.285049
-9.05,18,735.35692
14.0,18,735.398209
-7.05,18,735.461889
3.55,18,735.5204
-8.9,18,735.729009
-8.1,18,735.776617
13.25,18,735.836203
-8.6,18,735.872257
2.7,18,735.923211
-7.95,18,735.96336
13.3,18,736.032351
13.4,18,736.076736
-8.5,18,736.128408
-8.7,18,736.165949
-9.2,18,736.214432
12.2,18,736.275035
-9.2,18,736.323516
-7.8,18,736.384111
-7.7,18,736.621909
-7.35,18,736.706933
-9.2,18,736.755929
-8.4,18,736.807827
-9.15,18,736.847867
-8.25,18,736.902496
-8.9,18,736.94161
13.8,18,736.989716
-9.4,18,737.034468
-8.8,18,737.095322
-7.65,18,737.163315
13.75,18,737.195655
-8.75,18,737.283512
-8.15,18,737.315808
14.45,18,737.383619
-7.55,18,737.639307
-8.8,18,737.692515
12.85,18,737.73245
-8.2,18,737.801583
13.85,18,737.843952
-8.8,18,737.891523
-6.7,18,737.926973
-6.75,18,737.987504
14.2,18,738.059098
11.85,18,738.126341
-8.3,18,738.167687
-7.95,18,738.215257
-7.35,18,738.274863
-8.1,18,738.32269
-6.35,18,738.616007
-8.05,18,738.679455
4.0,18,738.722692
-8.7,18,738.754408
-7.95,18,738.819199
-8.5,18,738.850887
-8.2,18,738.917014
14.65,18,739.917772
12.05,18,739.97447
2.55,18,740.027406
-9.05,18,740.078572
13.55,18,740.108148
-8.1,18,740.180948
11.3,18,740.229508
12.05,18,740.447196
-8.1,18,740.508274
-9.3,18,740.543049
-7.95,18,740.590391
-7.85,18,740.633895
-7.6,18,740.68163
-8.7,18,740.743012
2.85,18,740.77783
2.15,18,740.843699
-7.55,18,740.891912
11.9,18,740.959013
13.15,18,740.999827
-8.5,18,741.059628
15.7,18,741.092787
13.2,18,741.326749
12.65,18,741.386883
-6.95,18,741.419427
-7.4,18,741.482736
-8.35,18,741.531625
-5.55,18,741.579139
-8.9,18,741.643753
-8.8,18,741.691659
-7.35,18,741.737169
-7.7,18,741.785637
12.7,18,741.837854
-7.25,18,741.878543
13.9,18,741.946828
-7.35,18,741.98761
12.3,18,742.056041
1.9,18,742.298793
-8.9,18,742.330821
-7.9,18,742.391392
-9.0,18,742.423488
-8.2,18,742.492173
12.95,18,742.54799
12.7,18,742.609318
14.1,18,742.657186
-7.85,18,742.71357
1.6,18,742.76487
2.85,18,742.823236
-8.45,18,742.864338
14.4,18,742.89662
3.7,18,742.963308
-8.4,18,743.185415
-8.3,18,743.217186
-6.95,18,743.278037
-8.35,18,743.314045
2.75,18,743.36174
13.1,18,743.421871
15.1,18,743.469745
14.25,18,743.528939
-7.55,18,743.576401
-6.6,18,743.641335
-8.85,18,743.689406
-8.3,18,743.754741
12.6,18,743.803151
-8.6,18,743.854313
-9.15,18,744.091764
-8.6,18,744.171739
-7.85,18,744.203892
4.5,18,744.251338
-8.5,18,744.294338
13.15,18,744.358104
-7.5,18,744.403596
11.95,18,744.452007
12.05,18,744.526042
-6.75,18,744.567195
-7.65,18,744.627646
13.85,18,744.675101
-8.7,18,744.736902
-8.35,18,744.784877
-7.65,18,745.037682
-7.8,18,745.08579
-8.2,18,745.117493
-7.95,18,745.176733
-8.65,18,745.216686
-9.75,18,745.281408
-8.65,18,745.330296
-8.1,18,745.392713
-8.2,18,745.433387
-8.65,18,745.503442
-8.95,18,745.557018
3.25,18,745.617147
-8.95,18,745.649967
-7.1,18,745.698461
-7.8,18,745.930633
-7.85,18,745.979698
-8.85,18,746.011345
-8.3,18,746.075701
-8.7,18,746.107371
-8.7,18,746.177706
-8.65,18,746.235739
1.9,18,746.294242
-7.65,18,746.334753
-7.85,18,746.386354
-8.1,18,746.427644
14.4,18,746.476069
-8.4,18,746.53669
-8.65,18,746.585226
-7.9,18,746.633207
15.6,18,746.870108
-7.7,18,746.918134
12.45,18,746.978754
13.1,18,747.010384
12.15,18,747.074708
-7.3,18,747.107111
-9.35,18,747.15486
-8.75,18,747.203361
1.9,18,747.251827
13.15,18,747.312073
-7.9,18,747.343792
-7.7,18,747.404705
12.6,18,747.440186
-7.85,18,747.504758
-8.05,18,747.779572
12.5,18,747.84285
14.25,18,747.885523
-7.15,18,747.917212
-7.95,18,747.98271
-5.75,18,748.014412
13.35,18,748.087936
-7.3,18,748.128543
-8.25,18,748.194814
13.15,18,748.227359
11.95,18,748.274912
-8.3,18,748.3184
-8.95,18,748.366879
-8.3,18,748.418966
12.4,18,748.675529
-8.25,18,748.750604
13.5,18,748.782464
-7.85,18,748.829964
-6.6,18,748.8857
-5.4,18,748.924974
12.95,18,748.992665
12.75,18,749.036556
-8.8,18,749.084968
1.85,18,749.137636
14.1,18,749.181154
-7.75,18,749.229788
-7.55,18,749.277547
-8.0,18,749.336412
-8.4,18,749.586163
-7.9,18,749.633731
-8.75,18,749.681473
1.95,18,749.729049
12.55,18,749.822384
12.25,18,749.942229
-8.5,18,749.989981
12.15,18,750.043141
-8.75,18,750.067755
-5.65,18,750.143808
-6.55,18,750.176846
-8.55,18,750.254035
-7.45,18,750.334539
14.3,18,750.378836
-8.8,18,750.443464
-8.25,18,750.697648
-6.45,18,750.737534
-9.45,18,750.792159
13.5,18,750.830828
-7.2,18,750.879308
3.7,18,750.92665
12.0,18,750.973214
-7.05,18,751.03333
13.9,18,751.081799
-8.4,18,751.142313
12.55,18,751.174193
-8.4,18,751.248514
2.1,18,751.286474
-7.75,18,751.339105
13.3,18,751.627754
-8.15,18,751.697145
-7.65,18,751.76052
-7.9,18,751.810134
-8.6,18,751.8638
-7.55,18,751.905664
-9.05,18,751.953942
-8.75,18,752.014879
-7.55,18,752.062901
-8.3,18,752.127852
13.75,18,752.176082
-9.35,18,752.234366
13.45,18,752.281188
-9.15,18,752.343671
12.5,18,752.597483
12.05,18,752.645331
12.05,18,752.695743
-8.65,18,752.74327
-6.4,18,752.80277
12.05,18,752.850484
14.45,18,752.911943
-7.95,18,752.959523
2.7,18,753.024529
-8.7,18,753.073069
-8.9,18,753.136231
2.6,18,753.160905
-7.35,18,753.209379
-5.85,18,753.26108
-8.4,18,753.536391
-9.0,18,753.591343
-9.75,18,753.637417
-5.8,18,753.693836
-7.85,18,753.733716
-8.55,18,753.808503
2.9,18,753.849256
-8.85,18,753.915619
-8.65,18,753.947978
13.25,18,754.02255
13.5,18,754.071413
-7.1,18,754.131207
-6.55,18,754.180413
-8.65,18,754.240256
12.65,18,754.47842
2.7,18,754.566505
1.95,18,754.618301
-8.45,18,754.681812
2.15,18,754.745023
-7.45,18,754.784551
-9.25,18,754.834992
-9.65,18,754.88347
-7.55,18,754.950138
12.6,18,754.9825
4.05,18,755.039134
11.9,18,755.075392
-7.4,18,755.139455
2.6,18,755.188523
-7.6,18,755.236492
12.4,18,755.478166
3.3,18,755.518631
-8.1,18,755.566312
-8.35,18,755.616826
-8.75,18,755.664263
12.15,18,755.746336
-7.65,18,755.786826
-9.15,18,755.840949
-8.1,18,755.879424
13.1,18,755.937917
15.5,18,755.975912
-9.15,18,756.034155
-7.7,18,756.079358
-7.45,18,756.111603
-7.75,18,756.329552
-6.95,18,756.390354
14.15,18,756.437945
3.05,18,756.494163
-8.95,18,756.533946
12.3,18,756.609913
12.9,18,756.658469
-7.8,18,756.6904
-9.4,18,756.752024
13.0,18,756.784238
1.55,18,756.844928
12.85,18,756.893404
11.75,18,756.945498
-7.3,18,756.986303
-8.75,18,757.210292
-9.0,18,757.270283
-9.25,18,757.30255
-9.15,18,757.350387
-7.75,18,757.399639
-8.45,18,757.447489
12.05,18,757.513996
4.8,18,757.577795
-8.9,18,757.642352
-8.55,18,757.678543
-8.45,18,757.735726
-9.1,18,757.783736
-7.3,18,757.860515
13.85,18,757.892727
-4.5,18,758.898063
15.25,18,758.945549
13.0,18,758.993486
-8.35,18,759.025209
12.6,18,759.090103
13.55,18,759.122186
14.6,18,759.178166
-8.0,18,759.214426
-7.35,18,759.289108
-6.6,18,759.34573
-9.2,18,759.404211
-8.2,18,759.444706
-6.6,18,759.509283
-8.9,18,759.54972
12.55,18,759.613273
13.0,18,759.828111
-7.6,18,759.88674
12.6,18,759.938223
13.2,18,759.985605
-8.9,18,760.031427
14.6,18,760.079506
-8.8,18,760.123397
-8.9,18,760.171897
-7.6,18,760.237618
-7.55,18,760.281911
-8.35,18,760.373902
-7.25,18,760.519326
13.6,18,760.577804
-8.4,18,760.61771
-7.85,18,760.847845
-7.25,18,760.912871
-7.7,18,760.938838
1.8,18,761.002581
-8.5,18,761.036343
1.95,18,761.084095
-9.1,18,761.143075
12.45,18,761.189654
-8.85,18,761.250323
-6.45,18,761.298389
-8.7,18,761.358913
-6.1,18,761.39212
-8.9,18,761.458446
1.95,18,761.503704
-6.85,18,761.738883
-8.65,18,761.797166
-8.6,18,761.829677
13.95,18,761.877141
2.35,18,761.92609
11.95,18,761.973826
12.75,18,762.031812
1.65,18,762.072771
11.9,18,762.136729
-8.0,18,762.169232
11.9,18,762.217712
-8.95,18,762.278814
-5.85,18,762.331277
12.3,18,762.371722
-7.6,18,762.633358
-7.6,18,762.700047
3.7,18,762.738023
-8.35,18,762.769653
-8.75,18,762.836019
12.95,18,762.875889
-8.5,18,762.935248
12.95,18,762.967101
11.9,18,763.035928
-8.3,18,763.076678
3.05,18,763.136483
-8.2,18,763.169637
-8.4,18,763.218126
-8.65,18,763.262562
-8.4,18,763.480719
12.4,18,763.544707
-6.45,18,763.589908
-8.95,18,763.637433
14.35,18,763.694645
-6.65,18,763.742765
-8.45,18,763.798569
13.65,18,763.836163
-7.35,18,763.890981
15.4,18,763.980289
-8.65,18,764.047968
2.65,18,764.087781
4.85,18,764.155177
-8.55,18,764.184449
-9.55,18,764.231953
16.1,18,764.481796
-7.4,18,764.514373
12.0,18,764.590962
-6.8,18,764.62348
-8.85,18,764.694016
11.25,18,764.742875
-6.6,18,764.782192
1.7,18,764.825802
-8.35,18,764.873254
-9.0,18,764.929983
-7.65,18,764.96988
-7.3,18,765.027976
-6.7,18,765.068087
-7.95,18,765.11549
-8.85,18,765.3539
-8.8,18,765.395277
12.25,18,765.443038
-7.6,18,765.494287
2.45,18,765.539352
-8.5,18,765.603045
11.95,18,765.637825
-8.4,18,765.6853
14.65,18,765.744762
-9.3,18,765.792202
1.95,18,765.85081
-8.85,18,765.887477
13.45,18,765.946867
-8.65,18,765.994329
-8.8,18,766.244309
-6.95,18,766.2801
-7.55,18,766.327772
-7.5,18,766.379202
-9.0,18,766.424288
-9.35,18,766.472119
-9.25,18,766.506883
-8.7,18,766.570296
-7.25,18,766.62853
-8.6,18,766.708159
-9.25,18,766.740736
-7.05,18,766.803965
-5.65,18,766.847502
-8.7,18,766.89511
1.5,18,767.119751
-9.1,18,767.180723
3.0,18,767.212453
-8.9,18,767.268678
-7.5,18,767.308548
-8.3,18,767.373032
-7.4,18,767.420101
12.5,18,767.488156
13.9,18,767.532456
-9.05,18,767.597161
-8.8,18,767.639382
15.05,18,767.687432
13.95,18,767.738554
-7.85,18,767.778354
-8.65,18,767.837223
-8.85,18,768.089843
-7.3,18,768.143918
-7.0,18,768.180671
13.8,18,768.228233
-9.3,18,768.27724
3.45,18,768.340872
-9.15,18,768.38911
-7.45,18,768.436584
-7.55,18,768.49324
-8.75,18,768.533508
13.45,18,768.599485
-8.65,18,768.647723
-8.1,18,768.705857
-8.85,18,768.738353
-8.35,18,768.978434
-8.0,18,769.025939
-9.2,18,769.05927
12.3,18,769.107121
-6.8,18,769.172902
-8.4,18,769.218422
-7.7,18,769.263354
-7.45,18,769.295977
14.05,18,769.357981
11.9,18,769.423853
-8.85,18,769.487501
-8.25,18,769.519994
-7.15,18,769.598934
-6.7,18,769.647281
1.9,18,769.873661
14.55,18,769.921193
12.4,18,769.964675
-8.5,18,770.012214
14.95,18,770.068835
-8.55,18,770.108747
-8.25,18,770.17458
-8.6,18,770.21447
-8.25,18,770.261839
-7.3,18,770.312699
-9.3,18,770.360634
-9.85,18,770.415142
-8.85,18,770.459231
-7.05,18,770.630552
-8.9,18,770.949259
13.1,18,770.996735
-8.5,18,771.055321
-7.55,18,771.087074
-8.55,18,771.146222
-8.55,18,771.193849
-9.2,18,771.259238
-9.05,18,771.306802
13.25,18,771.364682
-8.8,18,771.420603
-8.4,18,771.476804
-9.05,18,771.524734
-8.85,18,771.580385
-9.2,18,771.64654
-8.7,18,771.878274
-7.85,18,771.93572
-9.0,18,771.975586
-8.8,18,772.023126
-6.4,18,772.072318
-6.35,18,772.156189
-8.8,18,772.188719
3.85,18,772.236361
-8.0,18,772.288054
-7.55,18,772.351551
-7.7,18,772.394894
-8.45,18,772.442419
3.55,18,772.499233
-9.45,18,772.539209
-8.95,18,772.60877
-9.4,18,772.840814
-8.55,18,772.872567
-8.5,18,772.946494
-8.1,18,772.986349
15.65,18,773.04482
14.35,18,773.093141
12.1,18,773.154657
11.75,18,773.186603
-6.05,18,773.249824
-6.6,18,773.299015
-8.95,18,773.330698
11.75,18,773.390513
-7.65,18,773.441083
-6.85,18,773.505635
-7.55,18,773.834964
14.6,18,773.874798
12.95,18,773.931127
14.7,18,773.968023
-9.35,18,774.015483
-8.6,18,774.064598
-9.15,18,774.112267
12.85,18,774.176369
-7.05,18,774.223933
13.05,18,774.272391
-7.4,18,774.304719
13.75,18,774.352253
12.85,18,774.419083
-7.7,18,774.450634
13.0,18,774.717413
-7.5,18,774.752711
12.7,18,774.811874
-7.45,18,774.858845
-8.35,18,774.890527
3.65,18,774.947885
13.65,18,774.995555
-8.0,18,775.047059
2.9,18,775.086889
-9.05,18,775.143088
-8.65,18,775.183473
4.7,18,775.231024
-9.05,18,775.279332
-9.05,18,775.327245
13.45,18,775.54843
1.55,18,775.616596
-8.65,18,775.656868
-8.6,18,775.715706
-9.2,18,775.763408
12.0,18,775.814058
-9.25,18,775.854995
1.75,18,775.886721
-7.6,18,775.959204
-7.8,18,775.9991
-9.7,18,776.065144
13.0,18,776.105537
-7.6,18,776.169701
-8.0,18,776.217249
2.25,18,776.27436
-8.7,18,776.503349
-7.55,18,776.550924
-7.3,18,776.632093
-6.15,18,776.711648
13.4,18,776.755671
-8.05,18,776.787366
3.5,18,776.852402
-7.4,18,777.668447
-8.25,18,777.712625
-7.7,18,777.760673
1.35,18,777.808264
-6.25,18,777.864046
12.5,18,777.903959
-7.35,18,777.95993
-7.45,18,778.24408
-7.4,18,778.292639
-9.05,18,778.333508
-8.2,18,778.365341
3.1,18,778.424571
-8.75,18,778.472088
-8.95,18,778.522962
-8.9,18,778.552937
-8.95,18,778.600445
12.3,18,778.651031
-8.85,18,778.698958
-6.9,18,778.758009
-8.55,18,778.805708
12.35,18,778.863062
-8.3,18,779.106964
12.25,18,779.154841
-9.7,18,779.207681
-8.1,18,779.236586
-8.65,18,779.284056
13.95,18,779.327498
-7.9,18,779.37497
12.0,18,779.440429
-7.45,18,779.472104
-8.2,18,779.541516
-8.05,18,779.584385
-8.7,18,779.650701
-9.05,18,779.705017
-6.05,18,779.765744
13.1,18,780.001387
14.25,18,780.041287
3.55,18,780.088747
13.7,18,780.137143
-7.55,18,780.184638
12.6,18,780.236023
12.55,18,780.331466
-8.45,18,780.371436
2.0,18,780.444482
12.7,18,780.497929
-8.35,18,780.557714
-8.1,18,780.605408
-8.5,18,780.669995
-8.15,18,780.733882
-8.6,18,780.948288
13.2,18,780.997351
14.25,18,781.045038
-8.9,18,781.100822
-8.95,18,781.14648
-5.9,18,781.201922
13.2,18,781.237248
-9.15,18,781.285166
-8.05,18,781.345704
-8.4,18,781.377508
15.8,18,781.436346
1.85,18,781.483851
-7.75,18,781.540757
12.75,18,781.580827
-8.55,18,781.650449
-6.45,18,782.04228
-8.65,18,782.074065
-8.3,18,782.133168
2.65,18,782.180759
-9.3,18,782.232374
-8.95,18,782.261651
2.55,18,782.324594
-8.4,18,782.373346
12.4,18,782.421098
-7.4,18,782.470254
-8.75,18,782.518479
13.8,18,782.583992
-9.2,18,782.631674
-8.3,18,782.720088
12.95,18,782.937035
-8.85,18,782.991029
-8.7,18,783.049347
-6.45,18,783.081073
-7.8,18,783.147637
-7.2,18,783.179293
-7.45,18,783.237841
-7.15,18,783.286165
12.6,18,783.35345
-9.9,18,783.397588
-9.7,18,783.45598
14.85,18,783.488567
-7.75,18,783.536255
-7.4,18,783.584615
-8.1,18,783.819025
-6.85,18,783.866619
12.35,18,783.914839
-8.8,18,783.962442
-7.55,18,784.019111
-8.65,18,784.059014
-8.6,18,784.117229
13.0,18,784.157325
-8.75,18,784.20504
12.6,18,784.248419
-7.45,18,784.311585
2.45,18,784.358586
12.2,18,784.417004
-8.5,18,784.473494
-8.95,18,784.718732
-8.3,18,784.766241
2.35,18,784.815523
-9.45,18,784.846994
11.4,18,784.91022
-7.2,18,784.936684
-9.4,18,785.008826
2.1,18,785.057516
-8.15,18,785.12893
-9.15,18,785.170986
-8.8,18,785.218915
-8.2,18,785.264071
-9.05,18,785.309926
-7.55,18,785.357463
12.9,18,785.405298
1.5,18,785.631384
-7.25,18,785.701985
-8.3,18,785.789507
-8.95,18,785.833607
1.95,18,785.886062
14.55,18,785.924615
-8.3,18,785.956226
12.85,18,786.021146
11.8,18,786.068982
15.05,18,786.128787
13.0,18,786.161138
14.45,18,786.219415
-8.55,18,786.251782
13.55,18,786.299306
-8.75,18,786.53973
-8.3,18,786.581309
13.0,18,786.628783
2.8,18,786.685537
1.85,18,786.741619
-6.7,18,786.799805
-7.7,18,786.839665
-8.65,18,786.898154
1.45,18,786.946449
12.1,18,787.007446
14.05,18,787.0632
-7.95,18,787.148735
-9.1,18,787.196489
-8.0,18,787.25978
-8.0,18,787.494041
-7.95,18,787.548143
14.75,18,787.585104
-8.65,18,787.632449
-9.15,18,787.69639
-7.25,18,787.760011
14.1,18,787.807431
14.1,18,787.855057
-8.4,18,787.906474
-8.65,18,787.946542
-8.4,18,788.005722
-5.5,18,788.0456
12.35,18,788.104155
13.75,18,788.136449
13.95,18,788.386298
-8.85,18,788.448192
3.95,18,788.492378
-7.5,18,788.56087
-7.6,18,788.600902
-6.35,18,788.665512
1.9,18,788.729566
-9.55,18,788.795568
-7.95,18,788.843446
-8.65,18,788.890928
13.4,18,788.939731
15.45,18,788.972916
-7.45,18,789.031756
-8.85,18,789.079677
2.4,18,789.325611
-8.75,18,789.368898
-5.5,18,789.416466
-7.9,18,789.467787
-7.45,18,789.52078
-7.2,18,789.580855
14.8,18,789.627314
-8.1,18,789.686176
-7.25,18,789.733478
2.75,18,789.788445
-7.95,18,789.873771
-8.35,18,789.930357
3.8,18,789.970333
14.35,18,790.026716
-7.6,18,790.067534
-8.85,18,790.287823
-8.5,18,790.319471
13.35,18,790.376147
-8.85,18,790.416063
13.85,18,790.481827
-7.2,18,790.514689
13.2,18,790.562208
-8.0,18,790.605356
-7.45,18,790.652901
16.35,18,790.722438
-8.4,18,790.766532
-7.45,18,790.819438
12.5,18,790.86355
13.2,18,790.895124
13.8,18,791.114405
-7.5,18,791.173906
-9.2,18,791.221512
13.4,18,791.265665
12.9,18,791.31342
-8.4,18,791.37022
13.05,18,791.415074
12.5,18,791.47348
11.8,18,791.520941
1.55,18,791.584661
-8.4,18,791.633129
-8.45,18,791.705555
-9.1,18,791.745823
-8.9,18,791.822805
-9.2,18,792.191013
-8.65,18,792.230816
-8.05,18,792.287172
-8.2,18,792.319986
12.5,18,792.367687
-8.7,18,792.427081
12.3,18,792.501662
-7.95,18,792.5865
14.7,18,792.629384
-6.5,18,792.692459
-8.55,18,792.756697
12.55,18,792.804178
12.75,18,792.84727
13.0,18,792.894959
-8.25,18,793.11572
-8.8,18,793.174568
2.85,18,793.222183
15.2,18,793.270561
-8.55,18,793.303185
-8.65,18,793.370077
14.15,18,793.411088
-8.7,18,793.458531
2.9,18,793.518028
-8.2,18,793.565529
13.4,18,793.619171
-7.3,18,793.657658
13.65,18,793.722034
-7.75,18,793.769289
-6.9,18,793.832994
11.85,18,794.061231
12.3,18,794.106376
12.0,18,794.145113
-8.35,18,794.194986
13.15,18,794.243409
2.45,18,794.293839
-7.85,18,794.333603
-8.55,18,794.388361
2.05,18,794.427059
-9.2,18,794.47443
2.65,18,794.523407
2.6,18,794.570965
-8.1,18,794.625217
1.95,18,794.666917
12.85,18,794.92266
15.6,18,794.971737
-8.15,18,795.003467
-7.0,18,795.067414
-9.05,18,795.109262
-8.95,18,795.165661
3.0,18,795.205795
14.0,18,795.250715
12.1,18,795.304053
1.6,18,795.383676
13.3,18,795.427156
-7.45,18,795.458787
-9.15,18,795.527541
-8.15,18,795.568435
12.6,18,795.835731
1.8,18,796.696595
-7.1,18,796.760706
-8.35,18,796.80905
-7.8,18,796.856495
12.65,18,796.904969
-7.5,18,796.95243
12.1,18,797.01675
-7.05,18,797.06426
4.2,18,797.107884
14.0,18,797.1553
-8.7,18,797.212944
14.15,18,797.253227
-9.1,18,797.316714
15.55,18,797.522445
-6.65,18,797.571519
-7.35,18,797.619112
-7.7,18,797.669201
2.55,18,797.70901
-7.95,18,797.776413
-7.75,18,797.821609
-8.0,18,797.869425
-7.5,18,797.913677
-7.6,18,797.945426
-8.15,18,798.010847
14.05,18,798.042461
13.45,18,798.107128
12.55,18,798.155662
12.0,18,798.610296
-7.85,18,798.653739
12.4,18,798.703738
-8.3,18,798.753505
-8.95,18,798.812281
-8.45,18,798.848402
-8.55,18,798.911899
1.9,18,798.962085
13.35,18,798.993752
-9.05,18,799.053001
2.65,18,799.100512
-9.3,18,799.141932
-9.05,18,799.198348
-6.4,18,799.230278
14.3,18,799.295418
-7.9,18,799.569585
-8.25,18,799.620519
-9.25,18,799.66036
12.0,18,799.721096
-8.65,18,799.757061
3.75,18,799.83097
-8.85,18,799.871229
-6.35,18,799.91905
-9.0,18,799.967862
1.9,18,800.031725
-7.85,18,800.077215
12.0,18,800.124747
15.25,18,800.181291
-8.4,18,800.221166
-8.95,18,800.44548
1.8,18,800.492973
3.6,18,800.52785
-9.2,18,800.575461
-7.45,18,800.634888
-8.35,18,800.684933
-9.6,18,800.775879
11.55,18,800.857697
12.0,18,800.900383
-8.6,18,800.957975
-8.05,18,800.992388
13.4,18,801.040019
-7.9,18,801.08882
-8.5,18,801.136495
-8.15,18,801.354806
-8.1,18,801.411513
-7.8,18,801.451447
12.15,18,801.504911
-8.95,18,801.541372
-9.0,18,801.60503
14.25,18,801.65416
-8.95,18,801.709961
-8.1,18,801.761741
-8.15,18,801.809353
2.5,18,801.862755
2.4,18,801.902524
-8.6,18,801.95733
-8.4,18,801.999359
-8.6,18,802.266442
1.95,18,802.317202
-8.5,18,802.362876
-7.7,18,802.417855
14.25,18,802.450325
-7.45,18,802.513807
-8.55,18,802.546926
-9.05,18,802.594684
-6.65,18,802.662688
-8.75,18,802.70257
-8.25,18,802.761786
-6.95,18,802.809289
12.9,18,802.866048
-6.6,18,802.905877
-8.55,18,802.953335
-7.6,18,803.373901
-8.9,18,803.421715
-7.75,18,803.4646
12.0,18,803.516124
12.1,18,803.577546
-7.4,18,803.609437
-9.4,18,803.680745
-7.65,18,803.720635
-8.55,18,803.793229
13.6,18,803.833496
11.4,18,803.898829
2.25,18,803.931478
-6.85,18,803.978864
-7.65,18,804.022394
-8.1,18,804.262288
-8.55,18,804.309701
-6.9,18,804.358836
-8.6,18,804.390578
-9.0,18,804.460677
-8.8,18,804.504805
12.4,18,804.563343
-8.15,18,804.595771
12.1,18,804.643532
-7.6,18,804.692568
15.15,18,804.740054
12.8,18,804.803394
-6.55,18,804.85155
-8.4,18,804.994612
-7.65,18,805.215091
-8.8,18,805.258475
-9.6,18,805.306415
-6.35,18,805.363121
-7.3,18,805.419159
2.3,18,805.474482
-8.05,18,805.522603
-9.05,18,805.585843
-8.35,18,805.625745
-8.1,18,805.692756
-7.25,18,805.732579
12.45,18,805.780332
-9.1,18,805.840313
-9.15,18,805.887892
-6.35,18,806.122679
-5.65,18,806.166717
-8.3,18,806.214405
-6.75,18,806.258436
2.35,18,806.305979
-7.85,18,806.369952
-9.15,18,806.417471
-8.85,18,806.4801
-9.0,18,806.523949
-9.1,18,806.588533
-8.45,18,806.636222
-8.1,18,806.690547
-8.35,18,806.732375
-7.95,18,806.799734
-8.75,18,807.037986
2.6,18,807.065907
-8.4,18,807.132504
-7.9,18,807.162378
-7.65,18,807.209875
-8.3,18,807.268221
-7.45,18,807.315699
-8.1,18,807.373704
-7.0,18,807.413617
-8.75,18,807.48051
-7.75,18,807.527136
-9.0,18,807.600981
-5.4,18,807.648568
14.05,18,807.705741
14.0,18,807.745775
11.25,18,807.999192
-7.6,18,808.049998
-9.05,18,808.089746
-8.2,18,808.146344
12.1,18,808.187056
-7.45,18,808.22253
11.85,18,808.2848
13.75,18,808.332969
-7.3,18,808.383506
-8.15,18,808.423773
-8.85,18,808.492498
-6.85,18,808.53234
13.0,18,808.579828
-8.45,18,808.629016
-8.6,18,808.930424
-8.1,18,808.96954
-9.05,18,809.021609
-7.9,18,809.076346
14.2,18,809.108046
2.9,18,809.175343
12.95,18,809.220491
-6.7,18,809.273984
-7.5,18,809.310513
-9.3,18,809.35841
-9.6,18,809.417644
11.55,18,809.449803
-7.65,18,809.516693
-7.15,18,809.557047
15.15,18,809.790676
12.8,18,809.855646
12.65,18,809.903566
-8.35,18,809.971692
-8.65,18,810.000225
-9.05,18,810.059762
12.05,18,810.092276
12.0,18,810.156227
-9.05,18,810.201521
-6.6,18,810.249236
2.2,18,810.326845
-9.05,18,810.390638
12.95,18,810.419559
13.9,18,810.482728
-8.9,18,810.728577
-6.35,18,810.768512
-8.8,18,810.824697
-7.65,18,810.865539
12.95,18,810.913188
-5.85,18,810.965107
-6.6,18,811.004938
-6.45,18,811.064505
-7.6,18,811.112066
-7.95,18,811.169019
-7.75,18,811.216642
-8.25,18,811.266116
-8.85,18,811.307851
-7.9,18,811.339507
-8.55,18,811.388495
12.75,18,811.618454
-9.25,18,811.661003
-8.05,18,811.726747
-8.1,18,811.758706
2.05,18,811.833755
-7.3,18,811.86578
-8.7,18,811.932059
12.45,18,811.978258
-9.0,18,812.010012
-8.95,18,812.070086
11.85,18,812.117614
14.25,18,812.1819
-9.25,18,812.228991
-6.75,18,812.286222
-8.1,18,812.510166
14.05,18,812.550076
13.15,18,812.606595
-7.75,18,812.646646
-7.85,18,812.710415
13.2,18,812.742743
-9.45,18,812.806407
-9.3,18,812.864078
-7.55,18,812.92729
12.0,18,812.982291
-9.2,18,813.023295
-8.5,18,813.081911
12.1,18,813.12969
12.2,18,813.19408
-7.8,18,813.428484
-7.35,18,813.46018
12.2,18,813.52647
14.65,18,813.558254
-8.2,18,813.633474
-8.15,18,813.799528
-8.8,18,813.87091
-6.9,18,813.922182
-8.8,18,813.988973
-8.5,18,814.028922
-7.85,18,814.060568
-8.35,18,814.118484
-7.8,18,814.158356
-7.7,18,814.223421
14.65,18,814.468754
-7.95,18,814.501638
-8.45,18,814.566968
-9.1,18,814.608986
-8.55,18,814.659567
-7.9,18,814.685733
-8.5,18,814.749287
-8.85,18,814.782629
-9.25,18,814.846065
12.8,18,815.790962
-8.9,18,815.842788
-6.8,18,815.903124
2.55,18,815.946061
12.65,18,816.01294
-6.15,18,816.227679
-8.95,18,816.276475
-9.3,18,816.308201
15.0,18,816.372607
-8.0,18,816.40433
2.75,18,816.471715
-6.0,18,816.501096
-8.25,18,816.564584
-9.9,18,816.615061
-8.65,18,816.661365
-7.45,18,816.705288
12.2,18,816.753785
-6.9,18,816.80879
-9.05,18,816.848906
-8.9,18,816.91594
-8.3,18,817.14336
3.75,18,817.182519
-8.05,18,817.226169
-8.7,18,817.269775
-7.85,18,817.317487
-8.3,18,817.382289
14.2,18,817.41399
-7.55,18,817.483293
-8.75,18,817.52794
-8.35,18,817.592626
-9.15,18,817.639153
-8.8,18,817.681297
-8.65,18,817.748206
-9.0,18,817.796499
13.6,18,818.069417
-7.2,18,818.101203
-7.35,18,818.157443
14.95,18,818.194444
13.5,18,818.24205
-9.05,18,818.299379
-7.1,18,818.34723
-8.55,18,818.428548
-8.1,18,818.492123
2.0,18,818.542231
-8.9,18,818.589046
-8.95,18,818.642962
-8.45,18,818.683457
-9.15,18,818.73798
-7.4,18,819.127987
12.6,18,819.159532
2.2,18,819.224111
-8.1,18,819.271194
12.5,18,819.329889
-7.25,18,819.377497
-8.45,18,819.429017
-6.75,18,819.474566
-8.25,18,819.537699
2.35,18,819.578207
-8.65,18,819.630131
-8.85,18,819.669472
-8.5,18,819.717058
13.25,18,819.778653
-8.8,18,820.101173
13.45,18,820.143449
-5.65,18,820.175275
-7.7,18,820.232935
-8.45,18,820.273142
14.3,18,820.320858
-6.25,18,820.37001
13.7,18,820.401746
-8.55,18,820.47121
-8.6,18,820.513092
11.9,18,820.573926
12.9,18,820.619292
-8.9,18,820.683641
-8.4,18,820.726598
-6.6,18,820.780761
3.85,18,821.083071
-8.4,18,821.14755
-8.65,18,821.179717
-7.45,18,821.254351
-8.7,18,821.288581
-8.65,18,821.34614
13.95,18,821.388361
-7.65,18,821.428193
-9.2,18,821.495819
13.35,18,821.524956
-6.55,18,821.589002
12.15,18,821.621325
12.3,18,821.668912
-7.65,18,821.717506
-8.5,18,821.975372
-8.25,18,822.034336
12.95,18,822.066895
-7.25,18,822.130167
2.95,18,822.163195
-8.9,18,822.210929
15.6,18,822.269251
-8.8,18,822.332876
-8.55,18,822.392451
-9.35,18,822.436165
14.1,18,822.497934
-7.85,18,822.543647
14.0,18,822.599613
13.7,18,822.651624
13.85,18,822.910517
-7.8,18,822.969822
13.7,18,823.017091
-8.4,18,823.066293
-8.05,18,823.114053
12.1,18,823.182054
-8.45,18,823.222527
-7.6,18,823.277088
-7.9,18,823.305349
-9.2,18,823.352941
-8.9,18,823.412383
-9.35,18,823.473702
12.5,18,823.515258
-8.55,18,823.563276
-7.1,18,823.785504
-8.15,18,823.860453
3.45,18,824.007398
-7.8,18,824.138079
-9.2,18,824.186416
-7.4,18,824.244564
-8.85,18,824.292592
-7.1,18,824.344057
-8.4,18,824.391654
-5.95,18,824.466631
-7.4,18,824.498185
15.25,18,824.554999
-8.6,18,824.595154
-9.45,18,824.653142
3.95,18,824.900673
-8.75,18,824.951429
1.85,18,824.999424
-8.25,18,825.048047
-8.55,18,825.095642
13.6,18,825.144929
-9.15,18,825.192619
-8.9,18,825.259277
-7.35,18,825.306969
-8.8,18,825.366068
-8.75,18,825.405911
3.55,18,825.453564
-8.55,18,825.502002
-8.7,18,825.575123
2.25,18,825.615143
3.95,18,825.858229
12.3,18,825.918973
14.1,18,825.951279
-8.65,18,825.99873
-6.9,18,826.06042
13.0,18,826.097145
-7.95,18,826.155336
-7.3,18,826.191402
-8.2,18,826.235684
-8.65,18,826.28091
-8.1,18,826.328884
-8.35,18,826.385524
-8.9,18,826.425345
-8.3,18,826.488986
-9.3,18,826.71312
-6.9,18,826.745145
-7.75,18,826.792774
-8.1,18,826.841717
-8.7,18,826.889347
12.15,18,826.953485
-8.7,18,827.001177
-8.4,18,827.054577
12.2,18,827.094375
12.95,18,827.155424
-8.55,18,827.190971
15.25,18,827.264872
-8.75,18,827.305323
13.5,18,827.336915
-8.1,18,827.588594
12.8,18,827.633375
-8.2,18,827.670061
12.85,18,827.729146
-8.2,18,827.777105
-8.7,18,827.83388
-7.7,18,827.873819
-7.9,18,827.95938
-8.15,18,828.058052
-7.55,18,828.098723
-9.35,18,828.145301
-8.55,18,828.193523
13.3,18,828.241852
13.85,18,828.290559
12.8,18,828.542839
-8.2,18,828.599378
-8.55,18,828.639257
-7.9,18,828.687068
15.35,18,828.737505
-8.4,18,828.78076
-8.4,18,828.836175
-8.6,18,828.876008
-9.3,18,828.950124
2.8,18,828.989908
-7.2,18,829.037498
-7.1,18,829.09637
-6.3,18,829.128163
-6.9,18,829.193084
-7.95,18,829.224869
-7.55,18,829.449023
-8.25,18,829.496834
-8.4,18,829.544822
-7.85,18,829.592413
13.05,18,829.641924
-8.75,18,829.673682
-9.1,18,829.743434
13.1,18,829.797336
14.65,18,829.848117
-8.15,18,829.888064
-8.35,18,829.949206
-7.1,18,829.985002
12.15,18,830.032727
-7.85,18,830.092768
-7.6,18,830.333748
-8.6,18,830.397319
-6.4,18,830.442016
-6.65,18,830.473684
2.7,18,830.530841
-8.65,18,830.570834
-6.45,18,830.626512
12.8,18,830.679486
-8.7,18,830.737792
-7.85,18,830.777295
-8.3,18,830.812681
-7.2,18,830.868743
3.2,18,830.916361
2.6,18,830.980757
-8.75,18,831.233393
12.4,18,831.287913
2.85,18,831.322436
-7.5,18,831.369942
1.3,18,831.413666
12.7,18,831.477132
-9.0,18,831.538817
11.95,18,831.603129
-7.4,18,831.651933
-8.0,18,831.699745
-8.4,18,831.759277
-8.85,18,831.807228
12.65,18,831.868371
-8.65,18,831.915909
13.0,18,832.151884
-9.1,18,832.20869
11.25,18,832.248567
-8.5,18,832.30615
13.8,18,832.33857
-8.4,18,832.39435
13.95,18,832.434352
15.65,18,832.483928
-8.7,18,832.558929
13.5,18,832.607481
-8.35,18,832.665829
-9.4,18,832.713257
-9.35,18,832.762368
14.25,18,832.794461
-6.65,18,833.102394
3.4,18,833.149943
-9.25,18,833.20349
-5.6,18,833.231826
14.4,18,833.279233
-9.15,18,833.328031
-9.25,18,833.375589
-6.55,18,833.4272
-7.7,18,833.502637
-8.9,18,833.546971
11.95,18,833.610394
-8.5,18,833.658893
-6.8,18,833.7066
13.0,18,833.754951
14.65,18,833.786923
15.05,18,834.043267
-9.15,18,835.020371
-9.2,18,835.072058
12.85,18,835.117886
-7.4,18,835.167608
-9.15,18,835.215479
-8.65,18,835.273766
-9.1,18,835.313554
-7.05,18,835.380941
-9.25,18,835.421135
-7.7,18,835.476865
-9.3,18,835.517562
-8.1,18,835.589846
-9.5,18,835.641386
-5.75,18,835.845099
-8.95,18,835.909112
12.35,18,835.956986
14.15,18,836.015378
-7.85,18,836.059421
-8.8,18,836.130141
-8.45,18,836.212309
-8.35,18,836.271785
12.6,18,836.319304
-7.65,18,836.369064
-8.5,18,836.416816
13.75,18,836.481464
11.9,18,836.541135
-8.3,18,836.601256
-7.85,18,836.828532
12.5,18,836.876058
1.85,18,836.932437
3.2,18,836.9879
-8.8,18,837.051992
-8.65,18,837.137931
17.15,18,837.185942
-7.85,18,837.233605
-8.2,18,837.282365
-8.05,18,837.330531
-7.05,18,837.394898
1.9,18,837.442517
-8.9,18,837.498307
14.05,18,837.562549
-7.9,18,837.787161
14.05,18,837.849658
12.65,18,837.88954
-7.85,18,837.937158
-7.2,18,837.980559
-8.4,18,838.052998
11.6,18,838.100043
-8.65,18,838.140574
-7.8,18,838.207752
-8.35,18,838.255515
11.85,18,838.319643
12.2,18,838.367382
-9.25,18,838.416074
-7.6,18,838.463648
-8.75,18,838.522223
-7.75,18,838.762353
-9.05,18,838.809662
2.75,18,838.870149
-6.95,18,838.956897
-8.6,18,839.005501
-8.65,18,839.085415
-8.35,18,839.133188
-7.2,18,839.187026
-9.4,18,839.229134
-7.75,18,839.294
-6.5,18,839.343191
-7.0,18,839.381628
12.95,18,839.441345
-7.7,18,839.4733
13.1,18,839.706649
-8.5,18,839.756466
-8.8,18,839.788262
-8.1,18,839.859477
-7.6,18,839.892015
-8.55,18,839.940341
-8.35,18,839.988547
13.8,18,840.065855
-8.75,18,840.113724
-6.25,18,840.161448
-6.55,18,840.217523
3.55,18,840.307719
-8.45,18,840.340315
-8.0,18,840.403854
-7.65,18,840.63269
-9.35,18,840.665113
-8.95,18,840.712672
-8.85,18,840.761698
14.95,18,840.80927
-7.05,18,840.867807
14.25,18,840.907638
-8.6,18,840.974599
11.95,18,841.020275
-8.5,18,841.086014
12.9,18,841.142144
-9.05,18,841.205107
-7.7,18,841.252456
3.75,18,841.306179
-8.1,18,841.561632
-6.9,18,841.609791
-9.25,18,841.667614
12.45,18,841.714339
2.95,18,841.758312
-8.55,18,841.80596
-8.6,18,841.857167
-9.35,18,841.88703
-7.45,18,841.950853
-8.3,18,842.000733
-8.3,18,842.04831
-7.85,18,842.107559
-8.8,18,842.154881
2.5,18,842.218772
-8.0,18,842.447183
-7.85,18,842.506876
-7.65,18,842.548021
3.55,18,842.595508
-6.75,18,842.647
-8.15,18,842.686844
-8.2,18,842.743352
-7.95,18,842.783294
12.4,18,842.830652
-8.15,18,842.881616
-7.8,18,842.929153
-9.45,18,842.988709
13.9,18,843.036773
-9.0,18,843.097489
-7.95,18,843.161021
-8.0,18,843.385065
-9.35,18,843.433953
-7.55,18,843.46585
-7.15,18,843.523345
-5.7,18,843.571863
-8.95,18,843.628264
-7.35,18,843.668521
-7.4,18,843.700228
-8.3,18,843.775998
-8.2,18,843.823672
-7.65,18,843.879442
13.3,18,843.918947
-8.7,18,843.966946
12.3,18,844.010297
-7.85,18,844.266241
1.95,18,844.329423
11.75,18,844.378651
-8.15,18,844.443508
-9.15,18,844.475339
-8.55,18,844.576362
13.9,18,844.71564
-8.9,18,844.747288
-8.3,18,844.806573
13.0,18,844.854438
-7.5,18,844.905608
-7.55,18,844.95087
-9.6,18,845.007112
-8.65,18,845.058916
-7.05,18,845.316929
2.75,18,845.367968
-8.8,18,845.407866
-8.45,18,845.455187
-9.15,18,845.504502
-9.55,18,845.536207
-7.85,18,845.600397
13.9,18,845.648125
-7.4,18,845.712366
3.6,18,845.744282
-8.45,18,845.810073
-8.0,18,845.855474
13.85,18,845.903772
-8.65,18,845.95289
13.85,18,846.266799
-8.15,18,846.3049
12.0,18,846.365983
5.0,18,846.395563
-8.6,18,846.442937
-8.55,18,846.501082
-8.5,18,846.548474
13.65,18,846.597655
-8.9,18,846.645478
-8.7,18,846.703154
-7.65,18,846.743087
-9.25,18,846.806777
11.9,18,846.850976
12.2,18,846.906419
-8.15,18,846.94798
14.65,18,847.207723
12.8,18,847.26681
13.5,18,847.306742
-8.95,18,847.368576
-7.65,18,847.413765
-7.8,18,847.461621
-8.55,18,847.51056
-8.6,18,847.542367
-7.0,18,847.609409
-8.0,18,847.640372
-9.1,18,847.707301
14.75,18,847.747311
-9.35,18,847.795498
13.7,18,847.840225
13.25,18,848.124162
14.25,18,848.177525
-7.95,18,848.238816
-8.35,18,848.296813
14.05,18,848.35812
12.7,18,848.408484
1.85,18,848.506051
12.5,18,848.589143
-8.8,18,848.647411
12.9,18,848.696654
13.35,18,848.757579
-8.85,18,848.811091
-8.75,18,848.870538
-7.95,18,848.919078
-8.6,18,849.204717
-7.85,18,849.254146
-8.95,18,849.302441
-8.35,18,849.352383
13.95,18,849.401712
-9.25,18,849.450663
-7.95,18,849.49264
-8.45,18,849.557518
13.5,18,849.615402
12.25,18,849.673131
13.35,18,849.725019
-8.45,18,849.779175
-7.1,18,849.867701
13.35,18,849.928701
-8.45,18,850.334148
-8.7,18,850.389519
-8.5,18,850.447081
-7.2,18,850.499744
12.75,18,850.57963
12.3,18,850.628457
-7.25,18,850.743062
-5.45,18,850.830031
-7.85,18,850.895175
-8.85,18,850.935686
-8.55,18,850.991905
-6.35,18,851.04319
-7.15,18,851.089463
-8.65,18,851.152232
13.5,18,851.459774
-6.85,18,851.494717
-8.15,18,851.555393
-9.0,18,851.603543
-8.35,18,851.635572
-8.6,18,851.700657
-8.45,18,851.732382
11.95,18,851.797614
-8.1,18,851.830214
-8.6,18,851.877702
-7.95,18,851.921128
-9.1,18,851.96897
1.7,18,852.025016
12.05,18,852.065466
-9.1,18,852.135162
-6.6,18,852.367231
13.8,18,852.398934
1.9,18,852.446343
-8.3,18,852.525462
13.3,18,852.582417
-9.05,18,852.622368
12.2,18,852.670023
2.25,18,852.718368
12.75,18,852.766213
13.8,18,852.815264
-7.6,18,852.862824
-7.65,18,852.929102
-9.85,18,852.972504
-7.55,18,853.031875
1.85,18,853.288428
2.85,18,853.328315
12.15,18,853.387545
-8.6,18,853.435529
15.3,18,853.488525
-8.5,18,853.528507
14.1,18,853.595771
13.2,18,853.625011
-9.15,18,853.672438
-8.2,18,854.494278
16.2,18,854.538347
13.85,18,854.59523
-8.6,18,854.638585
-9.2,18,854.706007
-9.05,18,854.936761
13.45,18,854.969358
-7.4,18,855.017142
-9.0,18,855.060141
-8.8,18,855.13943
-6.7,18,855.198852
2.05,18,855.246602
14.1,18,855.302654
-7.35,18,855.339628
13.45,18,855.393649
14.75,18,855.425256
3.3,18,855.492438
-8.9,18,855.522109
-6.35,18,855.56954
-8.65,18,855.97089
-8.15,18,856.003198
-7.75,18,856.0514
-7.8,18,856.112341
11.6,18,856.159837
1.8,18,856.208964
13.7,18,856.256804
-8.7,18,856.310586
12.45,18,856.352398
-7.45,18,856.399512
1.65,18,856.447931
12.15,18,856.479607
13.8,18,856.546965
-8.45,18,856.590427
-8.7,18,856.653186
-9.15,18,856.872005
11.6,18,856.919576
-6.55,18,856.971039
-8.4,18,857.016244
-8.45,18,857.063896
-8.4,18,857.114513
13.85,18,857.16249
-6.35,18,857.226489
-9.2,18,857.2584
-8.6,18,857.322455
-8.45,18,857.370392
-8.35,18,857.430465
1.8,18,857.482082
13.6,18,857.542244
13.4,18,857.771024
12.25,18,857.814895
2.35,18,857.862561
-9.25,18,857.906198
14.3,18,857.964654
-8.9,18,858.034524
-7.45,18,858.082081
-8.7,18,858.132606
-7.8,18,858.196342
13.25,18,858.239192
11.9,18,858.307389
13.1,18,858.361224
-8.7,18,858.408711
-8.75,18,858.462705
-8.4,18,858.743773
-8.55,18,858.79997
-8.65,18,858.847789
2.8,18,858.904317
-6.6,18,858.944402
-8.6,18,859.010759
2.55,18,859.059542
-8.65,18,859.152421
-8.55,18,859.20339
13.25,18,859.252732
-5.9,18,859.301467
-8.5,18,859.384578
-8.25,18,859.455189
-7.55,18,859.5007
15.2,18,859.788507
-6.45,18,859.832749
12.15,18,859.886014
12.65,18,859.934263
-8.75,18,859.977087
-7.05,18,860.027004
-6.75,18,860.067622
11.65,18,860.130334
-7.0,18,860.176905
-9.05,18,860.23894
-7.45,18,860.279902
4.75,18,860.33537
2.05,18,860.38396
-7.05,18,860.429637
-8.95,18,860.682388
-9.15,18,860.754204
-8.2,18,860.808982
-7.7,18,860.855727
-8.95,18,860.898262
2.55,18,860.947596
-7.7,18,861.006699
-6.65,18,861.05636
-7.8,18,861.1036
-7.8,18,861.197347
-7.8,18,861.267733
15.3,18,861.329724
1.95,18,861.389001
-8.6,18,861.433286
2.05,18,861.498496
-8.15,18,861.768301
-8.05,18,861.818787
-8.65,18,861.864594
-9.4,18,861.909825
4.6,18,861.956052
-8.9,18,862.013752
-8.4,18,862.063333
-8.4,18,862.146508
-8.5,18,862.217908
-6.9,18,862.278195
-8.1,18,862.322048
-8.3,18,862.375233
-8.3,18,862.428123
-8.4,18,862.490045
-8.75,18,862.717999
-8.9,18,862.762297
-8.05,18,862.812858
-8.1,18,862.8615
13.55,18,862.906715
-8.5,18,862.956149
-6.65,18,863.009849
-8.15,18,863.060978
-9.7,18,863.11572
-9.25,18,863.187029
-7.45,18,863.241273
11.75,18,863.308131
-8.8,18,863.35546
-8.6,18,863.408815
-7.4,18,863.669424
-8.85,18,863.723493
-6.5,18,863.766599
12.65,18,863.809365
2.45,18,863.856762
-8.6,18,863.899592
-8.15,18,863.94711
3.85,18,863.999659
13.2,18,864.067075
2.55,18,864.10745
-8.95,18,864.15512
-8.25,18,864.221009
15.55,18,864.29044
-8.45,18,864.337705
-7.3,18,864.558038
12.95,18,864.61008
-7.5,18,864.654963
-8.45,18,864.694668
-7.65,18,864.747959
12.8,18,864.840579
-7.75,18,864.879311
-7.15,18,864.929809
-8.55,18,864.976064
-6.4,18,865.028107
-8.7,18,865.084699
1.75,18,865.143617
12.95,18,865.20975
-5.35,18,865.24926
-9.1,18,865.299103
12.05,18,865.529024
-8.3,18,865.570535
-7.2,18,865.628668
-6.15,18,865.669971
13.45,18,865.719937
-8.1,18,865.76147
-9.0,18,865.810811
-7.85,18,865.861191
1.6,18,865.903082
13.05,18,865.957832
13.9,18,865.998668
-8.7,18,866.05495
13.95,18,866.099445
11.5,18,866.164402
-7.4,18,866.409645
1.85,18,866.456489
-8.25,18,866.516861
-6.6,18,866.566906
13.5,18,866.629064
-8.65,18,866.678345
-6.9,18,866.732218
-5.75,18,866.78833
13.15,18,866.854727
-8.6,18,866.903386
13.9,18,866.981857
-8.9,18,867.036774
13.0,18,867.336246
-8.55,18,867.392152
14.05,18,867.892747
13.6,18,867.958571
11.8,18,868.016155
13.35,18,868.090377
-7.7,18,868.14783
-8.75,18,868.275988
-7.9,18,868.412234
-8.7,18,868.502568
-8.15,18,868.584327
-8.7,18,868.675498
1.85,18,868.803986
-9.05,18,868.902754
13.3,18,868.993445
-7.8,18,869.076837
13.5,18,869.619245
-8.7,18,869.680493
13.0,18,869.729703
14.55,18,869.779896
13.35,18,869.829755
-6.6,18,869.8884
-8.0,18,869.931573
-6.5,18,869.979768
-8.1,18,870.02945
13.25,18,870.087161
14.0,18,870.137241
-9.25,18,870.19533
-9.2,18,870.253864
-9.15,18,870.336492
12.5,18,870.673307
4.1,18,870.725274
13.5,18,870.772177
15.15,18,870.822005
-8.4,18,870.862991
12.65,18,870.924218
-7.75,18,871.031077
13.4,18,871.102862
-6.95,18,871.202469
-8.6,18,871.291758
1.8,18,871.361358
-8.1,18,871.415887
-7.05,18,871.473088
13.05,18,871.546458
12.75,18,871.620025
1.95,18,871.948589
-7.9,18,871.998073
-7.8,18,872.055712
-8.5,18,872.10309
-7.5,18,872.162815
-7.8,18,872.253801
-5.15,18,872.311646
-7.85,18,872.414466
12.75,18,872.501568
-8.2,18,872.584973
13.2,18,872.650578
-9.4,18,872.72494
-8.9,18,872.815516
3.15,18,872.914371
-8.15,18,873.29257
-7.35,18,873.359077
12.85,18,873.433358
-8.7,18,873.484828
-8.5,18,873.537432
-7.3,18,873.586488
-7.2,18,873.653875
1.55,18,873.70237
-5.85,18,873.757007
-7.55,18,873.806783
-9.35,18,873.86073
-9.1,18,873.916476
-9.35,18,873.957314
-9.1,18,874.016066
-8.65,18,874.27283
13.5,18,874.331785
-8.85,18,874.375951
-5.5,18,874.428154
-6.55,18,874.46869
-8.6,18,874.52652
13.5,18,874.570245
-8.9,18,874.625887
-7.6,18,874.682235
-7.15,18,874.736466
-8.9,18,874.799464
3.6,18,874.833879
-7.4,18,874.894481
-7.3,18,874.940772
-9.15,18,875.223749
-7.4,18,875.272457
-6.3,18,875.326821
-5.85,18,876.401247
11.8,18,876.470509
-9.05,18,876.550945
-7.35,18,876.611867
3.2,18,876.661262
-8.3,18,876.714343
12.8,18,876.769452
-6.85,18,876.819272
-8.55,18,876.89466
-7.1,18,876.947614
-8.25,18,877.006768
-8.5,18,877.087509
-7.1,18,877.335876
-7.75,18,877.388528
-7.7,18,877.43685
-7.85,18,877.485688
-7.3,18,877.609035
-7.65,18,877.714755
-7.45,18,877.770993
12.3,18,877.824627
-9.35,18,877.86557
-9.3,18,877.913708
12.75,18,877.974744
-8.3,18,878.023415
-8.5,18,878.068688
-7.4,18,878.102082
-8.95,18,878.340718
-8.0,18,878.393672
13.45,18,878.437431
14.1,18,878.479494
12.7,18,878.523468
-9.05,18,878.56405
-7.55,18,878.62024
11.95,18,878.668511
-6.65,18,878.720385
13.7,18,878.769851
12.45,18,878.805352
-8.55,18,878.866607
12.9,18,878.898361
12.15,18,878.96325
-8.2,18,879.18075
-8.05,18,879.229204
13.6,18,879.277082
-8.35,18,879.325921
16.1,18,879.373572
3.85,18,879.437148
-8.35,18,879.471706
-8.75,18,879.529005
-8.0,18,879.575847
3.25,18,879.623473
-8.6,18,879.661739
-8.6,18,879.709388
-8.05,18,879.769066
-8.25,18,879.801546
-7.95,18,880.034348
4.7,18,880.099844
-7.7,18,880.138587
-7.95,18,880.202162
12.5,18,880.248177
-8.15,18,880.308079
-8.0,18,880.356762
14.1,18,880.388851
-9.25,18,880.460281
-7.3,18,880.498226
-7.75,18,880.555271
-7.05,18,880.596026
-8.35,18,880.643961
13.6,18,880.695016
-7.8,18,880.910132
-7.45,18,880.950231
-8.65,18,881.007323
13.1,18,881.055135
-9.15,18,881.111626
1.4,18,881.159942
4.7,18,881.191854
13.05,18,881.249273
-7.2,18,881.296978
12.6,18,881.356575
-7.85,18,881.38906
-6.6,18,881.44584
12.6,18,881.498266
-9.15,18,881.538952
-8.8,18,881.605429
-7.05,18,881.827606
12.65,18,881.876098
13.2,18,881.928497
1.5,18,881.968737
-7.45,18,882.016932
12.95,18,882.053849
-9.4,18,882.102607
12.05,18,882.158704
3.85,18,882.202691
-9.15,18,882.25319
-6.0,18,882.297435
13.9,18,882.350173
-9.3,18,882.416199
2.0,18,882.482087
2.8,18,882.750248
-8.55,18,882.785116
-8.5,18,882.841176
-8.7,18,882.889856
-8.9,18,882.93894
-9.4,18,882.987155
13.25,18,883.025287
1.75,18,883.081891
-6.65,18,883.123948
-8.2,18,883.198796
3.95,18,883.231163
13.1,18,883.28068
-8.5,18,883.34025
-8.9,18,883.380347
-7.45,18,883.623394
-7.1,18,883.671561
12.05,18,883.713794
13.1,18,883.772996
-7.9,18,883.813979
-7.9,18,883.861732
-8.25,18,883.918289
-7.95,18,883.95049
11.65,18,884.015451
-7.45,18,884.047719
11.85,18,884.107871
-8.8,18,884.140797
-8.7,18,884.188626
-8.8,18,884.245938
-5.6,18,884.499455
-8.4,18,884.550326
-9.1,18,884.580669
2.45,18,884.628579
-9.05,18,884.704102
13.15,18,884.750775
-9.4,18,884.812286
-9.15,18,884.847731
-8.65,18,884.90767
-7.2,18,884.952537
-8.0,18,884.992597
-6.95,18,885.041668
12.2,18,885.081756
-8.55,18,885.130321
13.3,18,885.181492
13.4,18,885.493985
-8.95,18,885.526195
-8.7,18,885.582304
-8.95,18,885.624131
-9.35,18,885.673557
-8.1,18,885.714986
-7.25,18,885.756025
-8.4,18,885.798555
-6.25,18,885.8417
12.2,18,885.885242
-9.05,18,885.941915
12.5,18,885.973805
-8.3,18,886.033266
-6.3,18,886.081105
-6.35,18,886.318195
13.05,18,886.382159
2.5,18,886.414125
-9.55,18,886.486871
12.75,18,886.521191
-6.5,18,886.596309
2.75,18,886.637282
14.85,18,886.706956
-8.55,18,886.751657
-8.9,18,886.828525
13.8,18,886.874483
12.75,18,886.94006
-8.25,18,886.997894
-7.3,18,887.04882
-7.45,18,887.286245
13.1,18,887.330692
-9.3,18,887.396761
-9.65,18,887.454267
12.3,18,887.503528
-9.2,18,887.55107
-8.7,18,887.599973
-7.5,18,887.657257
1.75,18,887.81954
-8.55,18,887.887859
-7.85,18,887.948454
-7.4,18,887.990668
-6.65,18,888.038172
11.9,18,888.097651
-7.6,18,888.347227
-7.1,18,888.418765
-7.7,18,888.467389
4.5,18,888.542256
12.4,18,888.589664
12.0,18,888.641127
-8.85,18,888.686628
-8.05,18,888.737472
-8.55,18,888.77842
12.3,18,888.825939
-8.45,18,888.886433
-7.7,18,888.957681
-8.85,18,888.994476
-6.75,18,889.041969
-9.6,18,889.317829
13.2,18,889.375575
-7.65,18,889.434211
13.1,18,889.47832
-8.5,18,889.537963
12.05,18,889.570103
2.65,18,889.637192
-7.75,18,889.677209
4.7,18,889.738004
-8.95,18,889.785989
3.65,18,889.840747
13.7,18,889.884419
-9.15,18,889.943557
-7.4,18,889.991906
-7.05,18,890.040596
-8.5,18,890.260412
13.0,18,890.319907
2.5,18,890.364056
12.95,18,890.438578
-7.65,18,890.48895
-7.55,18,890.55351
-8.55,18,890.593312
-7.65,18,890.678234
-8.0,18,890.769675
14.05,18,890.811029
-8.75,18,890.857143
12.8,18,890.906798
2.65,18,890.940048
14.2,18,890.997183
-6.4,18,891.194337
13.2,18,891.244324
-8.35,18,891.278265
3.3,18,891.335896
-9.35,18,891.36932
-7.6,18,891.434886
-7.35,18,891.484854
2.0,18,891.558397
-9.35,18,891.604357
-8.85,18,891.63525
-6.85,18,891.689075
14.35,18,891.720928
-8.5,18,891.779914
-7.45,18,891.828357
-6.45,18,892.039705
-6.55,18,892.098342
-7.9,18,892.147481
-8.85,18,892.194927
12.75,18,892.246392
-7.75,18,892.285538
-8.3,18,892.357692
-6.8,18,892.47826
-8.8,18,892.58349
3.1,18,892.676368
-9.05,18,892.725789
15.0,18,892.791288
-8.65,18,892.853561
13.85,18,892.90636
-8.35,18,893.161848
-7.8,18,893.203733
-7.05,18,893.251375
14.4,18,893.293355
-9.05,18,893.344752
-8.35,18,893.398597
13.45,18,893.440318
11.95,18,893.495469
-8.0,18,893.530306
-7.25,18,893.58465
-7.75,18,893.627837
12.55,18,893.667711
-6.65,18,893.727617
13.25,18,893.782404
12.9,18,893.829498
-7.4,18,894.070959
4.8,18,894.117678
-8.65,18,894.163492
-7.7,18,894.205197
-8.6,18,894.257172
13.85,18,894.304862
-8.7,18,894.37806
-8.55,18,894.458175
-6.3,18,894.510095
-9.1,18,894.551467
-8.3,18,895.343369
-7.05,18,895.390811
13.0,18,895.425792
12.75,18,895.495132
3.05,18,895.703209
-8.8,18,895.749043
13.9,18,895.786124
13.5,18,895.833284
-7.9,18,895.870297
12.2,18,895.918487
-7.45,18,895.973657
-6.35,18,896.016695
3.05,18,896.063854
-9.6,18,896.105023
-7.8,18,896.148895
2.9,18,896.196155
12.7,18,896.233868
-6.4,18,896.282494
-7.35,18,896.536601
-7.75,18,896.577975
-7.55,18,896.646718
-7.6,18,896.689553
2.85,18,896.744276
-8.05,18,896.784929
-7.7,18,896.834876
-8.2,18,896.888641
-7.55,18,896.937983
-8.85,18,896.986432
-9.3,18,897.028779
11.4,18,897.08336
-6.45,18,897.13095
-7.15,18,897.181641
-7.7,18,897.411155
-8.6,18,897.472394
11.7,18,897.559742
-7.9,18,897.608046
-5.6,18,897.657728
-8.2,18,897.706209
-8.85,18,897.777335
1.4,18,897.817502
-8.7,18,897.958696
14.95,18,898.034112
1.55,18,898.080179
-9.0,18,898.138407
-7.3,18,898.178571
-7.4,18,898.245391
-6.8,18,898.571233
11.95,18,898.632278
-9.45,18,898.673334
3.45,18,898.720789
12.7,18,898.771646
-8.1,18,898.803362
12.75,18,898.865607
-8.35,18,898.911937
5.4,18,898.971834
13.95,18,899.017086
-8.5,18,899.067631
12.25,18,899.109882
-7.55,18,899.15639
3.55,18,899.205459
-9.2,18,899.253086
15.1,18,899.504223
-8.2,18,899.55253
-6.95,18,899.584242
11.8,18,899.649082
-8.95,18,899.696831
-8.75,18,899.78776
3.55,18,899.838085
-7.7,18,899.883923
-7.6,18,899.928138
-8.85,18,900.005874
14.3,18,900.055342
11.8,18,900.115921
12.3,18,900.173604
-8.4,18,900.226774
-7.3,18,900.539125
-8.5,18,900.577205
-8.5,18,900.63467
5.35,18,900.676101
-8.55,18,900.716934
14.0,18,900.773049
-8.8,18,900.815159
-7.55,18,900.874431
-8.85,18,900.914729
15.05,18,900.967008
13.65,18,900.999573
-9.2,18,901.064448
-8.35,18,901.108695
-9.45,18,901.166157
-8.15,18,901.385874
-9.45,18,901.429616
-9.0,18,901.477277
-7.5,18,901.542439
-5.15,18,901.589059
-8.5,18,901.647378
14.4,18,901.688667
-5.75,18,901.742524
-6.4,18,901.78586
-9.1,18,901.833963
1.85,18,901.886408
12.35,18,901.918689
-6.2,18,901.983351
3.65,18,902.016043
-6.9,18,902.233921
13.9,18,902.281688
-9.35,18,902.336735
2.7,18,902.37903
-8.85,18,902.429786
-8.5,18,902.470468
13.65,18,902.530486
12.95,18,902.575426
-9.25,18,902.623174
-9.1,18,902.680047
-8.6,18,902.74071
-8.55,18,902.789319
13.3,18,902.823424
1.7,18,902.879893
-8.95,18,902.912582
-8.5,18,903.181945
-8.25,18,903.221243
-8.55,18,903.269099
2.15,18,903.317821
-8.0,18,903.368394
-8.3,18,903.41537
2.2,18,903.465855
-6.75,18,903.505763
12.85,18,903.57062
-7.6,18,903.603186
-8.8,18,903.670044
-8.9,18,903.715791
11.75,18,903.772087
-8.3,18,903.823197
13.0,18,904.144581
14.2,18,904.176321
12.55,18,904.237601
15.5,18,904.289376
13.4,18,904.366723
-8.9,18,904.414661
-8.6,18,904.474035
-8.6,18,904.537575
13.0,18,904.581118
12.3,18,904.644308
-7.35,18,904.693183
14.8,18,904.724916
-8.85,18,904.791133
-7.95,18,904.822834
-8.05,18,905.067313
2.1,18,905.131654
14.0,18,905.179435
13.4,18,905.235437
13.9,18,905.275694
-7.9,18,905.342842
-8.05,18,905.384473
-7.7,18,905.432046
12.0,18,905.481355
11.55,18,905.544453
-8.3,18,905.604965
-7.25,18,905.663211
-8.45,18,905.732648
-8.45,18,905.803283
-8.2,18,906.021443
-9.05,18,906.068727
-8.1,18,906.119315
-9.0,18,906.16248
4.2,18,906.194205
-7.8,18,906.251116
-8.6,18,906.29872
13.95,18,906.360459
-8.55,18,906.395066
-9.3,18,906.465454
13.8,18,906.518036
-9.35,18,906.601264
11.85,18,906.653112
-9.15,18,906.718351
-8.3,18,906.94772
-7.55,18,906.995494
-8.45,18,907.04521
12.8,18,907.077219
13.8,18,907.135914
-8.35,18,907.184536
13.9,18,907.256177
-8.2,18,907.295722
3.55,18,907.354639
-8.1,18,907.40155
12.1,18,907.433406
-8.15,18,907.48822
-9.35,18,907.539206
12.7,18,907.61666
-6.55,18,907.664431
-7.65,18,907.900537
14.05,18,907.94994
13.4,18,907.981686
14.05,18,908.045464
13.4,18,908.07751
-8.3,18,908.139958
-8.9,18,908.188807
2.3,18,908.30027
-8.35,18,908.404932
-8.9,18,908.465526
-6.5,18,908.529106
15.6,18,908.594729
-6.45,18,908.675765
1.65,18,908.721358
-9.35,18,908.938993
-8.7,18,908.986825
-9.1,18,909.034967
12.9,18,909.082449
-8.2,18,909.131402
-8.65,18,909.163228
-8.9,18,909.237466
-8.05,18,909.277383
1.55,18,909.331215
-7.3,18,909.368308
12.65,18,909.399992
-8.65,18,909.472238
13.9,18,909.532898
-7.9,18,909.584968
-7.75,18,909.808611
-8.5,18,909.840689
2.75,18,909.907893
-7.95,18,909.948567
-7.85,18,910.002337
-8.1,18,910.041093
13.2,18,910.072733
-9.05,18,910.137602
1.7,18,910.16941
16.5,18,910.227338
-9.2,18,910.267661
-8.2,18,910.299287
-6.8,18,910.358484
13.9,18,910.390365
-7.25,18,910.649056
-7.6,18,910.700153
12.1,18,910.731834
-7.95,18,910.796808
3.1,18,910.840377
2.6,18,910.895249
-7.55,18,910.940217
-8.45,18,910.998624
-9.25,18,911.045738
12.8,18,911.090472
-6.35,18,911.14481
-8.7,18,911.179339
1.85,18,911.244816
-7.55,18,911.293463
-8.2,18,911.343938
-8.7,18,911.662389
-9.45,18,911.729836
12.9,18,911.774154
-7.75,18,911.831025
2.05,18,911.870773
12.9,18,911.937486
-9.5,18,911.980472
-8.5,18,912.030917
-8.4,18,912.076721
-8.35,18,912.117356
14.25,18,912.170402
-8.05,18,912.210557
-7.05,18,912.263036
-8.15,18,912.313152
-8.85,18,912.566131
-9.0,18,912.631005
-8.35,18,912.663665
-8.8,18,912.723617
-8.85,18,912.76403
-7.0,18,912.81153
-7.3,18,912.855344
-8.7,18,912.903465
-8.85,18,912.957869
-8.2,18,912.985438
-9.2,18,913.049187
-6.4,18,913.081274
14.95,18,913.132927
-8.25,18,913.186393
-8.25,18,913.404512
-8.95,18,913.452765
-8.95,18,913.505691
15.4,18,913.551052
-6.65,18,914.341321
-9.1,18,914.408156
-8.9,18,914.451211
-9.25,18,914.535887
13.05,18,914.573623
-6.45,18,914.621852
-7.25,18,914.678986
-9.0,18,914.710904
-9.15,18,914.770506
-6.6,18,914.811068
-9.55,18,915.02791
-8.65,18,915.05972
12.6,18,915.119415
-8.75,18,915.173325
12.7,18,915.215161
12.75,18,915.247501
-7.95,18,915.312464
11.7,18,915.345846
-7.3,18,915.393431
15.55,18,915.44521
-9.0,18,915.486202
-5.35,18,915.554345
-8.05,18,915.594428
-8.15,18,915.64187
-8.4,18,915.883577
13.35,18,915.916348
2.65,18,915.964972
3.3,18,916.016441
-9.45,18,916.056344
-8.3,18,916.096557
13.65,18,916.145466
-8.7,18,916.201493
-7.85,18,916.244283
-8.25,18,916.293545
-8.6,18,916.349289
-8.4,18,916.380182
-9.2,18,916.427845
13.35,18,916.476431
-8.4,18,916.533787
12.95,18,916.809946
13.65,18,916.843555
14.65,18,916.90519
-8.65,18,916.941449
12.75,18,916.997219
-8.8,18,917.038844
16.5,18,917.076678
-7.75,18,917.135216
14.2,18,917.171063
12.5,18,917.227206
-8.65,18,917.27511
11.85,18,917.315409
-7.9,18,917.363982
-8.65,18,917.413984
-7.7,18,917.938288
-8.35,18,918.004339
-8.85,18,918.045833
1.35,18,918.091183
-6.65,18,918.139256
12.35,18,918.200256
-8.75,18,918.263671
13.85,18,918.309288
-7.85,18,918.357219
14.05,18,918.408273
-7.75,18,918.434294
-7.45,18,918.507799
1.7,18,918.598366
-8.6,18,918.665515
-7.35,18,918.878908
-8.0,18,918.919012
-7.6,18,918.983376
-8.35,18,919.018828
-8.05,18,919.059155
-8.15,18,919.11897
13.3,18,919.150643
-8.8,18,919.2079
-9.4,18,919.249071
13.45,18,919.306476
-6.6,18,919.362463
13.65,18,919.410248
-8.9,18,919.453343
13.85,18,919.486098
-7.4,18,919.737777
-7.4,18,919.794783
12.0,18,919.842295
-7.95,18,919.880991
14.85,18,919.939173
12.0,18,919.99399
-5.7,18,920.037706
1.95,18,920.102554
-8.6,18,920.143565
-7.05,18,920.191624
-7.6,18,920.232414
11.85,18,920.279441
14.75,18,920.3312
-9.45,18,920.371238
-8.05,18,920.413825
15.15,18,920.814914
-8.4,18,920.876104
14.7,18,920.921468
-9.05,18,920.963199
-7.95,18,921.014234
-7.9,18,921.054899
-8.6,18,921.118356
-8.95,18,921.172415
13.3,18,921.240046
-8.6,18,921.281426
-9.25,18,921.334722
-7.95,18,921.369573
-9.0,18,921.42624
16.1,18,921.466619
5.6,18,921.765211
-9.3,18,921.811508
-8.8,18,921.848238
-8.45,18,921.906534
12.35,18,921.953155
-8.75,18,922.00362
-6.1,18,922.043938
-8.5,18,922.10795
1.4,18,922.15792
-9.05,18,922.235245
-9.05,18,922.284196
2.1,18,922.334715
-8.4,18,922.400207
1.6,18,922.464278
-8.65,18,922.73843
14.65,18,922.789214
-7.35,18,922.835372
12.35,18,922.886331
-8.85,18,922.924718
-8.85,18,922.980638
13.4,18,923.040141
-7.25,18,923.086442
14.0,18,923.129346
-8.05,18,923.185434
-7.8,18,923.254034
-9.25,18,923.304059
14.0,18,923.358677
13.5,18,923.402746
-7.8,18,923.705237
-8.05,18,923.745953
-8.55,18,923.795421
2.55,18,923.844406
-8.45,18,923.902653
12.3,18,923.946888
-8.5,18,923.997374
-8.55,18,924.04984
12.65,18,924.098263
-8.75,18,924.154348
-9.4,18,924.20871
-8.4,18,924.255872
-7.8,18,924.308485
-9.35,18,924.365028
-8.45,18,924.613504
2.55,18,924.657785
-8.25,18,924.715897
14.15,18,924.761824
-8.9,18,924.831478
2.0,18,924.880046
1.9,18,924.937583
12.6,18,924.984205
-6.45,18,925.038812
-9.1,18,925.102672
-7.7,18,925.163072
-6.7,18,925.209762
3.65,18,925.249647
-7.95,18,925.310407
14.5,18,925.361568
-8.45,18,925.614969
13.0,18,925.664405
15.15,18,925.722574
-8.5,18,925.772861
-7.85,18,925.833645
-6.65,18,925.879897
-8.55,18,925.934515
3.9,18,925.97963
-8.6,18,926.012789
-4.65,18,926.069954
-8.35,18,926.11034
-8.05,18,926.175878
-8.8,18,926.225337
2.55,18,926.282249
-8.05,18,926.525197
-9.15,18,926.587495
-7.05,18,926.654125
1.5,18,926.698804
-8.95,18,926.763395
-8.45,18,926.807471
2.8,18,926.861095
-8.3,18,926.904051
11.95,18,926.951333
-8.15,18,927.011822
-9.2,18,927.059832
-8.05,18,927.11866
12.8,18,927.168164
-8.9,18,927.212418
-7.15,18,927.433523
-8.9,18,927.484544
-6.55,18,927.548473
-7.95,18,927.604376
12.8,18,927.64944
-9.5,18,927.698435
14.0,18,927.747505
2.7,18,927.801263
3.1,18,927.844533
-8.25,18,927.912519
-7.75,18,928.099721
-7.8,18,928.168734
-8.55,18,928.219122
-9.1,18,928.283956
-8.3,18,928.539921
-9.05,18,928.624889
-7.7,18,928.67117
-9.3,18,928.721814
-7.3,18,928.772529
-7.35,18,928.835431
13.2,18,928.912214
-9.05,18,928.981242
14.25,18,929.032537
-9.15,18,929.079481
12.45,18,929.11346
-9.4,18,929.181811
-8.95,18,929.22979
2.55,18,929.281867
-8.7,18,929.330436
2.85,18,929.701297
-8.3,18,929.754721
2.25,18,929.838919
-8.8,18,929.905276
12.1,18,929.956167
-8.0,18,930.003287
-7.5,18,930.050603
18.05,18,930.107259
-9.65,18,930.146458
3.0,18,930.2011
-7.25,18,930.245898
-8.9,18,930.294372
-9.0,18,930.328912
-8.15,18,930.376994
13.95,18,930.61304
-8.55,18,930.68067
4.9,18,930.712477
-8.8,18,930.778687
13.0,18,930.819538
-8.75,18,930.875092
-8.35,18,930.912004
-9.05,18,930.960486
-8.65,18,931.005419
-8.25,18,931.053893
-8.9,18,931.105967
-7.9,18,931.146786
-8.05,18,931.212679
-7.8,18,931.258362
-6.45,18,931.485174
15.2,18,931.543083
13.8,18,931.644873
12.95,18,931.697985
-8.2,18,931.741993
12.15,18,931.786911
14.5,18,931.834466
-8.0,18,931.89108
-8.9,18,931.931297
-5.55,18,931.982618
-8.95,18,932.02351
2.9,18,932.071989
14.4,18,932.127514
13.05,18,932.176138
-9.0,18,932.418114
-7.85,18,932.471637
-8.1,18,932.51944
12.3,18,932.576538
-8.6,18,932.655955
-7.7,18,932.721109
1.65,18,932.782373
-7.65,18,932.818874
13.2,18,932.874748
-8.2,18,932.937008
3.9,18,932.994864
-8.0,18,933.811901
-8.6,18,933.867855
-7.8,18,933.899571
-7.7,18,934.143362
-8.35,18,934.194651
-7.3,18,934.231497
3.6,18,934.295109
-7.8,18,934.34454
-8.45,18,934.428415
-6.95,18,934.47086
-8.95,18,934.52309
-8.35,18,934.569939
-6.9,18,934.633698
12.1,18,934.693434
-8.8,18,934.741263
2.95,18,934.80884
12.75,18,934.848876
12.85,18,934.908569
-8.35,18,935.200438
12.75,18,935.250955
-9.05,18,935.290553
14.95,18,935.348335
-8.7,18,935.390302
14.2,18,935.442752
-9.1,18,935.482599
-7.85,18,935.530415
-8.4,18,935.590372
11.8,18,935.647783
13.85,18,935.771555
-5.45,18,935.830071
-8.6,18,935.869811
1.45,18,935.928128
-8.7,18,936.15811
-7.5,18,936.203587
-6.35,18,936.250927
-6.65,18,936.299412
-9.0,18,936.34704
-8.8,18,936.396216
-8.25,18,936.451752
-8.2,18,936.502413
-9.35,18,936.542122
13.4,18,936.610975
-8.7,18,936.679143
-8.85,18,936.76068
13.4,18,936.803952
-6.7,18,936.859029
-5.35,18,937.077256
2.55,18,937.124842
-8.35,18,937.185184
12.85,18,937.222732
-8.55,18,937.28563
-8.2,18,937.325696
-8.4,18,937.382203
-8.9,18,937.416504
-9.05,18,937.464131
-8.15,18,937.532164
12.75,18,937.57018
3.65,18,937.630448
14.4,18,937.679168
3.05,18,937.727919
11.6,18,937.996087
-6.7,18,938.043653
-9.2,18,938.123938
13.4,18,938.171501
15.55,18,938.222939
13.55,18,938.28033
-8.5,18,938.325901
-8.5,18,938.377059
-6.55,18,938.43841
-8.9,18,938.486264
2.85,18,938.544684
-8.8,18,938.600564
-8.35,18,938.677268
-9.0,18,938.755946
12.4,18,938.806031
-9.0,18,939.262452
13.85,18,939.313542
12.2,18,939.368088
-8.9,18,939.404306
-7.35,18,939.451861
-8.4,18,939.508047
-8.0,18,939.548305
12.65,18,939.595997
12.9,18,939.644841
-7.95,18,939.6927
-7.25,18,939.754743
14.6,18,939.813405
1.55,18,939.870029
-6.95,18,939.919302
3.75,18,940.151284
14.35,18,940.210231
-8.7,18,940.258087
-7.65,18,940.311264
-7.95,18,940.35123
-9.25,18,940.407511
-6.7,18,940.452429
13.3,18,940.503623
12.35,18,940.556893
-7.7,18,940.598875
-8.5,18,940.657248
-7.85,18,940.700789
13.5,18,940.757093
13.3,18,940.804184
-8.75,18,941.072881
-8.1,18,941.127146
-8.1,18,941.223435
-8.4,18,941.289664
-7.3,18,941.355995
-8.95,18,941.402354
12.15,18,941.460372
14.35,18,941.509941
12.9,18,941.573784
13.75,18,941.630261
-8.75,18,941.720169
-8.4,18,941.785061
12.15,18,941.840716
-9.05,18,941.90713
-8.2,18,942.211463
-7.8,18,942.269926
-7.95,18,942.319504
13.05,18,942.381816
15.35,18,942.429979
-8.5,18,942.49347
-8.3,18,942.557877
-8.7,18,942.638331
-9.25,18,942.686416
-9.45,18,942.761694
12.25,18,942.809057
-8.6,18,942.874041
-6.45,18,942.921917
-6.35,18,942.989865
-7.45,18,943.354273
-7.5,18,943.399386
-7.95,18,943.461637
-8.65,18,943.515129
-7.9,18,943.580887
-7.0,18,943.630395
-7.7,18,943.693038
-7.55,18,943.760732
13.25,18,943.816737
-8.05,18,943.866277
-6.3,18,943.931734
-8.2,18,943.989314
-8.55,18,944.047026
14.1,18,944.088221
-7.0,18,944.156843
13.8,18,944.44255
3.9,18,944.492105
-8.55,18,944.54186
-9.0,18,944.60407
11.95,18,944.648114
12.45,18,944.728382
-9.05,18,944.778561
-7.8,18,944.842495
-8.1,18,944.893579
-6.65,18,944.965129
-9.1,18,945.016224
12.0,18,945.076242
-9.7,18,945.115868
-8.65,18,945.183069
-6.15,18,945.462583
13.75,18,945.527702
-6.4,18,945.57711
-8.7,18,945.643644
-8.7,18,945.701262
-8.75,18,945.798817
-9.1,18,945.881184
-7.9,18,945.960726
13.1,18,946.03726
-7.7,18,946.120884
15.9,18,946.176616
1.35,18,946.244482
11.95,18,946.320608
4.9,18,946.369141
-8.85,18,946.692378
13.25,18,946.762955
-8.2,18,946.815497
11.8,18,946.879525
-7.25,18,946.922647
13.2,18,946.97681
-8.15,18,947.013493
15.9,18,947.06112
-8.75,18,947.126115
14.6,18,947.157782
-8.5,18,947.216011
-6.9,18,947.256055
-9.05,18,947.314419
-7.85,18,947.346768
-8.35,18,947.591127
4.6,18,947.657147
-8.4,18,947.721357
12.35,18,947.789397
-8.8,18,947.829252
-9.0,18,947.900249
-8.55,18,947.956527
3.9,18,948.01584
-6.65,18,948.063633
-5.2,18,948.114686
-9.15,18,948.152618
-7.65,18,948.200137
-9.2,18,948.249305
-8.1,18,948.297065
11.95,18,948.366941
-6.85,18,948.605125
-9.15,18,948.65324
15.5,18,948.712691
11.9,18,948.811589
-8.5,18,948.841307
-7.6,18,948.904714
-8.0,18,948.94845
-7.95,18,948.98028
2.75,18,949.039662
-8.6,18,949.087319
-8.8,18,949.144187
-9.3,18,949.184259
-8.0,18,949.232354
-8.75,18,949.289206
14.2,18,949.661976
-6.9,18,949.709633
-6.65,18,949.76277
-7.3,18,949.816363
-9.25,18,949.869316
-6.9,18,949.900882
-8.55,18,949.975287
-7.55,18,950.003727
-8.35,18,950.052223
-6.15,18,950.102712
1.85,18,950.150338
14.0,18,950.201218
13.95,18,950.241323
-8.15,18,950.295881
14.1,18,950.52653
-6.45,18,950.571814
14.65,18,950.623025
-7.25,18,950.661263
-7.7,18,950.725362
-6.45,18,950.791443
16.45,18,950.823171
-7.9,18,950.890164
-9.45,18,950.921962
-8.05,18,950.987238
11.85,18,951.029152
-9.3,18,951.076629
4.75,18,951.126
-7.75,18,951.189686
11.5,18,951.418558
13.85,18,951.458988
-7.7,18,951.506784
-8.5,18,951.554635
11.95,18,951.602267
1.4,18,951.653742
12.35,18,951.699312
1.75,18,951.782991
12.85,18,951.83928
-8.65,18,951.891967
-9.4,18,951.932543
13.5,18,951.992767
-8.05,18,952.088499
-7.4,18,952.137817
-7.65,18,952.365072
13.4,18,952.399394
-7.8,18,952.453984
-8.25,18,952.501416
-8.8,18,952.550312
1.8,18,952.591779
-9.1,18,952.638837
-8.95,18,952.677592
-7.85,18,952.724839
13.45,18,952.795056
-7.8,18,952.849238
-7.75,18,952.90822
-8.95,18,952.955996
-7.65,18,953.00686
-7.5,18,953.043226
2.9,18,953.283444
-8.8,18,953.33596
-8.55,18,953.385671
-8.3,18,953.45431
-9.2,18,954.274468
-7.75,18,954.319272
-8.4,18,954.367014
-9.2,18,954.41492
13.25,18,954.471067
-8.55,18,954.514172
-8.85,18,954.561903
-9.3,18,954.612256
12.05,18,954.654101
13.45,18,954.709432
-8.65,18,954.97768
15.4,18,955.021023
-8.1,18,955.079162
-9.0,18,955.137043
4.5,18,955.168652
-7.55,18,955.228853
13.35,18,955.261085
-8.8,18,955.324911
-8.45,18,955.373749
-8.15,18,955.40538
2.05,18,955.469503
-8.1,18,955.517083
13.5,18,955.568573
-9.75,18,955.613855
13.7,18,955.865595
13.75,18,955.915205
12.15,18,955.963183
-8.0,18,956.016779
-7.35,18,956.061109
-8.7,18,956.115577
-6.95,18,956.152169
-7.9,18,956.200429
13.35,18,956.25897
-8.25,18,956.291589
-8.1,18,956.350565
-8.25,18,956.390555
-8.4,18,956.422832
-9.6,18,956.481863
14.25,18,956.727821
15.85,18,956.774759
-7.6,18,956.841015
2.45,18,956.888649
-8.7,18,956.948252
2.05,18,956.980352
-8.9,18,957.040959
13.1,18,957.073842
-6.5,18,957.1361
-8.6,18,957.182418
-8.5,18,957.214061
-7.1,18,957.303791
-7.8,18,957.359014
-8.7,18,957.403512
-9.0,18,957.446637
11.85,18,957.664668
2.35,18,957.721327
-8.45,18,957.761096
-6.5,18,957.824389
-8.3,18,957.867239
-9.3,18,957.922436
-6.1,18,957.974066
-9.4,18,958.022819
-7.3,18,958.081698
13.05,18,958.137349
-7.7,18,958.192421
-8.75,18,958.237294
-8.55,18,958.285346
1.7,18,958.333705
-7.6,18,958.560311
15.25,18,958.60808
-8.65,18,958.65115
13.45,18,958.698714
-8.1,18,958.760336
-7.1,18,958.824631
12.05,18,958.885563
-9.05,18,958.933544
-8.2,18,958.978436
-7.15,18,959.02583
-6.1,18,959.089152
-8.6,18,959.124018
2.95,18,959.188074
12.3,18,959.236881
14.85,18,959.461304
-8.9,18,959.493261
13.6,18,959.554145
-8.45,18,959.61599
-7.5,18,959.670752
-8.65,18,959.76002
14.25,18,959.808388
15.2,18,959.856015
-8.05,18,959.915405
12.6,18,959.946974
13.75,18,960.010575
-8.05,18,960.045074
12.65,18,960.092667
-7.55,18,960.141763
13.7,18,960.543258
13.85,18,960.59965
14.55,18,960.63692
-8.65,18,960.685242
-9.4,18,960.737738
-8.6,18,960.781896
-9.2,18,960.838981
-7.4,18,960.891252
13.35,18,960.942743
-7.3,18,960.98754
2.15,18,961.019321
13.05,18,961.07543
13.85,18,961.11573
-8.9,18,961.163768
-8.25,18,961.396906
-8.35,18,961.432719
-8.8,18,961.480203
-8.5,18,961.523585
13.05,18,961.570687
-9.15,18,961.634685
-8.8,18,961.682329
13.7,18,961.749327
-8.55,18,961.806074
-9.5,18,961.904228
-7.35,18,961.971835
-7.9,18,962.009727
12.35,18,962.067286
-8.65,18,962.1116
-7.6,18,962.174959
-8.8,18,962.426062
1.85,18,962.458292
12.9,18,962.521685
-9.0,18,962.572124
14.5,18,962.604456
3.25,18,962.664409
-8.4,18,962.713023
-5.35,18,962.786162
2.95,18,962.849776
-8.5,18,962.912629
2.0,18,962.997527
13.05,18,963.037513
-6.5,18,963.106808
-7.65,18,963.149433
13.2,18,963.401494
-9.45,18,963.460468
12.3,18,963.492131
-9.35,18,963.557157
-6.8,18,963.604783
-9.0,18,963.662229
-6.75,18,963.704443
17.2,18,963.760801
4.25,18,963.81223
-8.4,18,963.883156
-9.0,18,963.927403
13.5,18,963.991908
-7.4,18,964.045624
-8.25,18,964.109181
13.6,18,964.385627
-8.75,18,964.441881
13.55,18,964.482426
-8.85,18,964.542148
14.65,18,964.592179
-8.15,18,964.632323
-7.85,18,964.690224
14.05,18,964.732082
1.4,18,964.798937
-8.15,18,964.863087
-7.75,18,964.931867
-8.35,18,964.987392
-8.05,18,965.04193
14.75,18,965.092109
-8.95,18,965.350095
-8.0,18,965.397009
-8.35,18,965.452012
-9.9,18,965.501799
-9.25,18,965.555672
-8.9,18,965.611856
12.1,18,965.671983
-6.55,18,965.724657
13.75,18,965.788114
12.95,18,965.865299
12.3,18,965.920328
-9.6,18,965.964217
-7.7,18,966.031776
12.2,18,966.077542
-6.9,18,966.165537
13.25,18,966.509682
3.5,18,966.56256
-8.45,18,966.613047
-9.0,18,966.674015
-8.1,18,966.716988
2.9,18,966.764627
15.5,18,966.846291
13.75,18,966.888352
-5.95,18,966.955576
-8.7,18,967.00825
-6.65,18,967.084646
-7.25,18,967.125372
4.5,18,967.191554
16.05,18,967.255544
11.75,18,967.506762
-9.05,18,967.55402
-6.8,18,967.615647
-7.5,18,967.651451
-8.45,18,967.714984
12.1,18,967.759633
-8.5,18,967.82301
13.55,18,967.888304
-8.45,18,967.960328
13.85,18,968.011918
13.1,18,968.070104
-7.9,18,968.111061
-8.35,18,968.15888
-9.3,18,968.20977
-7.0,18,968.489764
-8.5,18,968.538846
-9.45,18,968.586344
-9.2,18,968.652476
-7.7,18,968.718054
14.3,18,968.79173
12.8,18,968.894773
14.45,18,968.956426
-7.3,18,969.023856
1.9,18,969.053309
-8.65,18,969.112415
-7.25,18,969.149301
14.35,18,969.199819
3.65,18,969.25039
-9.35,18,969.477415
-7.85,18,969.520691
14.05,18,969.580889
1.4,18,969.628308
12.25,18,969.676335
-8.45,18,969.719366
12.1,18,969.775173
-8.35,18,969.819447
-7.0,18,969.879166
-6.25,18,969.938176
-7.4,18,970.005452
-9.6,18,970.045397
1.65,18,970.089498
-7.8,18,970.142791
14.05,18,970.398687
11.55,18,970.452599
1.95,18,970.503126
-6.35,18,970.551381
-8.6,18,970.601978
-8.45,18,970.637633
-7.6,18,970.693788
-7.55,18,970.737972
-6.2,18,970.781352
-8.8,18,970.821624
1.75,18,970.88494
12.95,18,970.944775
13.95,18,971.024665
-8.3,18,971.079011
-7.4,18,971.169086
-7.6,18,971.577276
-8.0,18,971.624746
-8.05,18,971.683923
-7.95,18,971.716056
-8.3,18,971.79427
-9.25,18,971.884104
12.7,18,971.938642
-8.75,18,972.017545
-8.05,18,972.057504
-8.2,18,972.118502
-8.45,18,972.154788
-7.45,18,972.226285
15.1,18,972.261945
14.3,18,972.310169
12.9,18,972.907572
2.95,18,972.939411
-8.95,18,973.003445
1.65,18,973.051243
-6.8,18,973.120633
-9.15,18,973.160406
-8.35,18,973.216785
11.3,18,973.267073
1.8,18,973.304725
-8.55,18,973.371156
11.75,18,973.435121
-9.0,18,973.480663
-9.3,18,974.35411
-9.15,18,974.395554
1.45,18,974.61711
-8.15,18,974.664749
-7.05,18,974.71414
-7.0,18,974.745851
-6.0,18,974.815475
-8.85,18,974.859252
-8.6,18,974.926387
12.15,18,974.966815
-9.3,18,975.022676
-7.8,18,975.059869
14.25,18,975.107764
-7.4,18,975.16968
-8.75,18,975.20014
2.3,18,975.265109
12.2,18,975.510738
-8.55,18,975.564705
-9.2,18,975.604815
15.45,18,975.636601
-9.0,18,975.701882
-9.1,18,975.749316
12.3,18,975.807707
11.6,18,975.864064
-8.75,18,975.940615
2.05,18,975.988205
-7.6,18,976.053585
-7.65,18,976.101312
-8.45,18,976.154696
-8.65,18,976.182702
-7.55,18,976.246442
-7.0,18,976.471446
-7.7,18,976.504068
-9.4,18,976.558474
14.2,18,976.615494
-7.55,18,976.662921
13.35,18,976.722554
2.9,18,976.770085
-8.4,18,976.826663
-8.7,18,976.877806
-5.25,18,976.942394
-7.4,18,976.990716
-7.45,18,977.054854
-8.45,18,977.08686
-6.4,18,977.140217
-7.95,18,977.339549
11.85,18,977.386282
-9.0,18,977.425661
14.2,18,977.475031
-8.8,18,977.531711
-8.2,18,977.603105
-8.45,18,977.660925
-8.0,18,977.724182
-7.75,18,977.784449
13.2,18,977.850058
12.25,18,977.915318
-8.65,18,977.988513
-8.8,18,978.053656
-8.6,18,978.102684
13.3,18,978.333774
-9.55,18,978.3903
-8.45,18,978.433954
-7.3,18,978.484113
2.6,18,978.533943
-8.55,18,978.583932
-6.65,18,978.635087
-8.5,18,978.675949
-9.25,18,978.733802
12.75,18,978.776127
-9.0,18,978.843787
-6.0,18,979.03797
-5.85,18,979.183588
-7.7,18,979.303833
2.9,18,979.605162
-7.85,18,979.640932
11.65,18,979.713165
-6.35,18,979.750162
-8.55,18,979.816234
-8.4,18,979.870498
2.8,18,979.918105
-4.9,18,979.982243
-8.7,18,980.065705
-8.95,18,980.120453
-6.2,18,980.211309
-7.6,18,980.275347
-8.3,18,980.327458
-8.35,18,980.374786
-8.65,18,980.610474
-6.6,18,980.662469
-7.75,18,980.726601
-6.55,18,980.768068
15.05,18,980.799798
-7.85,18,980.861435
14.25,18,980.98297
-9.1,18,981.039645
-8.35,18,981.122243
-8.6,18,981.186065
13.05,18,981.244137
13.55,18,981.285314
-8.9,18,981.339787
-7.7,18,981.378035
13.05,18,981.443925
-8.65,18,981.68149
-7.45,18,981.710875
13.95,18,981.786017
12.65,18,981.970512
-6.3,18,982.018625
1.45,18,982.117347
-7.55,18,982.173061
-8.05,18,982.212694
-7.45,18,982.281999
2.6,18,982.314262
13.4,18,982.362474
13.85,18,982.409693
1.75,18,982.453811
-8.3,18,982.505311
-8.95,18,982.721913
15.55,18,982.76438
-6.1,18,982.813996
-6.35,18,982.854762
13.7,18,982.917969
1.85,18,982.971891
-8.05,18,983.013466
-7.9,18,983.089312
12.3,18,983.136948
13.55,18,983.186167
-8.25,18,983.217819
-8.6,18,983.281973
2.05,18,983.325125
3.05,18,983.392329
-9.0,18,983.618837
-9.25,18,983.658744
-8.05,18,983.717125
-6.35,18,983.749451
-8.2,18,983.797033
13.65,18,983.846227
-8.75,18,983.894116
1.85,18,983.95721
-8.2,18,984.009145
-8.7,18,984.093353
12.2,18,984.150229
-8.05,18,984.220001
-7.05,18,984.268663
15.0,18,984.313245
-7.5,18,984.64467
-7.85,18,984.686779
3.25,18,984.738981
-8.9,18,984.785971
-8.7,18,984.832011
-8.05,18,984.882578
-8.0,18,984.922927
1.55,18,984.985815
13.35,18,985.032358
-9.7,18,985.092819
13.25,18,985.141278
-7.5,18,985.201811
-8.6,18,985.245048
-7.6,18,985.300662
12.95,18,985.348509
-8.95,18,985.590762
-8.35,18,985.640385
-7.95,18,985.686795
-8.75,18,985.736809
12.55,18,985.786899
13.05,18,985.839227
-8.4,18,985.887609
-6.6,18,985.93601
-8.7,18,985.997386
-9.1,18,986.045076
-7.25,18,986.111015
14.65,18,986.154298
-7.9,18,986.208871
-7.65,18,986.262505
13.4,18,986.505846
-8.7,18,986.553986
-8.9,18,986.596789
-8.2,18,986.650619
-6.85,18,986.699327
-8.3,18,986.757623
-6.5,18,986.81462
-5.55,18,986.874952
-9.25,18,986.936017
-7.75,18,987.007972
-7.5,18,987.074596
-9.2,18,987.141173
-8.75,18,987.190414
-7.2,18,987.257617
2.95,18,987.511736
13.45,18,987.561455
-9.45,18,987.608793
-8.7,18,987.662649
-9.2,18,987.705668
-7.55,18,987.753956
-8.1,18,987.813955
-8.7,18,987.863409
1.95,18,987.911858
-6.25,18,987.990228
12.2,18,988.057248
-9.1,18,988.123875
14.25,18,988.166229
-7.75,18,988.219926
-8.95,18,988.460464
-6.75,18,988.498894
-8.8,18,988.548681
-8.6,18,988.590308
2.35,18,988.632923
-8.1,18,988.687271
-8.1,18,988.735437
-6.1,18,988.796506
-8.3,18,988.844753
-8.25,18,988.90732
2.55,18,988.99048
-9.35,18,989.063136
12.9,18,989.116753
-6.7,18,989.168004
-8.5,18,989.408568
-8.25,18,989.463958
-7.75,18,989.505444
-8.05,18,989.553129
-8.35,18,989.614421
12.4,18,989.656844
-9.05,18,989.716624
-6.4,18,989.753564
-8.05,18,989.803682
12.65,18,989.85077
-8.25,18,989.905423
-8.85,18,989.990212
-9.0,18,990.056859
-8.7,18,990.117458
-8.4,18,990.172377
-8.55,18,990.480113
-8.6,18,990.52275
12.8,18,990.565865
-8.95,18,990.614354
4.25,18,990.656578
-8.2,18,990.717172
1.85,18,990.759572
11.85,18,990.82172
-7.85,18,990.868028
-6.9,18,990.916633
-7.75,18,990.972188
13.05,18,991.045949
-6.6,18,991.092981
-8.7,18,991.14676
-9.15,18,991.44366
-9.45,18,991.494287
-9.2,18,991.539592
-8.2,18,991.620467
-8.1,18,991.680036
-8.1,18,991.730664
12.1,18,991.783286
2.6,18,991.831713
11.4,18,991.880759
-8.65,18,991.936054
11.45,18,992.01358
12.6,18,992.077899
12.75,18,992.276452
2.95,18,992.371951
-7.8,18,992.613702
-7.5,18,992.65772
2.05,18,992.705127
-7.85,18,992.753604
3.9,18,992.795909
1.7,18,992.850512
-9.35,18,992.896338
3.45,18,993.038323
12.8,18,993.098958
13.25,18,993.152736
-7.85,18,993.201992
-6.85,18,993.244229
-8.4,18,993.30454
-7.6,18,993.359709
14.5,18,993.65146
-8.35,18,993.697427
13.75,18,993.750407
-8.3,18,993.789824
-8.1,18,993.847747
-8.75,18,993.893163
-8.85,18,994.808071
-8.85,18,994.867691
4.4,18,994.914949
-6.9,18,994.965659
-6.85,18,995.031876
-9.2,18,995.099119
-7.65,18,995.159613
-8.1,18,995.214839
11.95,18,995.262436
13.15,18,995.510107
-8.85,18,995.559084
2.45,18,995.60711
-8.75,18,995.657576
13.95,18,995.7046
-8.8,18,995.758617
-6.9,18,995.813103
14.15,18,995.885698
15.1,18,995.950993
14.9,18,996.043877
14.85,18,996.109959
3.9,18,996.171523
-8.35,18,996.226555
14.65,18,996.268077
-8.3,18,996.546342
-8.2,18,996.58967
-8.6,18,996.638305
-8.6,18,996.692781
-9.4,18,996.746855
14.15,18,996.80176
12.95,18,996.843494
-7.9,18,996.910865
2.9,18,996.953214
2.95,18,997.013706
-7.6,18,997.091666
-10.0,18,997.14712
-7.5,18,997.195616
13.1,18,997.24496
-8.85,18,997.498632
3.65,18,997.556687
13.9,18,997.595795
-7.95,18,997.6493
-6.4,18,997.692216
-9.25,18,997.740666
14.5,18,997.790377
14.15,18,997.850084
3.25,18,997.904606
-7.5,18,997.947283
-8.9,18,998.025872
-8.35,18,998.097759
15.75,18,998.147207
-8.6,18,998.207607
-8.65,18,998.468457
-7.7,18,998.522949
-6.35,18,998.565326
-7.35,18,998.607652
-7.45,18,998.661839
12.9,18,998.710512
12.9,18,998.768205
1.75,18,998.807549
11.95,18,998.863967
-8.65,18,998.909831
1.9,18,998.947076
1.8,18,999.031787
-8.55,18,999.08048
-8.7,18,999.134771
-7.65,18,999.356653
-9.35,18,999.404915
-6.95,18,999.461651
-6.55,18,999.493374
1.95,18,999.55301
-8.4,18,999.588892
13.5,18,999.63724
-5.85,18,999.696344
-8.15,18,999.742968
-9.45,18,999.811658
14.1,18,999.859414
-8.85,18,999.921636
-6.2,18,999.953448
17.4,18,1000.029536
-8.95,18,1000.077153
-8.8,18,1000.288237
12.9,18,1000.347143
14.2,18,1000.387189
11.85,18,1000.435714
14.15,18,1000.500024
2.45,18,1000.549318
-6.5,18,1000.610238
-8.8,18,1000.644602
-7.6,18,1000.702149
13.2,18,1000.750387
1.3,18,1000.811203
-9.35,18,1000.858747
12.4,18,1000.91549
-8.0,18,1000.955853
-8.75,18,1001.243712
-6.95,18,1001.285255
14.25,18,1001.316995
-6.9,18,1001.376196
-6.85,18,1001.424751
12.25,18,1001.48408
-7.95,18,1001.516045
-8.95,18,1001.592966
-7.15,18,1001.641027
-8.35,18,1001.705792
-9.0,18,1001.753863
-8.0,18,1001.807267
11.7,18,1001.845681
2.7,18,1001.908962
-6.55,18,1002.336541
-8.6,18,1002.38502
1.9,18,1002.445616
-8.75,18,1002.492041
-7.7,18,1002.53853
-8.85,18,1002.586521
12.8,18,1002.647305
-8.75,18,1002.678923
-7.7,18,1002.767863
-8.65,18,1002.797907
-7.05,18,1002.857389
-9.5,18,1002.908908
12.35,18,1002.988629
-8.95,18,1003.079204
-8.45,18,1003.345903
-8.05,18,1003.391477
-9.1,18,1003.441306
1.45,18,1003.491274
-9.05,18,1003.54219
-8.3,18,1003.59699
-8.05,18,1003.653438
13.75,18,1003.711426
-9.0,18,1003.768446
-8.35,18,1003.811288
-7.6,18,1003.873639
-8.35,18,1003.918254
-7.55,18,1003.987521
-8.8,18,1004.036389
12.7,18,1004.091513
12.9,18,1004.327989
-8.9,18,1004.370928
-8.55,18,1004.433962
13.7,18,1004.473533
13.5,18,1004.52111
-8.7,18,1004.584921
12.55,18,1004.640451
-7.9,18,1004.687915
-8.85,18,1004.766392
-5.75,18,1004.832449
-7.5,18,1004.897752
12.65,18,1004.939608
-7.7,18,1005.011433
-7.65,18,1005.068585
-8.75,18,1005.348497
13.75,18,1005.399232
-8.95,18,1005.456049
4.35,18,1005.490893
13.85,18,1005.537207
13.9,18,1005.598746
12.65,18,1005.662398
13.0,18,1005.719539
-8.95,18,1005.76736
-8.1,18,1005.83195
-8.35,18,1005.879672
-8.7,18,1005.93582
2.45,18,1005.975682
12.8,18,1006.048942
13.9,18,1006.271067
-7.9,18,1006.319282
11.7,18,1006.380563
-8.0,18,1006.42108
-8.2,18,1006.481213
-8.1,18,1006.521372
-7.75,18,1006.581769
-7.95,18,1006.626399
-7.3,18,1006.674226
-9.05,18,1006.722911
13.75,18,1006.755072
-7.95,18,1006.811688
13.75,18,1006.851756
12.45,18,1006.884064
13.9,18,1007.114381
-8.65,18,1007.162013
14.75,18,1007.210016
-9.05,18,1007.275518
-8.05,18,1007.307161
-7.6,18,1007.354668
-8.8,18,1007.398696
11.8,18,1007.433687
12.4,18,1007.486083
-6.4,18,1007.523932
-8.35,18,1007.556152
-6.35,18,1007.612737
-8.75,18,1007.660478
-8.4,18,1007.704198
-9.15,18,1007.91072
13.8,18,1007.959785
12.05,18,1007.992093
13.7,18,1008.048479
-7.25,18,1008.099109
-8.1,18,1008.157791
-8.6,18,1008.206365
1.5,18,1008.26051
15.2,18,1008.299158
13.5,18,1008.347023
-7.7,18,1008.396116
-8.75,18,1008.444009
12.2,18,1008.501995
-7.65,18,1008.54238
12.75,18,1008.612198
-7.65,18,1008.860092
15.6,18,1008.908152
-6.95,18,1008.959768
-7.4,18,1009.032351
-9.75,18,1009.085533
-8.7,18,1009.133895
-7.0,18,1009.199051
-7.45,18,1009.247008
2.95,18,1009.302872
11.75,18,1009.360987
4.05,18,1009.425354
1.5,18,1009.485025
-7.5,18,1009.527984
-7.9,18,1009.593546
-6.6,18,1009.86216
-8.9,18,1009.893935
-6.45,18,1009.95914
-8.9,18,1010.007101
-8.7,18,1010.073224
15.1,18,1010.119009
-8.55,18,1010.177131
-6.75,18,1010.217555
-8.8,18,1010.285099
-8.05,18,1010.315102
-5.6,18,1010.362901
-8.0,18,1010.414347
-7.3,18,1010.470385
-8.7,18,1010.519357
-9.15,18,1010.741379
-8.55,18,1010.789301
-9.15,18,1010.854519
-6.75,18,1010.898921
-8.35,18,1010.951623
12.65,18,1010.982974
-8.1,18,1011.044369
-9.0,18,1011.093342
13.65,18,1011.141382
1.9,18,1011.203045
-7.25,18,1011.238636
-8.5,18,1011.295745
-8.45,18,1011.320104
-8.55,18,1011.368038
12.3,18,1011.745769
2.9,18,1011.828452
12.15,18,1011.896478
14.05,18,1011.924578
-5.95,18,1011.973464
-6.6,18,1012.03225
12.55,18,1012.110075
-8.2,18,1012.141232
-8.0,18,1012.189715
-7.3,18,1012.234528
-7.4,18,1012.282516
-8.35,18,1012.335488
-7.6,18,1012.390607
-8.35,18,1012.44633
-8.25,18,1012.486826
-9.25,18,1012.712885
-8.4,18,1012.777384
-8.85,18,1012.81034
-7.55,18,1012.858433
13.25,18,1012.909486
-8.85,18,1012.957453
-8.7,18,1013.02201
-8.25,18,1013.053872
12.2,18,1013.126504
12.15,18,1013.182463
-8.15,18,1013.236479
-8.95,18,1013.274566
-6.55,18,1014.117188
12.8,18,1014.164902
13.6,18,1014.389514
-8.0,18,1014.421821
13.1,18,1014.472818
-8.05,18,1014.521277
-8.3,18,1014.575572
-8.15,18,1014.602118
-8.2,18,1014.672848
-8.5,18,1014.711221
4.15,18,1014.759268
-5.5,18,1014.803958
2.45,18,1014.85169
-9.5,18,1014.908661
-8.45,18,1014.948424
-7.85,18,1015.022289
15.45,18,1015.25259
-7.2,18,1015.300531
-8.8,18,1015.353153
-8.2,18,1015.393929
-8.5,18,1015.447706
12.6,18,1015.486572
-7.75,18,1015.550228
13.8,18,1015.595805
-8.5,18,1015.643322
-6.55,18,1015.688637
-6.45,18,1015.720384
-7.4,18,1015.787685
-9.1,18,1015.833334
14.9,18,1015.889553
-7.9,18,1016.175197
-8.4,18,1016.223666
-8.05,18,1016.272171
-8.65,18,1016.320078
-8.4,18,1016.386416
-8.85,18,1016.42514
-9.2,18,1016.501623
-7.75,18,1016.540367
-7.8,18,1016.599308
2.45,18,1016.648038
12.3,18,1016.70826
-8.3,18,1016.74105
-9.4,18,1016.800543
-8.75,18,1016.837806
-8.2,18,1017.115591
15.0,18,1017.162981
-8.9,18,1017.201895
11.9,18,1017.250381
-8.75,18,1017.301224
15.55,18,1017.342435
14.35,18,1017.403696
-7.55,18,1017.438396
14.15,18,1017.491258
-6.35,18,1017.560019
-8.75,18,1017.616636
-7.35,18,1017.667958
-8.9,18,1017.732354
12.2,18,1017.772469
13.05,18,1017.830713
-7.6,18,1018.130433
-8.75,18,1018.187451
-9.15,18,1018.246163
-8.65,18,1018.31002
-8.75,18,1018.341708
-8.15,18,1018.404929
-8.4,18,1018.438643
-9.15,18,1018.508914
-9.35,18,1018.546559
-7.8,18,1018.641195
12.55,18,1018.702829
-9.5,18,1018.767316
2.5,18,1018.816589
11.85,18,1018.878492
14.2,18,1019.133511
-8.65,18,1019.201303
-8.6,18,1019.246902
-9.35,18,1019.297565
-8.65,18,1019.330498
-9.4,18,1019.389521
-7.6,18,1019.427992
-8.05,18,1019.476427
-6.35,18,1019.528615
-9.35,18,1019.572869
12.25,18,1019.617381
-8.75,18,1019.662026
-8.65,18,1019.709912
1.6,18,1019.770823
-8.35,18,1020.040548
-6.65,18,1020.100132
-8.5,18,1020.14859
13.05,18,1020.199006
11.9,18,1020.24154
-9.8,18,1020.310479
-9.25,18,1020.369461
-8.2,18,1020.428346
-8.6,18,1020.468666
3.5,18,1020.53224
-9.05,18,1020.579787
-7.45,18,1020.641289
-6.65,18,1020.674329
-8.4,18,1020.726872
1.8,18,1021.028992
13.25,18,1021.0798
-8.6,18,1021.138435
-8.4,18,1021.166936
-8.75,18,1021.227568
11.8,18,1021.263595
-7.05,18,1021.326541
-8.65,18,1021.352741
12.15,18,1021.416073
-7.75,18,1021.465046
-9.35,18,1021.514693
-8.75,18,1021.594842
12.15,18,1021.642367
-7.45,18,1021.691989
-7.5,18,1021.739653
-9.05,18,1021.974438
-8.05,18,1022.033938
12.65,18,1022.066076
-8.95,18,1022.15788
-9.1,18,1022.201981
-8.2,18,1022.280341
-8.4,18,1022.32744
-6.9,18,1022.393086
-7.65,18,1022.447281
-6.7,18,1022.534916
-8.5,18,1022.717087
-7.25,18,1022.781934
-7.35,18,1022.830722
2.35,18,1022.862392
14.75,18,1023.193814
-9.2,18,1023.275181
-8.6,18,1023.329449
-7.45,18,1023.374238
17.4,18,1023.420537
-9.35,18,1023.483581
12.05,18,1023.528553
2.75,18,1023.58909
12.85,18,1023.63658
-8.05,18,1023.703145
14.3,18,1023.751282
13.5,18,1023.802571
-9.15,18,1023.85572
13.2,18,1023.915164
-8.45,18,1024.17102
1.55,18,1024.222064
13.25,18,1024.271369
-8.55,18,1024.317567
13.8,18,1024.365086
-9.05,18,1024.415276
-6.5,18,1024.462862
-6.6,18,1024.521921
-8.85,18,1024.553953
-6.95,18,1024.615481
-8.55,18,1024.658724
12.85,18,1024.709991
-8.35,18,1024.742475
-8.0,18,1024.823202
11.85,18,1025.057776
-8.65,18,1025.106241
13.95,18,1025.158302
-9.2,18,1025.198695
3.2,18,1025.259322
2.55,18,1025.295498
-7.7,18,1025.327404
-8.9,18,1025.391091
12.9,18,1025.431152
-5.0,18,1025.503464
-7.8,18,1025.539238
-9.55,18,1025.585551
-8.2,18,1025.649874
-7.85,18,1025.737038
-9.1,18,1025.976221
-8.25,18,1026.0723
-8.75,18,1026.128906
-8.5,18,1026.194675
-8.6,18,1026.227357
1.65,18,1026.275609
-8.75,18,1026.334865
-9.45,18,1026.382278
-8.25,18,1026.427038
-8.95,18,1026.474844
12.7,18,1026.536162
12.0,18,1026.568021
-7.5,18,1026.635237
-8.4,18,1026.661249
13.25,18,1026.7251
-5.85,18,1026.990618
-6.85,18,1027.02621
-8.3,18,1027.098514
-9.0,18,1027.146475
-7.25,18,1027.215344
-6.3,18,1027.258695
12.95,18,1027.318935
-6.9,18,1027.364326
4.25,18,1027.414554
2.35,18,1027.454652
-8.2,18,1027.508518
-6.85,18,1027.552131
-9.25,18,1027.589611
12.8,18,1027.639136
-8.0,18,1027.893953
2.7,18,1027.944084
-8.8,18,1028.004305
-9.3,18,1028.049109
12.3,18,1028.114255
12.1,18,1028.163953
-8.7,18,1028.226987
-8.2,18,1028.269072
2.0,18,1028.325816
13.45,18,1028.376657
12.15,18,1028.474081
-7.4,18,1028.52752
-7.8,18,1028.574078
-9.6,18,1028.613786
-8.65,18,1028.90102
-9.35,18,1028.9513
-8.5,18,1029.000339
-7.25,18,1029.040465
-8.65,18,1029.113902
-9.2,18,1029.145808
-4.8,18,1029.210732
-7.4,18,1029.243241
-8.35,18,1029.291332
2.8,18,1029.352156
3.6,18,1029.383826
-6.55,18,1029.445016
11.85,18,1029.477048
14.2,18,1029.546053
-7.25,18,1029.769395
2.25,18,1029.810015
-8.1,18,1029.857945
-8.85,18,1029.913997
12.15,18,1029.962115
-7.5,18,1030.022525
-9.35,18,1030.077162
-7.7,18,1030.150316
12.65,18,1030.195665
13.05,18,1030.26063
-9.2,18,1030.308277
-8.05,18,1030.356483
-8.65,18,1030.40031
-8.6,18,1030.454296
1.95,18,1030.491336
-8.75,18,1030.705142
-6.5,18,1030.752725
-8.95,18,1030.804407
15.35,18,1030.849668
3.5,18,1030.881347
-9.4,18,1030.929625
1.75,18,1030.977252
-6.7,18,1031.033977
-7.55,18,1031.074
-8.6,18,1031.138008
14.0,18,1031.185358
-8.95,18,1031.217417
-8.55,18,1031.282672
-6.15,18,1031.309294
-7.55,18,1031.544011
13.2,18,1031.594048
14.45,18,1031.633835
13.1,18,1031.694757
-9.25,18,1031.731452
14.0,18,1031.779204
12.95,18,1031.838588
-8.6,18,1031.886133
14.1,18,1031.951374
-6.8,18,1031.993659
-7.9,18,1032.054939
14.35,18,1032.108339
13.25,18,1032.178327
-8.95,18,1032.253062
-8.0,18,1032.505603
-8.9,18,1032.537855
12.4,18,1032.604871
-8.6,18,1032.641942
-8.65,18,1032.689953
13.7,18,1032.742176
-6.25,18,1033.677199
-8.9,18,1033.72488
14.35,18,1033.78103
-8.9,18,1033.824419
-9.6,18,1033.903028
12.05,18,1033.935648
-7.55,18,1033.983491
13.35,18,1034.026473
-9.25,18,1034.294807
12.9,18,1034.351363
-8.4,18,1034.39152
-8.6,18,1034.45611
-8.7,18,1034.488406
-7.55,18,1034.557202
-7.4,18,1034.601048
-7.35,18,1034.643703
-8.05,18,1034.695901
-7.5,18,1034.740773
-7.65,18,1034.788297
-8.15,18,1034.822572
12.05,18,1034.870299
12.4,18,1034.929346
-8.15,18,1035.173572
-9.25,18,1035.262571
3.6,18,1035.294718
-9.25,18,1035.3615
-8.05,18,1035.388184
-8.25,18,1035.436531
-7.9,18,1035.497105
-6.5,18,1035.529048
-6.8,18,1035.589895
-6.85,18,1035.637805
2.15,18,1035.694724
2.65,18,1035.734573
-8.6,18,1035.782073
-8.1,18,1035.832458
-8.05,18,1035.880396
12.55,18,1036.130726
-8.95,18,1036.178965
-8.65,18,1036.227043
-8.25,18,1036.279147
13.55,18,1036.319708
-6.85,18,1036.368158
-8.65,18,1036.417038
-9.05,18,1036.460415
-6.25,18,1036.508836
-7.95,18,1036.556572
-8.4,18,1036.602011
-8.55,18,1036.652374
16.25,18,1036.706653
13.05,18,1036.746608
-6.95,18,1036.998099
13.0,18,1037.05229
14.2,18,1037.100008
-9.5,18,1037.155016
-6.85,18,1037.203558
-8.65,18,1037.264042
-8.65,18,1037.310949
12.6,18,1037.360776
-8.55,18,1037.415994
-6.5,18,1037.456776
-7.6,18,1037.488027
-9.55,18,1037.547549
13.6,18,1037.579289
-8.85,18,1037.638414
-8.4,18,1037.870697
12.9,18,1037.921724
-8.65,18,1037.977903
-9.4,18,1038.02582
14.4,18,1038.086729
-5.85,18,1038.134297
-7.9,18,1038.190743
-8.35,18,1038.238615
-8.65,18,1038.294526
13.95,18,1038.326504
-9.35,18,1038.373942
-9.5,18,1038.421876
-8.75,18,1038.469634
-7.65,18,1038.529061
-8.4,18,1038.767529
-8.65,18,1038.831086
-9.3,18,1038.874731
-8.7,18,1038.907026
-9.4,18,1038.973206
-8.9,18,1039.020594
-7.5,18,1039.083935
-8.5,18,1039.119652
4.45,18,1039.186466
-6.95,18,1039.232909
-8.3,18,1039.294308
-8.9,18,1039.330534
-9.1,18,1039.381126
12.55,18,1039.446569
-8.2,18,1039.483117
-9.05,18,1039.729705
13.65,18,1039.789805
13.55,18,1039.821785
-8.15,18,1039.880332
11.4,18,1039.92997
12.25,18,1039.981479
-8.7,18,1040.021398
15.1,18,1040.078206
13.15,18,1040.114555
-7.85,18,1040.162059
-7.05,18,1040.211021
-7.95,18,1040.274595
12.05,18,1040.322635
-7.5,18,1040.370483
-7.5,18,1040.613899
-9.55,18,1040.661721
2.15,18,1040.709701
-8.15,18,1040.775029
1.6,18,1040.810721
-7.85,18,1040.872217
13.9,18,1040.904683
-7.85,18,1040.968029
11.85,18,1041.022274
-9.05,18,1041.064449
-8.95,18,1041.112983
-8.45,18,1041.160957
1.6,18,1041.219695
-8.65,18,1041.281826
-8.8,18,1041.550247
13.05,18,1041.587641
-8.85,18,1041.635733
-9.25,18,1041.696106
-8.4,18,1041.727653
-8.6,18,1041.792518
-7.8,18,1041.824424
-8.0,18,1041.88844
-8.5,18,1041.920291
-7.2,18,1041.981819
14.0,18,1042.029939
-8.3,18,1042.061644
-8.15,18,1042.126426
12.35,18,1042.174448
11.8,18,1042.422146
12.0,18,1042.471233
-7.55,18,1042.503179
-8.8,18,1042.567079
13.25,18,1042.599401
-8.4,18,1042.647177
-8.0,18,1042.694404
-8.45,18,1042.756197
-7.9,18,1042.801497
-8.7,18,1042.849566
2.0,18,1042.964736
-9.05,18,1043.095274
-8.8,18,1043.174959
12.1,18,1043.207516
-6.7,18,1043.449571
-5.65,18,1043.506338
13.05,18,1043.556519
-7.55,18,1043.615454
-8.55,18,1043.647517
-7.75,18,1043.694979
13.5,18,1043.744399
-7.7,18,1043.792171
-6.3,18,1043.845997
12.15,18,1043.883954
-8.55,18,1043.938336
-9.4,18,1043.974916
12.25,18,1044.020824
13.1,18,1044.07178
-8.6,18,1044.119359
-8.85,18,1044.3749
-9.6,18,1044.421661
12.75,18,1044.469892
-7.65,18,1044.524291
-7.75,18,1044.566053
13.05,18,1044.62101
-7.9,18,1044.661675
12.45,18,1044.693976
12.75,18,1044.752825
13.75,18,1044.800533
14.35,18,1044.848001
13.95,18,1044.898209
-7.55,18,1044.929921
14.1,18,1044.994985
1.6,18,1045.265999
14.2,18,1045.322617
-8.65,18,1045.363563
13.25,18,1045.420489
-5.85,18,1045.455684
12.15,18,1045.520271
11.8,18,1045.568561
-6.55,18,1045.60029
11.85,18,1045.665213
13.25,18,1045.696903
14.5,18,1045.753112
-9.0,18,1045.804934
12.15,18,1045.861332
-7.2,18,1045.895523
13.5,18,1046.122554
-8.7,18,1046.171054
11.45,18,1046.221562
12.95,18,1046.269942
-8.0,18,1046.334188
13.2,18,1046.382215
2.45,18,1046.433397
-7.65,18,1046.463599
12.55,18,1046.511177
-7.7,18,1046.570815
13.05,18,1046.602645
2.5,18,1046.661732
-7.25,18,1046.699692
-9.4,18,1046.758533
12.3,18,1046.977302
-7.45,18,1047.033893
3.1,18,1047.079733
-8.35,18,1047.132409
-8.5,18,1047.179884
2.75,18,1047.24612
-7.75,18,1047.276659
3.75,18,1047.352356
-8.25,18,1047.400321
-8.35,18,1047.454843
-7.85,18,1047.52406
-7.5,18,1047.568713
-6.6,18,1047.600839
-7.95,18,1047.673629
13.9,18,1047.705152
12.2,18,1047.950306
-7.5,18,1048.010839
14.4,18,1048.067462
-8.6,18,1048.117298
-8.4,18,1048.166068
-7.9,18,1048.231216
-8.9,18,1048.275494
-6.95,18,1048.336244
11.95,18,1048.383987
11.95,18,1048.440331
-9.25,18,1048.480492
-8.5,18,1048.548404
-8.1,18,1048.592583
-8.65,18,1048.646979
-7.8,18,1048.880657
-8.75,18,1048.921127
-5.7,18,1048.977763
-7.55,18,1049.013175
-7.75,18,1049.07828
12.05,18,1049.125069
-8.4,18,1049.189063
-6.95,18,1049.222332
11.7,18,1049.302048
13.1,18,1049.358367
-9.0,18,1049.406283
2.35,18,1049.454598
-8.6,18,1049.502329
-8.25,18,1049.550119
12.1,18,1049.782513
-7.7,18,1049.830357
-9.3,18,1049.895026
-9.1,18,1049.943104
-8.45,18,1050.007001
12.4,18,1050.047564
-8.8,18,1050.117734
-8.6,18,1050.159433
3.7,18,1050.233108
-8.0,18,1050.296677
-8.6,18,1050.364302
3.55,18,1050.405545
-6.95,18,1050.457425
12.65,18,1050.484085
13.05,18,1050.715648
-8.75,18,1050.76342
-9.25,18,1050.815067
-7.75,18,1050.863102
-8.75,18,1050.921884
-8.85,18,1050.96946
-8.95,18,1051.026123
12.75,18,1051.050223
-9.05,18,1051.097696
2.75,18,1051.164281
2.65,18,1051.22762
-8.95,18,1051.302962
2.05,18,1051.359965
4.4,18,1051.399947
12.6,18,1052.436122
-8.3,18,1052.486901
-8.1,18,1052.527646
-8.0,18,1052.608655
-8.25,18,1052.659747
-7.8,18,1052.713597
15.0,18,1052.757348
-9.3,18,1052.868582
-6.6,18,1053.031122
12.7,18,1053.07119
11.85,18,1053.131645
13.85,18,1053.170156
-7.25,18,1053.244345
-7.7,18,1053.308583
-9.35,18,1053.360038
-7.4,18,1053.620703
-7.9,18,1053.666419
3.2,18,1053.722617
-9.35,18,1053.758049
-8.9,18,1053.805687
-9.45,18,1053.863814
14.3,18,1053.89706
12.45,18,1053.957956
-8.6,18,1054.0057
-9.5,18,1054.05643
-6.9,18,1054.097402
12.55,18,1054.145076
-8.3,18,1054.204122
1.9,18,1054.257735
12.0,18,1054.517021
12.9,18,1054.556942
12.8,18,1054.60445
12.15,18,1054.652491
-8.95,18,1054.716222
-8.1,18,1054.775628
-7.75,18,1054.845013
-8.4,18,1054.894737
12.7,18,1054.962404
-8.95,18,1055.017291
-6.55,18,1055.089003
-8.25,18,1055.132528
-7.65,18,1055.200944
-9.0,18,1055.268471
4.75,18,1055.559209
-8.5,18,1055.599146
12.7,18,1055.646797
13.4,18,1055.694885
-8.2,18,1055.742406
-5.4,18,1055.79152
13.05,18,1055.838805
12.25,18,1055.894982
-7.45,18,1055.934867
-6.05,18,1055.988053
-8.9,18,1056.047708
-8.65,18,1056.098672
-8.45,18,1056.139433
13.7,18,1056.220217
-9.1,18,1056.466862
-8.45,18,1056.518705
-7.1,18,1056.575746
-7.45,18,1056.623652
2.75,18,1056.676569
12.3,18,1056.716511
-9.05,18,1056.790471
-7.6,18,1056.836787
-8.0,18,1056.884885
-6.65,18,1056.939136
-7.9,18,1056.995905
-8.9,18,1057.052151
12.05,18,1057.118011
-7.8,18,1057.162709
-8.7,18,1057.238001
-7.3,18,1057.492312
-8.75,18,1057.555717
-8.15,18,1057.605822
-8.45,18,1057.637369
-7.85,18,1057.697025
13.4,18,1057.728894
-7.15,18,1057.789454
-7.65,18,1057.837818
-7.4,18,1057.882773
15.15,18,1057.930598
-7.0,18,1057.978649
-7.7,18,1058.031247
-8.65,18,1058.0758
-7.6,18,1058.12932
-8.7,18,1058.454595
12.35,18,1058.502903
-7.45,18,1058.534618
-9.1,18,1058.599105
-9.2,18,1058.647492
12.25,18,1058.702953
-7.3,18,1058.7432
-8.45,18,1058.790824
-8.0,18,1058.857645
-9.4,18,1058.902003
-7.8,18,1058.945251
2.65,18,1058.996356
-8.85,18,1059.054986
-9.15,18,1059.097449
-7.15,18,1059.47615
-8.3,18,1059.525093
12.65,18,1059.576902
-8.4,18,1059.634096
-7.6,18,1059.707126
-5.9,18,1059.751115
-8.1,18,1059.798591
-6.5,18,1059.850438
-8.5,18,1059.890051
-6.95,18,1059.927635
-8.95,18,1059.980189
-7.7,18,1060.023991
-9.25,18,1060.067759
2.95,18,1060.118722
-8.2,18,1060.376915
-9.25,18,1060.437632
-8.95,18,1060.473549
-6.7,18,1060.521018
-7.55,18,1060.563254
-8.8,18,1060.610871
-8.5,18,1060.667546
3.25,18,1060.70744
-9.0,18,1060.765442
2.35,18,1060.81875
-8.6,18,1060.866956
-7.65,18,1060.899883
-8.55,18,1060.947646
-8.4,18,1061.003673
14.5,18,1061.252853
12.2,18,1061.297012
-7.8,18,1061.347333
-9.35,18,1061.394784
11.95,18,1061.454199
13.4,18,1061.486162
-8.3,18,1061.55308
-8.85,18,1061.599261
-8.05,18,1061.657407
13.85,18,1061.704688
14.35,18,1061.743766
-7.85,18,1061.802077
-6.5,18,1061.833535
-8.55,18,1061.892138
-7.35,18,1061.925244
-9.15,18,1062.158634
14.05,18,1062.231624
-8.1,18,1062.271719
-8.4,18,1062.346685
-7.05,18,1062.379184
12.6,18,1062.426981
13.05,18,1062.484565
14.7,18,1062.532792
-8.45,18,1062.583361
-8.1,18,1062.631346
-7.6,18,1062.682427
-8.9,18,1062.722325
-8.7,18,1062.791593
-9.0,18,1062.831605
-9.2,18,1063.051845
-8.1,18,1063.155771
-7.9,18,1063.351929
2.85,18,1063.39743
-7.4,18,1063.429119
12.2,18,1063.486268
-7.45,18,1063.5342
-8.35,18,1063.582186
2.15,18,1063.630888
-8.9,18,1063.678292
-7.35,18,1063.743075
-8.1,18,1063.790504
11.9,18,1063.847852
-9.0,18,1063.90953
2.75,18,1064.15483
-7.9,18,1064.187298
-7.4,18,1064.257199
-7.15,18,1064.293977
-8.75,18,1064.36623
4.55,18,1064.409551
-8.35,18,1064.439944
-7.55,18,1064.504826
13.8,18,1064.545913
-7.15,18,1064.59359
13.4,18,1064.660638
12.05,18,1064.692715
-7.95,18,1064.748391
2.75,18,1064.789511
14.2,18,1065.036739
-8.1,18,1065.081888
-7.4,18,1065.113576
-7.05,18,1065.175881
-7.45,18,1065.27568
-8.05,18,1065.307741
1.85,18,1065.382931
2.85,18,1065.415507
1.75,18,1065.485791
2.25,18,1065.540601
12.6,18,1065.60118
14.6,18,1065.637422
14.3,18,1065.685637
-8.05,18,1065.744612
-9.2,18,1065.778422
15.5,18,1066.019397
-7.65,18,1066.086392
12.45,18,1066.134147
-8.35,18,1066.190115
13.3,18,1066.240021
13.25,18,1066.308963
12.15,18,1066.351729
-8.7,18,1066.415498
-7.5,18,1066.447675
4.7,18,1066.4951
-7.7,18,1066.550627
-7.75,18,1066.613017
3.75,18,1066.663866
1.35,18,1066.711738
-7.55,18,1066.972216
1.05,18,1067.019666
-7.3,18,1067.073457
-7.9,18,1067.108954
-8.4,18,1067.156486
-9.0,18,1067.215187
11.75,18,1067.269064
1.6,18,1067.333946
-8.4,18,1067.401416
-8.45,18,1067.460794
14.1,18,1067.508777
-9.15,18,1067.560657
-8.35,18,1067.588389
13.4,18,1067.647699
-7.6,18,1067.899887
14.65,18,1067.931697
-5.4,18,1067.988032
13.1,18,1068.03173
-7.7,18,1068.086281
-7.75,18,1068.133286
-7.15,18,1068.181926
13.7,18,1068.229193
-8.3,18,1068.285262
-8.7,18,1068.388072
-8.05,18,1068.457256
2.35,18,1068.536278
-9.25,18,1068.602637
-8.8,18,1068.662808
-8.2,18,1068.949136
-4.9,18,1069.014909
1.8,18,1069.047387
-8.95,18,1069.111058
13.3,18,1069.154367
13.15,18,1069.201638
12.15,18,1069.250113
13.6,18,1069.297592
13.8,18,1069.361565
11.95,18,1069.438173
13.05,18,1069.475051
2.8,18,1069.523215
-7.45,18,1069.590895
12.3,18,1069.631309
-8.25,18,1069.87198
13.8,18,1069.919983
12.5,18,1069.967633
-8.8,18,1070.02442
-8.75,18,1070.064349
13.4,18,1070.127908
11.7,18,1070.162696
12.45,18,1070.221224
-8.75,18,1070.305687
-7.85,18,1070.372506
12.85,18,1070.42754
-8.5,18,1070.483634
-6.8,18,1070.524933
-9.1,18,1070.631462
-8.85,18,1070.704081
3.5,18,1070.925993
-8.7,18,1070.973675
-5.6,18,1071.030184
-7.1,18,1071.07768
-7.95,18,1071.12541
-8.9,18,1071.196468
-8.8,18,1071.280419
-7.85,18,1072.19851
-8.1,18,1072.254617
12.45,18,1072.328945
-8.9,18,1072.402286
-6.4,18,1072.473153
-9.0,18,1072.533764
-4.7,18,1072.610914
-9.15,18,1073.012059
-6.45,18,1073.078964
-9.5,18,1073.131566
-9.25,18,1073.179616
-9.25,18,1073.231808
-7.7,18,1073.284511
-8.8,18,1073.340983
12.15,18,1073.381516
-7.4,18,1073.429765
-6.55,18,1073.489096
3.8,18,1073.568135
-8.7,18,1073.638637
-8.6,18,1073.688718
-7.5,18,1073.743323
11.95,18,1074.049942
-7.0,18,1074.093303
-9.4,18,1074.147235
13.0,18,1074.200424
-8.25,18,1074.261894
-9.2,18,1074.328476
-7.7,18,1074.44214
-9.15,18,1074.588676
14.1,18,1074.630583
12.15,18,1074.677824
2.9,18,1074.73674
-9.25,18,1074.793013
-9.35,18,1074.873152
-7.7,18,1074.981331
13.75,18,1075.405405
-8.0,18,1075.457842
12.55,18,1075.521374
-9.05,18,1075.567992
-7.7,18,1075.63177
-7.85,18,1075.69175
13.0,18,1075.777626
12.8,18,1075.861392
-5.95,18,1075.916577
-8.25,18,1075.964695
-7.4,18,1076.068247
-7.6,18,1076.194244
-8.2,18,1076.277023
-7.55,18,1076.372132
-9.15,18,1076.419786
2.45,18,1076.755734
2.95,18,1076.832074
-9.1,18,1076.878589
-6.75,18,1076.930461
-6.8,18,1076.976417
-7.45,18,1077.024129
-6.9,18,1077.08325
-8.5,18,1077.135646
11.75,18,1077.195548
-6.55,18,1077.243721
12.8,18,1077.32551
13.45,18,1077.358841
4.55,18,1077.426386
-8.4,18,1077.470854
-6.25,18,1077.737349
-7.55,18,1077.769815
-6.95,18,1077.820126
1.5,18,1077.877221
-8.85,18,1077.94744
-7.75,18,1077.989552
-6.45,18,1078.03709
-7.5,18,1078.102702
-7.65,18,1078.150507
-9.4,18,1078.218681
12.5,18,1078.262571
-7.9,18,1078.329645
-7.35,18,1078.369728
12.0,18,1078.417759
-8.15,18,1078.642659
-6.95,18,1078.691653
-8.15,18,1078.738351
-7.55,18,1078.797997
1.8,18,1078.832651
-7.75,18,1078.897222
-9.0,18,1078.933693
-7.15,18,1079.003279
-7.55,18,1079.058084
-7.9,18,1079.119132
-7.4,18,1079.151897
12.5,18,1079.199303
-9.1,18,1079.293966
-8.15,18,1079.363546
-9.0,18,1079.646505
-7.6,18,1079.721378
-8.7,18,1079.802863
12.8,18,1079.85661
-7.95,18,1079.906941
11.9,18,1079.957214
-9.25,18,1080.001986
2.7,18,1080.06718
-8.8,18,1080.136858
15.45,18,1080.186981
13.3,18,1080.237132
-8.95,18,1080.307287
-8.5,18,1080.356966
-8.75,18,1080.408104
-8.6,18,1080.662006
-8.5,18,1080.707358
-7.9,18,1080.757461
-8.65,18,1080.807105
-8.85,18,1080.863529
-8.9,18,1080.916941
-7.5,18,1080.977181
-8.4,18,1081.026954
-7.95,18,1081.113783
-8.6,18,1081.169137
-6.55,18,1081.225107
-8.9,18,1081.281955
-6.6,18,1081.337445
-9.0,18,1081.389082
13.1,18,1081.430246
-8.9,18,1081.709943
-6.65,18,1081.769579
-7.7,18,1081.81762
-7.65,18,1081.86819
3.05,18,1081.908865
4.7,18,1081.969216
12.65,18,1082.017265
-9.1,18,1082.078129
-6.7,18,1082.126294
1.85,18,1082.187296
-9.05,18,1082.223434
-8.4,18,1082.270884
-8.2,18,1082.318666
2.0,18,1082.366414
-8.0,18,1082.641577
2.8,18,1082.686606
-8.8,18,1082.740471
-8.6,18,1082.793247
13.75,18,1082.841566
12.35,18,1082.886499
-9.0,18,1082.944762
-8.1,18,1083.014856
-8.35,18,1083.105006
-8.75,18,1083.157179
-8.7,18,1083.242626
-8.5,18,1083.290663
-8.5,18,1083.37105
-6.85,18,1083.411149
-8.75,18,1083.678299
-8.5,18,1083.726161
-7.65,18,1083.783032
15.25,18,1083.823051
-7.0,18,1083.885651
-7.25,18,1083.938382
-7.7,18,1083.986104
-8.55,18,1084.052401
-7.7,18,1084.126781
-7.5,18,1084.174757
-9.45,18,1084.254111
12.45,18,1084.313348
-8.7,18,1084.387949
12.45,18,1084.441742
13.1,18,1084.868365
-8.5,18,1084.909901
-7.1,18,1084.950612
-7.35,18,1084.992889
14.2,18,1085.03678
13.75,18,1085.097061
-8.4,18,1085.138944
-9.1,18,1085.218062
-8.7,18,1085.309209
-7.2,18,1085.380955
-7.85,18,1085.471852
12.75,18,1085.556828
-7.5,18,1085.625003
-7.1,18,1085.714518
12.35,18,1085.781783
-8.5,18,1086.090016
-8.85,18,1086.14936
-8.25,18,1086.237325
2.95,18,1086.332563
-9.2,18,1086.40558
-8.6,18,1086.502638
2.75,18,1086.636248
-7.55,18,1086.739052
-8.15,18,1086.873672
-9.55,18,1086.989787
-7.95,18,1087.158526
-8.0,18,1087.266406
-8.1,18,1087.562998
-6.5,18,1087.733185
12.35,18,1089.000353
-8.4,18,1089.059675
13.25,18,1089.115417
-8.9,18,1089.180781
-8.3,18,1089.248047
-8.6,18,1089.298202
-7.9,18,1089.44528
-8.3,18,1089.538449
12.45,18,1089.586844
1.7,18,1089.64746
14.2,18,1089.707815
12.7,18,1089.762703
-9.5,18,1089.812428
-8.65,18,1089.871607
-7.25,18,1090.205278
-8.55,18,1090.255916
-7.4,18,1090.332375
-7.3,18,1090.486146
17.2,18,1090.592905
-9.45,18,1090.653408
-7.45,18,1090.717038
13.75,18,1090.766747
14.0,18,1090.817151
1.85,18,1090.877699
15.05,18,1090.942559
-7.15,18,1091.000647
-7.95,18,1091.082184
-7.25,18,1091.268743
-8.5,18,1091.716115
-7.6,18,1091.762231
-8.65,18,1091.829191
12.3,18,1091.877096
-8.3,18,1091.933687
-8.6,18,1091.986684
13.65,18,1092.047457
-7.8,18,1092.108162
2.75,18,1092.177024
-8.5,18,1092.228947
12.5,18,1092.301728
13.35,18,1092.368354
-8.3,18,1092.441054
-7.5,18,1092.525814
-9.3,18,1092.804715
11.95,18,1092.865269
-6.75,18,1092.910183
-8.6,18,1092.960191
12.4,18,1093.016884
-8.65,18,1093.077438
-9.15,18,1093.126253
-6.35,18,1093.192473
1.85,18,1093.247081
13.0,18,1093.30754
-7.0,18,1093.374227
-9.1,18,1093.430483
13.9,18,1093.481464
-8.1,18,1093.556047
-9.05,18,1093.617048
-9.05,18,1093.889421
-8.3,18,1093.943983
14.55,18,1093.99845
-6.7,18,1094.053053
-8.8,18,1094.110996
-7.8,18,1094.170295
-8.1,18,1094.22874
-7.4,18,1094.283635
-8.55,18,1094.374288
-7.45,18,1094.440895
1.7,18,1094.4895
-7.05,18,1094.555834
-8.95,18,1094.628564
-7.25,18,1094.683279
1.9,18,1094.937765
-6.55,18,1094.993755
-8.85,18,1095.042697
-8.1,18,1095.101411
-8.8,18,1095.149953
-9.1,18,1095.216839
12.75,18,1095.259009
-8.35,18,1095.325601
13.5,18,1095.392369
12.7,18,1095.774048
-9.65,18,1095.971245
12.45,18,1096.046731
-7.25,18,1096.131727
-8.6,18,1096.213115
-8.0,18,1096.507231
11.9,18,1098.610194
-7.5,18,1098.755892
-8.95,18,1098.842309
-9.2,18,1098.923506
2.95,18,1098.990403
-8.2,18,1099.064443
-7.5,18,1099.188551
14.3,18,1099.271606
-9.2,18,1099.331195
-9.1,18,1099.483347
12.75,18,1099.567682
-7.8,18,1099.622392
-8.7,18,1099.670833
-9.1,18,1100.106874
1.65,18,1100.173559
-9.05,18,1100.244293
-8.95,18,1100.299981
-8.75,18,1100.374784
-9.1,18,1100.467925
-8.75,18,1100.523703
-8.6,18,1100.5814
-8.45,18,1100.640522
-7.05,18,1100.713465
12.95,18,1100.777751
-7.7,18,1100.852803
-8.6,18,1100.907377
13.05,18,1100.971111
-8.6,18,1101.034402
-8.45,18,1101.319014
-8.15,18,1101.373373
1.6,18,1101.434286
13.2,18,1101.489976
2.55,18,1101.549326
-6.55,18,1101.597771
-8.45,18,1101.677016
2.8,18,1101.747619
13.75,18,1101.797806
-7.3,18,1101.868377
-7.4,18,1101.914474
-9.35,18,1101.985631
-8.95,18,1102.034228
14.95,18,1102.099025
3.9,18,1102.41956
1.45,18,1102.470413
-7.5,18,1102.525323
13.6,18,1102.585569
1.5,18,1102.652427
-8.95,18,1102.699434
-8.7,18,1102.757909
1.85,18,1102.803711
-8.65,18,1102.856968
-7.4,18,1102.906801
-8.55,18,1102.973727
-7.7,18,1103.029991
-7.55,18,1103.103179
-8.15,18,1103.161229
-8.9,18,1103.730975
12.85,18,1103.827962
12.4,18,1103.915377
13.2,18,1103.986658
13.2,18,1104.082418
-7.55,18,1104.179378
-8.35,18,1104.269514
-8.4,18,1104.337024
-8.35,18,1104.452114
-9.3,18,1104.537137
-6.2,18,1104.597525
2.0,18,1104.658147
-9.2,18,1104.720943
-7.5,18,1104.773348
12.35,18,1105.043206
-8.2,18,1105.09269
-9.35,18,1105.149125
-7.95,18,1105.197345
-8.4,18,1105.253988
-8.6,18,1105.31242
12.75,18,1105.376213
-6.55,18,1105.430358
13.8,18,1105.482477
-8.8,18,1105.524525
-8.45,18,1105.561383
-8.5,18,1105.619042
-8.7,18,1105.660068
-7.85,18,1105.706354
-7.3,18,1105.948942
-8.35,18,1105.991176
13.7,18,1106.045914
-8.05,18,1106.085849
1.85,18,1106.209323
-7.9,18,1106.355278
-9.3,18,1106.452549
-9.6,18,1106.52044
-9.25,18,1106.591067
-9.4,18,1106.68258
12.2,18,1106.739145
-9.3,18,1106.797697
2.85,18,1106.858121
13.15,18,1106.929874
-8.7,18,1106.980331
-7.8,18,1107.294377
-7.8,18,1107.351186
2.2,18,1107.409832
13.0,18,1107.473828
-7.5,18,1107.542705
13.1,18,1107.631798
2.85,18,1107.682063
1.75,18,1107.730622
-7.7,18,1107.796085
-7.85,18,1107.854027
-8.65,18,1107.906271
1.85,18,1107.960978
11.6,18,1108.003215
-8.0,18,1108.063983
-9.25,18,1108.354786
-8.7,18,1108.417599
-8.85,18,1108.489707
12.5,18,1108.560939
-7.3,18,1108.621489
-7.95,18,1108.669815
-7.4,18,1108.760883
1.8,18,1108.818888
-8.75,18,1108.869601
-8.9,18,1108.918322
13.05,18,1108.97904
3.45,18,1109.033561
-8.45,18,1109.088115
13.7,18,1109.136613
-8.35,18,1109.70626
14.25,18,1109.765174
-7.85,18,1109.837905
-7.4,18,1109.912116
12.25,18,1109.979955
12.95,18,1110.021268
-7.05,18,1110.078054
-8.6,18,1110.136451
15.7,18,1110.197371
-9.05,18,1110.239467
-7.4,18,1110.306321
2.0,18,1110.357798
12.35,18,1110.447431
-7.55,18,1110.548833
-7.65,18,1110.869632
4.45,18,1110.930397
-8.7,18,1110.978982
-9.9,18,1111.035363
15.05,18,1111.110642
2.25,18,1111.160784
-8.75,18,1111.218993
-7.2,18,1111.269764
-7.65,18,1111.326576
-8.6,18,1111.38482
14.25,18,1111.501577
-8.45,18,1111.554552
-7.15,18,1111.603041
-6.6,18,1111.674987
-7.4,18,1111.726411
-7.6,18,1112.002711
-7.85,18,1112.055533
2.25,18,1112.103425
13.2,18,1112.160337
12.45,18,1112.212351
-7.95,18,1112.272476
-8.05,18,1112.31819
14.05,18,1112.37173
3.25,18,1112.421016
2.65,18,1112.479897
-7.6,18,1112.530344
-7.25,18,1112.58421
-9.0,18,1112.633747
-8.1,18,1112.687698
-8.3,18,1112.932982
-8.9,18,1112.983014
-8.25,18,1113.042323
-7.8,18,1113.087615
-8.45,18,1113.152141
-8.5,18,1113.202839
-9.45,18,1113.260994
-7.45,18,1113.311984
-8.15,18,1113.360391
2.5,18,1113.420953
14.75,18,1113.487928
16.25,18,1113.536133
13.0,18,1113.593109
1.8,18,1113.645319
-8.2,18,1113.907109
-8.2,18,1113.960412
-8.05,18,1114.008899
-8.8,18,1114.06342
12.15,18,1114.108175
2.5,18,1114.172382
-8.3,18,1114.21724
-9.05,18,1114.269834
-8.65,18,1114.31829
2.65,18,1114.378693
13.15,18,1114.432929
-8.3,18,1114.499695
-8.75,18,1114.548126
1.75,18,1114.604492
13.3,18,1114.863191
-8.4,18,1114.911653
13.15,18,1114.966253
-8.8,18,1115.008727
-8.1,18,1115.069619
-7.65,18,1115.115794
-9.05,18,1115.181488
-9.2,18,1115.255464
14.7,18,1115.313376
-7.9,18,1115.568684
-6.2,18,1115.6768
12.9,18,1115.73597
-8.2,18,1115.820853
-8.75,18,1115.875429
-9.2,18,1116.220875
-8.85,18,1116.975492
-9.65,18,1117.339481
-8.85,18,1117.401791
-9.15,18,1117.499629
-8.35,18,1117.577592
-8.9,18,1117.629026
-8.55,18,1117.703916
-7.85,18,1117.752061
-8.4,18,1117.876533
13.75,18,1118.053505
2.35,18,1118.103675
-7.6,18,1118.22625
-7.75,18,1118.273812
-8.05,18,1118.364493
-9.5,18,1118.838661
-8.0,18,1118.903345
-8.9,18,1118.966042
12.85,18,1119.038722
-7.45,18,1119.113947
-8.45,18,1119.202361
15.25,18,1119.297522
-9.1,18,1119.406703
-9.6,18,1119.965511
13.2,18,1120.053824
-7.8,18,1120.095355
-6.7,18,1120.172031
-9.6,18,1120.323537
-9.55,18,1120.399548
-7.25,18,1121.57971
-7.9,18,1121.632326
12.85,18,1121.693083
-8.45,18,1121.753867
12.45,18,1121.804406
11.9,18,1121.8793
-7.85,18,1121.934036
-7.1,18,1122.001885
12.8,18,1122.051584
12.45,18,1122.102199
-9.1,18,1122.143529
3.05,18,1122.213967
-7.15,18,1122.268662
-9.15,18,1122.331373
13.75,18,1122.854674
-9.5,18,1123.068768
-6.6,18,1123.139084
-9.0,18,1123.188614
-7.25,18,1123.256605
-9.0,18,1123.349339
-8.9,18,1123.420023
-7.35,18,1123.518918
12.0,18,1123.640684
13.1,18,1123.73563
-8.65,18,1123.783789
14.9,18,1123.848641
12.35,18,1123.907452
14.0,18,1123.981301
-8.0,18,1124.224314
11.45,18,1124.275866
13.1,18,1124.318711
-8.7,18,1124.37115
-9.35,18,1124.444237
-8.0,18,1124.528963
-6.6,18,1124.583541
-8.4,18,1124.646877
12.35,18,1125.720906
3.7,18,1125.795824
15.8,18,1125.850313
12.9,18,1125.898906
2.15,18,1125.959282
-8.9,18,1126.008992
-9.55,18,1126.079083
-8.1,18,1126.32294
-6.7,18,1126.372595
11.8,18,1126.421978
13.0,18,1126.494104
2.65,18,1126.541078
-8.35,18,1126.609103
12.65,18,1126.678677
-7.55,18,1126.844081
13.75,18,1127.030592
-9.75,18,1127.124368
14.75,18,1127.183636
-8.65,18,1127.239095
-8.4,18,1127.29888
-8.3,18,1127.360682
1.4,18,1128.680285
-9.25,18,1128.769003
-8.45,18,1128.831663
-7.5,18,1128.917181
-6.4,18,1128.982196
-6.3,18,1129.039949
-7.75,18,1129.104569
-8.55,18,1129.175213
-9.15,18,1129.228753
14.3,18,1129.298585
3.05,18,1129.356543
12.35,18,1129.418781
-9.3,18,1129.504757
-6.85,18,1129.593162
-9.35,18,1130.801263
-7.95,18,1130.855863
-8.65,18,1130.9191
-7.8,18,1130.983272
4.35,18,1131.050218
13.0,18,1131.119329
-7.5,18,1131.204208
-8.95,18,1131.311774
-8.65,18,1131.384518
-9.35,18,1131.436411
-7.4,18,1131.61153
-6.35,18,1131.679996
-7.35,18,1131.814319
14.3,18,1131.886881
2.55,18,1132.292462
14.45,18,1132.361723
-7.25,18,1132.41178
-7.65,18,1132.494903
14.15,18,1132.589329
-7.4,18,1132.656085
-8.45,18,1132.718997
-8.95,18,1132.771219
-8.35,18,1132.839661
14.25,18,1132.892108
15.8,18,1132.964774
-8.25,18,1133.078281
-8.65,18,1133.152617
14.0,18,1133.255524
-8.45,18,1133.713237
11.95,18,1133.774938
-8.25,18,1133.82606
11.65,18,1133.87494
-8.25,18,1133.936082
-6.7,18,1133.982579
-8.8,18,1134.038978
1.05,18,1134.094031
-8.5,18,1134.152271
-6.85,18,1134.206057
-8.6,18,1134.257453
3.9,18,1134.310025
-9.05,18,1134.379971
12.45,18,1134.443408
2.95,18,1134.522538
-7.55,18,1134.886946
-8.35,18,1134.98258
-6.15,18,1135.073314
-8.65,18,1135.132532
-7.55,18,1135.221746
12.8,18,1135.28755
16.1,18,1135.344897
-7.35,18,1135.441708
12.4,18,1135.563635
13.65,18,1135.643614
-9.25,18,1135.722453
-7.7,18,1135.794987
-9.8,18,1135.843353
-7.95,18,1135.937019
-9.0,18,1136.795805
4.3,18,1136.867481
12.6,18,1136.938867
13.4,18,1136.996277
-6.85,18,1137.043624
13.9,18,1137.11629
15.75,18,1137.170502
-7.8,18,1137.233686
1.45,18,1137.312412
-8.4,18,1137.362273
14.7,18,1137.426614
14.65,18,1137.485969
-8.65,18,1137.576503
-7.5,18,1137.639839
-8.6,18,1137.938006
-7.55,18,1138.013341
-6.7,18,1138.073875
-8.9,18,1138.159511
-6.8,18,1138.227098
-8.7,18,1138.284551
-8.25,18,1138.35227
-6.65,18,1138.394535
-9.0,18,1138.45525
-7.3,18,1138.550635
-6.75,18,1138.613107
-6.8,18,1138.700136
13.55,18,1138.789112
14.75,18,1138.887814
-8.3,18,1139.170334
-7.6,18,1139.236905
-9.0,18,1139.291453
14.6,18,1139.3738
13.55,18,1139.437275
12.85,18,1139.53
-7.55,18,1139.764328
12.35,18,1139.911178
-9.35,18,1140.037096
-8.75,18,1140.087865
-8.65,18,1140.196708
11.95,18,1140.281095
2.55,18,1140.365406
-8.1,18,1140.425947
1.15,18,1140.557985
12.5,18,1141.116799
-8.3,18,1141.216868
-8.55,18,1141.274335
13.15,18,1141.345864
13.0,18,1141.407705
-5.95,18,1141.480365
-7.55,18,1141.582315
15.85,18,1141.661027
-9.1,18,1141.717926
11.85,18,1141.780942
-8.4,18,1141.831885
-7.7,18,1141.897256
-9.3,18,1141.945925
-7.85,18,1142.001973
-7.15,18,1142.729025
-7.7,18,1142.792583
-8.7,18,1142.850954
12.65,18,1142.927876
-7.85,18,1143.015846
14.15,18,1143.070464
1.0,18,1143.139715
-8.4,18,1143.208793
-9.15,18,1143.266392
-9.5,18,1143.369663
-7.65,18,1143.486234
14.85,18,1143.691773
-7.75,18,1143.788274
3.9,18,1143.881398
14.55,18,1145.000456
13.45,18,1145.054994
-9.3,18,1145.140805
-8.4,18,1145.218542
-9.2,18,1145.285204
1.75,18,1145.382283
12.05,18,1145.448423
-6.15,18,1145.505234
-9.5,18,1145.594142
-9.1,18,1145.667856
-8.5,18,1145.778412
11.8,18,1145.852725
-7.6,18,1145.941793
-9.45,18,1145.998382
-7.85,18,1146.496876
-8.35,18,1146.866181
-9.5,18,1146.988189
-7.25,18,1147.04834
12.85,18,1147.104345
-9.2,18,1147.163884
12.45,18,1147.224368
11.85,18,1147.285262
13.05,18,1147.345501
-8.0,18,1147.399938
-8.25,18,1147.494047
-8.95,18,1147.612008
-8.3,18,1147.751695
-8.05,18,1147.812636
-8.45,18,1148.151731
-8.8,18,1148.206159
-8.4,18,1148.266713
-7.4,18,1148.333525
-8.95,18,1148.40296
-7.75,18,1148.460759
13.5,18,1148.526829
-8.05,18,1148.60866
-8.65,18,1148.666482
11.85,18,1148.732066
-8.45,18,1148.781621
14.15,18,1148.846522
-8.25,18,1148.897096
-7.25,18,1148.961588
-8.8,18,1149.030437
1.6,18,1149.381505
-8.8,18,1149.442095
-9.35,18,1149.490551
-8.05,18,1149.553753
-7.7,18,1149.636349
-7.7,18,1149.728304
-8.2,18,1149.799724
-6.4,18,1149.848207
-8.5,18,1149.915469
-7.55,18,1149.999829
-9.35,18,1150.054096
-8.55,18,1150.111742
-9.05,18,1150.161743
-8.25,18,1150.212034
-7.6,18,1150.60555
2.45,18,1150.720913
-6.25,18,1150.779738
-8.55,18,1150.829777
-8.75,18,1150.890748
14.1,18,1150.946481
-8.95,18,1151.004075
12.1,18,1151.0568
-8.75,18,1151.144023
-8.65,18,1151.193502
-9.3,18,1151.254151
12.5,18,1151.308747
-7.75,18,1151.372219
4.55,18,1151.422077
11.65,18,1151.922426
-9.0,18,1151.98745
-7.95,18,1152.047996
-6.3,18,1152.14305
-7.45,18,1152.199962
-5.4,18,1152.254248
13.65,18,1152.322668
-8.1,18,1152.393435
-7.4,18,1152.47218
-8.8,18,1152.537135
12.45,18,1152.648149
14.9,18,1152.752236
13.15,18,1153.259933
-8.0,18,1153.418843
11.85,18,1154.014811
-8.4,18,1154.064849
-7.25,18,1154.133461
-8.95,18,1154.18903
-7.65,18,1154.247741
14.5,18,1154.303658
-8.4,18,1154.363287
12.1,18,1154.411759
-9.25,18,1154.471033
11.6,18,1154.526837
-8.5,18,1154.596484
2.05,18,1154.684275
-8.8,18,1154.762824
-7.55,18,1154.854828
-7.6,18,1154.959165
13.3,18,1155.454108
12.6,18,1155.504621
12.0,18,1155.564001
-8.15,18,1155.635278
-8.55,18,1155.726419
-7.8,18,1155.803106
-6.8,18,1155.847665
-8.9,18,1155.922813
13.3,18,1155.969177
-7.5,18,1156.029801
14.0,18,1156.071894
11.7,18,1156.129429
-7.55,18,1156.180982
-8.55,18,1156.237525
-9.15,18,1156.568934
-8.75,18,1157.666028
2.0,18,1157.750529
-8.55,18,1157.805327
-8.9,18,1157.869258
-8.5,18,1157.96131
-8.9,18,1158.0147
-8.05,18,1158.067047
-8.15,18,1158.126462
-8.15,18,1158.183001
3.6,18,1158.235671
-7.9,18,1158.30564
13.3,18,1158.351389
-7.0,18,1158.429582
-7.7,18,1158.869896
-8.9,18,1158.920252
-9.2,18,1159.092015
-8.7,18,1159.308363
-8.9,18,1159.434123
13.5,18,1159.492681
12.3,18,1159.550369
-7.8,18,1159.638031
-8.05,18,1159.713917
-8.7,18,1159.786555
14.65,18,1159.848366
13.15,18,1159.915262
-8.25,18,1159.962757
12.1,18,1160.016804
-8.6,18,1160.368892
12.3,18,1160.420247
-7.55,18,1160.490359
-7.8,18,1160.550698
-8.2,18,1160.635401
-8.15,18,1160.700902
-9.05,18,1160.756326
-8.6,18,1160.811264
-9.4,18,1160.864205
-8.35,18,1160.915312
13.05,18,1160.968821
-8.0,18,1161.022959
-7.5,18,1161.081518
13.95,18,1161.144652
12.45,18,1161.424311
13.45,18,1161.509996
14.85,18,1161.575765
-7.65,18,1161.665555
-8.65,18,1161.726057
2.9,18,1161.782506
12.9,18,1161.8553
-8.45,18,1161.908098
-8.95,18,1161.970251
2.6,18,1162.029305
1.7,18,1162.089561
1.6,18,1162.138345
-8.55,18,1162.203146
-8.75,18,1162.254139
-8.6,18,1162.312196
13.8,18,1162.623147
14.35,18,1162.73577
-8.2,18,1162.829177
12.35,18,1162.892942
-9.05,18,1162.944062
13.15,18,1163.00096
13.85,18,1163.057507
-8.2,18,1163.110558
-9.2,18,1163.162468
-8.45,18,1163.218169
-8.75,18,1163.27734
13.8,18,1163.328208
13.35,18,1163.380692
-8.4,18,1163.436259
-7.5,18,1163.973354
-6.4,18,1164.063571
12.95,18,1164.131137
-7.9,18,1164.186153
-9.9,18,1164.236741
-9.25,18,1164.289114
-8.75,18,1164.350418
-8.8,18,1164.398433
11.7,18,1164.459063
-8.55,18,1164.52603
-8.05,18,1164.580603
-8.9,18,1164.684226
12.8,18,1164.770916
-7.1,18,1164.822628
14.4,18,1165.19467
-8.45,18,1165.265272
14.4,18,1165.331993
-8.45,18,1165.386246
-7.55,18,1165.434647
15.3,18,1165.501402
-8.3,18,1165.550165
-8.9,18,1165.616503
-7.45,18,1165.731717
-8.65,18,1165.804303
12.9,18,1165.871267
13.65,18,1165.931724
14.5,18,1165.999267
-6.95,18,1166.066077
-9.8,18,1166.404622
-8.75,18,1166.467856
-7.4,18,1166.528797
-8.9,18,1166.575413
-8.4,18,1166.659182
-6.65,18,1166.738644
-9.25,18,1166.798015
11.9,18,1166.856064
-8.6,18,1166.931758
1.85,18,1166.986104
-7.5,18,1167.038944
-7.85,18,1167.095179
1.3,18,1167.184741
1.85,18,1167.240859
-7.5,18,1167.300234
12.1,18,1167.66481
-8.75,18,1167.762183
-8.7,18,1167.822252
4.6,18,1167.871223
-7.75,18,1167.944014
12.9,18,1167.992309
-7.7,18,1168.050695
-8.5,18,1168.107517
14.15,18,1168.168104
13.4,18,1168.216267
-9.05,18,1168.284249
14.2,18,1168.34345
-8.25,18,1168.39809
-7.7,18,1168.459044
12.2,18,1168.955554
2.05,18,1169.005092
11.45,18,1169.059567
-6.85,18,1169.112236
-9.25,18,1169.174866
12.25,18,1169.229385
-8.95,18,1169.288986
-6.2,18,1169.339424
-6.4,18,1169.393074
-8.35,18,1169.447984
-7.6,18,1169.510899
-8.6,18,1169.56266
-9.1,18,1169.640244
13.95,18,1169.702128
-6.45,18,1170.035378
-9.3,18,1170.094717
-6.5,18,1170.152185
-7.2,18,1170.211915
14.25,18,1170.259637
-8.0,18,1170.321294
12.05,18,1170.454092
-6.75,18,1170.501991
-8.0,18,1170.567416
-8.4,18,1170.62337
-6.25,18,1170.714119
-9.25,18,1170.780881
-7.45,18,1170.839718
-7.3,18,1170.883927
-8.9,18,1171.197855
-8.2,18,1171.254838
-5.6,18,1171.302021
-8.45,18,1171.355117
-9.65,18,1171.407664
-8.45,18,1171.466197
-8.95,18,1171.513676
-9.35,18,1171.585541
12.0,18,1171.642499
-8.15,18,1171.700538
13.5,18,1171.761473
11.95,18,1171.840822
-7.35,18,1171.900901
11.8,18,1171.974505
-7.75,18,1172.2684
13.0,18,1172.307708
-8.75,18,1172.357448
12.9,18,1172.405808
-8.8,18,1172.459256
-7.75,18,1172.513864
-9.1,18,1172.567096
11.45,18,1172.640007
-7.1,18,1172.705213
-8.7,18,1172.759599
-8.75,18,1172.830189
-7.6,18,1172.877509
12.0,18,1172.937734
-7.3,18,1172.980958
1.35,18,1173.037875
15.25,18,1173.325215
-9.15,18,1173.392191
-8.7,18,1173.441493
1.75,18,1173.506844
13.6,18,1173.550284
-5.75,18,1173.615757
2.85,18,1173.671388
-7.9,18,1173.720455
-9.15,18,1173.775
12.65,18,1173.835418
-8.5,18,1173.895629
-9.15,18,1173.949127
11.85,18,1173.999695
-7.4,18,1174.053159
2.9,18,1174.536601
-8.8,18,1174.579238
-8.6,18,1174.62878
14.15,18,1174.677176
-7.35,18,1174.733156
-8.35,18,1174.791392
-8.9,18,1174.840811
4.6,18,1174.895335
-6.5,18,1174.948945
-7.65,18,1174.997375
-9.3,18,1175.040668
-7.6,18,1175.101379
2.65,18,1175.148904
2.75,18,1175.21541
-8.4,18,1175.452619
-7.2,18,1175.507203
13.1,18,1175.555932
-8.2,18,1175.630041
-7.65,18,1175.682093
-8.5,18,1175.831923
-8.0,18,1175.90906
-8.45,18,1175.966836
-8.7,18,1176.045681
2.95,18,1176.12442
-8.15,18,1176.186212
-7.25,18,1176.254378
13.3,18,1176.306184
14.55,18,1176.357286
14.15,18,1176.612356
-8.05,18,1176.689109
-8.2,18,1176.742976
4.65,18,1176.805875
-8.0,18,1176.856271
13.25,18,1176.945676
-7.6,18,1177.047363
-8.35,18,1177.097011
2.95,18,1177.149044
-8.4,18,1177.197696
12.2,18,1177.251966
-6.45,18,1177.311039
12.75,18,1177.375279
1.85,18,1177.434636
-8.9,18,1177.525462
3.1,18,1178.10136
-8.8,18,1178.149777
-8.7,18,1178.210387
-8.35,18,1178.26125
-8.5,18,1178.324403
2.0,18,1178.382392
-6.45,18,1178.44805
-6.65,18,1178.521611
12.9,18,1178.587744
-6.9,18,1178.676321
-7.95,18,1178.726781
12.1,18,1178.794923
-7.6,18,1178.872342
13.75,18,1178.955623
3.3,18,1179.283195
-7.05,18,1179.336014
-8.45,18,1179.386177
-7.65,18,1179.443983
-8.0,18,1179.494668
-7.9,18,1179.560952
-8.6,18,1179.621401
13.15,18,1179.682992
12.2,18,1179.737754
11.95,18,1179.804088
-7.0,18,1179.858665
-7.15,18,1179.910805
-8.4,18,1179.96309
-9.25,18,1180.022453
-7.6,18,1180.312021
11.7,18,1180.361579
-8.45,18,1180.410147
12.95,18,1180.464711
12.0,18,1180.52461
12.45,18,1180.585198
13.3,18,1180.663826
2.55,18,1180.7361
-7.8,18,1180.801553
-7.3,18,1181.743469
-8.8,18,1181.805156
-8.45,18,1181.867933
13.25,18,1181.955625
-7.55,18,1182.015863
-8.95,18,1182.264494
-9.1,18,1182.311895
2.85,18,1182.372606
-9.35,18,1182.427125
13.1,18,1182.498734
2.6,18,1182.5435
13.45,18,1182.610795
12.75,18,1182.664422
-8.8,18,1182.725228
-7.2,18,1182.784774
-8.8,18,1182.839397
14.3,18,1182.903119
-8.0,18,1182.955488
13.75,18,1183.014962
-8.95,18,1183.609918
2.75,18,1183.676472
-8.5,18,1183.731155
-8.15,18,1183.79903
15.2,18,1183.846434
-9.1,18,1183.901133
13.25,18,1183.952888
-6.3,18,1184.007762
-7.95,18,1184.058463
-9.05,18,1184.112961
-8.15,18,1184.167641
11.55,18,1184.227595
-7.85,18,1184.27774
-9.15,18,1184.337551
-8.6,18,1184.390714
14.1,18,1184.755348
13.0,18,1185.022041
12.85,18,1185.163601
12.6,18,1185.269383
12.75,18,1185.366305
12.1,18,1185.464304
-8.3,18,1185.524794
13.35,18,1185.578467
-8.1,18,1185.7253
-8.0,18,1185.790491
15.85,18,1185.840107
3.75,18,1185.895681
-7.55,18,1185.948145
-8.0,18,1186.004807
11.85,18,1186.258027
12.0,18,1186.317953
-7.85,18,1186.36115
-8.05,18,1186.415553
2.45,18,1186.470443
-8.5,18,1186.518937
-8.25,18,1186.573426
-7.6,18,1186.621967
-8.2,18,1186.694507
-8.5,18,1186.754886
-8.4,18,1186.810204
-8.3,18,1186.867564
-9.5,18,1186.930336
11.6,18,1186.985623
-9.35,18,1187.234994
14.05,18,1187.282219
1.9,18,1187.341838
-9.2,18,1187.403503
-8.4,18,1187.469134
12.9,18,1187.517993
12.55,18,1187.566662
-7.75,18,1187.615788
-7.35,18,1187.682199
-9.0,18,1187.742865
-5.7,18,1187.816541
-9.45,18,1187.864264
14.15,18,1187.936823
-7.7,18,1187.985325
-8.25,18,1188.25687
-6.5,18,1188.301455
12.25,18,1188.364142
13.05,18,1188.409535
-8.25,18,1188.465369
15.0,18,1188.512664
13.3,18,1188.574255
-7.6,18,1188.621634
12.75,18,1188.699913
13.95,18,1188.742788
12.9,18,1188.808242
-6.7,18,1188.859053
16.4,18,1188.912941
-8.8,18,1188.967273
-7.35,18,1189.028277
11.7,18,1189.282055
17.8,18,1189.329556
-8.7,18,1189.390089
11.8,18,1189.433442
13.35,18,1189.494179
-9.2,18,1189.548877
-8.0,18,1189.615618
-8.7,18,1189.70724
12.1,18,1189.760833
14.25,18,1189.830941
12.45,18,1189.882318
-8.3,18,1189.941506
-8.0,18,1189.991122
-7.65,18,1190.051952
-6.85,18,1190.305147
4.45,18,1190.361519
-9.1,18,1190.40928
-7.55,18,1190.463645
-8.65,18,1190.523505
-7.75,18,1190.583914
-7.4,18,1190.627639
-6.5,18,1190.707384
13.9,18,1190.773048
12.45,18,1190.839752
14.85,18,1190.888083
-9.25,18,1190.944144
13.05,18,1190.997218
-8.7,18,1191.062627
-7.65,18,1191.306078
14.6,18,1191.36069
-8.7,18,1191.415205
12.1,18,1191.469685
-7.9,18,1191.524467
-7.7,18,1191.578779
11.9,18,1191.63365
13.35,18,1191.706136
5.5,18,1191.766711
14.1,18,1191.839699
-7.8,18,1191.888237
13.4,18,1191.970977
1.9,18,1192.021487
12.95,18,1192.08192
-7.05,18,1192.729298
-8.6,18,1192.794214
14.65,18,1192.839194
14.2,18,1192.898883
-8.6,18,1192.948849
-7.3,18,1193.013155
-8.65,18,1193.063686
11.65,18,1193.117222
-8.75,18,1193.166684
-8.55,18,1193.221243
-7.7,18,1193.275648
-7.15,18,1193.330261
11.7,18,1193.384847
13.1,18,1193.43934
-6.5,18,1193.772688
-8.55,18,1193.845266
-8.1,18,1193.89283
-8.5,18,1193.948544
12.1,18,1194.001977
-6.5,18,1194.060665
12.05,18,1194.106001
13.9,18,1194.177696
-6.1,18,1194.227167
-7.75,18,1194.292846
-8.65,18,1194.342378
-7.35,18,1194.3969
-7.75,18,1194.469591
-9.0,18,1194.517906
-6.4,18,1194.579168
15.0,18,1194.869437
-7.45,18,1194.977587
-7.25,18,1195.027238
-8.1,18,1195.081561
-6.7,18,1195.135207
-7.1,18,1195.184563
12.6,18,1195.420707
-6.5,18,1195.475435
-9.4,18,1195.523976
-8.35,18,1195.588005
-9.3,18,1195.638142
-6.2,18,1195.71199
-7.95,18,1195.754239
13.95,18,1195.821046
-8.25,18,1196.075408
-7.9,18,1196.135922
1.5,18,1196.189579
-8.95,18,1196.250106
13.05,18,1196.317736
-8.45,18,1196.366328
-7.95,18,1196.426951
-6.8,18,1196.493572
13.45,18,1196.549758
15.05,18,1196.601732
-7.65,18,1196.645319
13.0,18,1196.737376
12.55,18,1196.797806
-8.15,18,1196.851481
2.9,18,1197.123815
11.75,18,1197.177254
1.7,18,1197.220666
-9.1,18,1197.287374
-7.45,18,1197.329957
-9.15,18,1197.390706
-8.3,18,1197.444109
-9.2,18,1197.499603
-7.6,18,1197.54812
-8.15,18,1197.603781
-6.95,18,1197.657381
13.25,18,1197.73055
-9.25,18,1197.784484
-7.25,18,1197.850904
12.1,18,1198.143032
14.3,18,1198.196396
-8.8,18,1198.252117
-9.0,18,1198.298495
-7.4,18,1198.352922
-7.75,18,1198.402599
-7.2,18,1198.463441
-7.8,18,1198.516729
-7.55,18,1198.571284
13.35,18,1198.620851
2.8,18,1198.675261
-8.05,18,1198.746862
-7.65,18,1198.817842
-7.9,18,1198.869603
-8.6,18,1198.934799
-8.2,18,1199.184134
-8.15,18,1199.239837
-8.55,18,1199.287157
11.9,18,1199.349146
-8.4,18,1199.396452
-9.1,18,1199.470283
-8.9,18,1199.51773
12.75,18,1199.57725
12.45,18,1199.620661
-8.3,18,1199.686258
-7.7,18,1199.740847
-9.65,18,1199.802394
-7.7,18,1199.857056
-8.85,18,1199.92971
-6.55,18,1200.183951
-7.35,18,1200.233744
-6.2,18,1200.281036
-8.85,18,1200.334542
-8.75,18,1200.384349
1.9,18,1200.444016
-7.25,18,1200.49222
-7.3,18,1200.541988
-7.4,18,1200.590159
-9.0,18,1200.637703
13.5,18,1200.706168
12.45,18,1200.771105
15.35,18,1200.825626
-6.55,18,1200.880192
-7.4,18,1201.1669
12.8,18,1201.225322
2.8,18,1201.26877
2.6,18,1201.317588
-9.35,18,1201.366195
1.6,18,1201.420471
-8.65,18,1201.474965
-8.95,18,1201.51751
-9.05,18,1201.578123
-8.1,18,1201.620493
12.55,18,1201.687017
3.45,18,1201.759743
-7.6,18,1201.820377
-8.55,18,1201.873977
-8.75,18,1202.128447
-8.5,18,1202.171713
-6.25,18,1202.221459
-9.5,18,1202.268665
-8.35,18,1202.32236
-8.65,18,1202.372159
1.9,18,1202.425432
-9.25,18,1202.474996
-8.1,18,1202.523445
-6.6,18,1202.578098
-7.65,18,1202.620324
-9.2,18,1202.68098
-7.15,18,1202.729554
13.0,18,1202.795164
-7.65,18,1203.049545
1.85,18,1203.106466
-8.45,18,1203.152663
-7.9,18,1204.044579
-8.9,18,1204.100156
-7.35,18,1204.147542
-8.7,18,1204.200993
12.25,18,1204.244551
-7.8,18,1204.299029
-7.3,18,1204.352554
-8.5,18,1204.400902
-7.65,18,1204.459781
-9.3,18,1204.505102
3.85,18,1204.560811
-8.6,18,1204.607123
-8.5,18,1204.904919
-9.0,18,1204.947503
13.0,18,1205.001708
14.25,18,1205.050482
-8.9,18,1205.105074
-7.6,18,1205.152495
14.35,18,1205.209143
-8.2,18,1205.250393
12.15,18,1205.309946
12.55,18,1205.359469
-8.5,18,1205.407797
-8.85,18,1205.462582
-7.45,18,1205.51703
-8.9,18,1205.572367
12.75,18,1205.887819
15.0,18,1205.935056
1.5,18,1205.992917
-8.5,18,1206.037168
-6.95,18,1206.086998
-9.05,18,1206.140244
-9.25,18,1206.191113
12.0,18,1206.243338
12.0,18,1206.2952
2.7,18,1206.341248
-8.4,18,1206.389899
13.95,18,1206.444339
-9.4,18,1206.486664
-9.2,18,1206.662431
3.6,18,1206.989498
13.9,18,1207.039197
-7.75,18,1207.091689
-8.05,18,1207.146078
13.1,18,1207.194744
13.8,18,1207.24445
2.85,18,1207.292691
-8.35,18,1207.335106
-7.6,18,1207.390689
-8.35,18,1207.444245
-6.5,18,1207.498867
-8.05,18,1207.541171
13.05,18,1207.598966
14.1,18,1207.638167
-9.0,18,1207.977195
-8.9,18,1208.03329
-8.8,18,1208.079432
12.05,18,1208.189613
-8.25,18,1208.232058
1.85,18,1208.287651
-8.55,18,1208.334956
-6.5,18,1208.38851
-7.6,18,1208.437689
-6.8,18,1208.49376
-9.1,18,1208.540099
14.05,18,1208.590454
-7.5,18,1208.637955
11.75,18,1208.692555
2.05,18,1208.748235
12.0,18,1209.013622
2.35,18,1209.068103
-9.3,18,1209.110575
12.55,18,1209.172358
-7.3,18,1209.219746
-8.0,18,1209.28147
-8.75,18,1209.327843
-7.65,18,1209.377246
13.0,18,1209.425944
13.55,18,1209.468253
13.4,18,1209.523869
-7.8,18,1209.57141
3.25,18,1209.633013
-7.95,18,1209.685494
-8.45,18,1209.964658
-7.85,18,1210.013486
13.2,18,1210.063149
13.85,18,1210.122688
-7.75,18,1210.181139
11.6,18,1210.23266
-9.0,18,1210.292208
-8.75,18,1210.340966
-7.7,18,1210.396559
-7.0,18,1210.442985
-7.7,18,1210.500063
-6.45,18,1210.546986
-8.65,18,1210.595661
-7.6,18,1210.643952
-8.9,18,1210.941897
13.95,18,1210.983109
-8.25,18,1211.036571
13.05,18,1211.104303
-8.3,18,1211.168429
-7.6,18,1211.213567
13.15,18,1211.269579
12.35,18,1211.322745
12.0,18,1211.382113
-8.8,18,1211.425507
-9.35,18,1211.479334
2.25,18,1211.527253
-7.8,18,1211.577098
-8.95,18,1211.625725
14.65,18,1211.929688
-7.95,18,1211.971188
-8.15,18,1212.03042
-8.0,18,1212.073925
-6.65,18,1212.122627
12.7,18,1212.171053
-8.15,18,1212.2135
-6.4,18,1212.273148
13.9,18,1212.316401
-7.55,18,1212.37814
13.15,18,1212.440528
-7.3,18,1212.498653
13.3,18,1212.540934
-7.25,18,1212.595665
1.9,18,1212.892016
-7.85,18,1212.945645
-6.85,18,1212.989
-7.8,18,1213.042434
2.1,18,1213.088952
-8.7,18,1213.145852
-5.55,18,1213.189127
15.1,18,1213.242643
-6.45,18,1213.292399
-8.45,18,1213.334562
-8.9,18,1213.400147
-8.75,18,1213.455786
-8.15,18,1213.504173
-8.5,18,1213.552767
-8.3,18,1213.602306
3.25,18,1213.934388
-7.3,18,1213.98285
-8.65,18,1214.032493
-9.05,18,1214.260773
-7.75,18,1214.376932
-8.95,18,1214.434256
-7.45,18,1214.480016
-9.0,18,1214.535529
12.35,18,1214.582965
-6.45,18,1214.644733
2.05,18,1214.692389
-6.8,18,1214.768553
14.0,18,1214.81916
-7.9,18,1214.880128
12.8,18,1215.146438
12.05,18,1215.206035
14.45,18,1215.249413
-8.5,18,1215.311154
-9.0,18,1215.358896
-8.2,18,1215.414523
-8.85,18,1215.465057
13.2,18,1215.516196
-7.35,18,1215.569643
-7.4,18,1215.619695
-8.9,18,1215.673871
2.7,18,1215.734337
-8.65,18,1215.789507
11.95,18,1215.843467
-7.1,18,1216.111316
-8.4,18,1216.152356
-8.85,18,1216.21201
13.2,18,1216.255365
-9.1,18,1216.314963
14.15,18,1216.358691
-7.55,18,1216.41805
2.6,18,1216.466527
11.85,18,1216.53578
-7.65,18,1216.587867
-8.25,18,1216.642191
-9.35,18,1216.685805
-7.4,18,1216.746593
3.0,18,1216.795176
12.65,18,1217.250459
15.3,18,1217.30284
-8.1,18,1217.352815
-7.85,18,1217.394741
-7.65,18,1217.449582
-8.9,18,1217.510146
-9.05,18,1217.564817
-6.55,18,1217.612923
-7.6,18,1217.655241
13.45,18,1217.722679
-7.3,18,1217.776562
12.75,18,1217.832913
13.0,18,1217.936979
2.2,18,1217.982599
-8.7,18,1218.038307
2.05,18,1218.279407
13.1,18,1218.33422
11.85,18,1218.382471
-8.05,18,1218.426041
-8.8,18,1218.485694
-8.35,18,1218.528105
-9.05,18,1218.587618
-8.15,18,1218.631154
2.35,18,1218.684458
12.8,18,1218.734215
-8.55,18,1218.805482
2.65,18,1218.85528
13.65,18,1218.915951
-6.5,18,1218.958354
12.3,18,1219.220926
15.15,18,1219.285518
-8.85,18,1219.344958
-7.4,18,1219.398696
-8.85,18,1219.456902
-8.55,18,1219.503697
-8.85,18,1219.559382
-8.15,18,1219.606749
-9.1,18,1219.662074
-7.85,18,1219.709799
-8.75,18,1219.770525
-8.85,18,1219.855299
-7.2,18,1219.923052
-8.4,18,1219.981504
-8.55,18,1220.284414
15.1,18,1220.338946
-7.85,18,1220.393504
-8.35,18,1220.44242
-8.65,18,1220.49656
-6.15,18,1220.539024
1.45,18,1220.594607
14.3,18,1220.648013
-7.85,18,1220.703839
-8.1,18,1220.794571
12.15,18,1220.855023
-5.6,18,1220.90926
13.75,18,1220.958166
-6.65,18,1221.000614
14.5,18,1221.253889
-7.8,18,1221.29746
13.4,18,1221.351132
14.05,18,1221.394313
-9.0,18,1221.449145
-8.5,18,1221.509741
2.35,18,1221.564278
12.9,18,1221.617717
-8.95,18,1221.678176
-8.1,18,1221.740279
-7.0,18,1221.799366
12.75,18,1221.849486
-8.15,18,1221.903602
-8.7,18,1221.958224
-8.05,18,1222.230744
-8.6,18,1222.279057
12.8,18,1222.327555
15.0,18,1222.382015
-8.5,18,1222.424746
-8.9,18,1222.484051
2.55,18,1222.527606
12.35,18,1222.587345
-7.75,18,1222.636821
-9.25,18,1222.696378
-8.85,18,1222.751967
-8.85,18,1222.811293
-7.9,18,1222.86715
1.95,18,1222.932699
-9.2,18,1222.988334
-8.55,18,1223.321498
3.15,18,1223.381032
-7.95,18,1223.424504
-7.6,18,1223.47893
-8.75,18,1223.52775
-6.85,18,1223.575183
-8.7,18,1223.636752
2.2,18,1223.690317
-8.55,18,1223.762912
12.5,18,1224.746358
11.9,18,1224.800397
12.75,18,1224.868033
-6.55,18,1224.921538
-8.65,18,1224.980995
13.55,18,1225.254726
-9.5,18,1225.316376
-9.25,18,1225.363713
-7.5,18,1225.419391
-8.5,18,1225.466878
-8.7,18,1225.52187
15.65,18,1225.563787
-6.55,18,1225.617285
-7.6,18,1225.66739
12.95,18,1225.721496
-8.2,18,1225.779408
-8.5,18,1225.832043
-8.85,18,1225.902264
12.1,18,1225.95074
13.0,18,1226.466583
2.9,18,1226.521114
-8.9,18,1226.563601
15.05,18,1226.618178
-8.9,18,1226.668292
-8.85,18,1226.738361
14.2,18,1226.78693
12.15,18,1226.848919
-8.8,18,1226.915551
-8.4,18,1226.968781
-6.7,18,1227.018306
12.7,18,1227.077911
-8.3,18,1227.127627
13.8,18,1227.180882
13.65,18,1227.424238
-8.05,18,1227.477678
-8.5,18,1227.527298
-9.5,18,1227.582842
-8.0,18,1227.62945
-6.5,18,1227.68382
-8.25,18,1227.74543
-7.2,18,1227.833409
13.0,18,1227.89763
-8.4,18,1227.945607
-8.4,18,1227.993861
11.7,18,1228.074019
-8.1,18,1228.134102
-8.1,18,1228.188492
-8.9,18,1228.242787
14.2,18,1228.494879
-8.5,18,1228.551457
-9.3,18,1228.620151
-7.3,18,1228.670407
-8.65,18,1228.725354
-9.15,18,1228.77543
-6.6,18,1228.841419
-9.25,18,1228.889728
-8.85,18,1228.946407
-9.0,18,1228.993881
2.2,18,1229.051615
-8.8,18,1229.096782
-7.65,18,1229.150058
-8.4,18,1229.199775
-9.1,18,1229.441178
-8.95,18,1229.495733
-8.2,18,1229.539043
-9.1,18,1229.588772
11.75,18,1229.641238
-9.0,18,1229.6909
-8.6,18,1229.751252
-4.7,18,1229.817012
-9.5,18,1229.865518
-8.0,18,1229.919953
-8.65,18,1229.963366
-7.5,18,1230.016889
-8.7,18,1230.072429
14.85,18,1230.12529
-8.6,18,1230.386554
14.95,18,1230.429877
-7.2,18,1230.484411
14.2,18,1230.526767
14.75,18,1230.57662
-8.8,18,1230.636115
1.3,18,1230.685724
-7.3,18,1230.739188
-6.3,18,1230.804689
-8.9,18,1230.854259
2.05,18,1230.926506
11.45,18,1230.972564
-8.7,18,1231.022699
-8.9,18,1231.072329
-8.25,18,1231.307703
12.9,18,1231.362208
-7.6,18,1231.411319
-7.1,18,1231.469871
-7.3,18,1231.562174
13.4,18,1231.60571
12.3,18,1231.659166
13.1,18,1231.702584
-6.35,18,1231.792685
-8.3,18,1231.848835
-7.25,18,1231.908768
-6.8,18,1231.957353
-8.8,18,1232.011693
-7.5,18,1232.05917
2.95,18,1232.30861
-8.05,18,1232.356987
-7.6,18,1232.39945
-7.95,18,1232.45393
1.5,18,1232.501446
-8.55,18,1232.557135
-7.4,18,1232.599535
12.95,18,1232.652917
-7.4,18,1232.696355
-7.6,18,1232.750871
3.45,18,1232.804453
-7.3,18,1232.854039
13.4,18,1232.908655
11.8,18,1232.963081
-8.2,18,1233.011562
-9.35,18,1233.278152
14.8,18,1233.332631
-5.7,18,1233.375091
-8.8,18,1233.428631
-8.05,18,1233.477275
-7.9,18,1233.519687
12.6,18,1233.580894
-9.05,18,1233.635747
-8.35,18,1233.68427
-8.75,18,1233.744853
-6.6,18,1233.799501
-9.35,18,1233.853909
-8.4,18,1233.908552
1.7,18,1233.956077
-8.9,18,1234.223324
-8.25,18,1234.278103
11.75,18,1234.356783
-8.45,18,1234.405476
-7.85,18,1234.453876
-7.7,18,1234.502388
14.65,18,1234.562057
-6.9,18,1234.604436
-8.75,18,1234.659951
12.4,18,1234.709286
12.15,18,1234.781211
-9.2,18,1234.835799
-7.5,18,1234.9026
13.35,18,1234.951155
-9.35,18,1235.23079
12.15,18,1235.283092
-8.2,18,1235.33762
-8.55,18,1235.380943
13.1,18,1235.449188
2.5,18,1235.496055
-8.8,18,1235.55724
-8.9,18,1235.646821
-8.45,18,1235.696217
-9.0,18,1235.761883
13.45,18,1235.811447
-9.1,18,1235.865916
-8.45,18,1235.920492
-8.55,18,1235.962811
12.85,18,1236.537221
-5.55,18,1236.605619
13.55,18,1236.666087
12.2,18,1236.741899
-8.95,18,1236.821317
-9.05,18,1236.907057
-8.95,18,1237.003271
13.9,18,1237.066209
-8.3,18,1237.138888
-9.1,18,1237.186947
-8.3,18,1237.277931
-8.1,18,1237.337721
-8.2,18,1237.38121
-7.5,18,1237.429457
-5.7,18,1237.479398
-7.05,18,1237.974879
-7.5,18,1238.040449
-7.75,18,1238.09686
-9.6,18,1238.162994
-7.9,18,1238.207804
-7.6,18,1238.264574
-8.5,18,1238.308382
-7.35,18,1238.375853
-8.45,18,1238.417213
-8.3,18,1238.470654
-7.7,18,1238.51928
14.2,18,1238.563239
-8.75,18,1238.617361
-6.9,18,1238.659501
1.4,18,1238.99186
2.0,18,1239.048444
-9.1,18,1239.096051
14.1,18,1239.155403
-6.4,18,1239.198937
-9.05,18,1239.264808
-7.7,18,1239.307982
1.75,18,1239.362758
-8.75,18,1239.41303
13.6,18,1239.45347
-8.35,18,1239.514206
-8.7,18,1239.556428
13.15,18,1239.614373
1.85,18,1239.658353
12.75,18,1239.986593
12.3,18,1240.053272
3.85,18,1240.099225
-9.1,18,1240.157471
-8.3,18,1240.203945
2.95,18,1240.254111
-6.8,18,1240.295689
-8.1,18,1240.338036
12.9,18,1240.388231
-8.75,18,1240.435029
-7.95,18,1240.485162
-7.7,18,1240.532128
-8.5,18,1240.585909
-7.65,18,1240.628979
14.35,18,1240.921096
-6.95,18,1240.968302
-9.45,18,1241.02465
-8.45,18,1241.101907
-8.8,18,1241.156181
3.35,18,1241.198712
-9.0,18,1241.255912
-8.3,18,1241.300873
-7.85,18,1241.349236
13.35,18,1241.403897
-8.3,18,1241.45821
-8.5,18,1241.501759
-9.4,18,1241.55636
-8.6,18,1241.604732
-8.4,18,1241.904844
13.8,18,1241.950553
2.45,18,1242.004036
-7.55,18,1242.053118
-8.7,18,1242.101654
-8.6,18,1242.15529
-7.7,18,1242.198672
-9.05,18,1242.253149
13.85,18,1242.301831
-7.1,18,1242.360612
-7.75,18,1242.404402
-8.35,18,1242.471469
13.3,18,1242.519896
-8.8,18,1242.577742
1.7,18,1242.62291
12.3,18,1242.913589
3.7,18,1242.961219
-7.95,18,1243.011805
13.2,18,1243.059037
-8.0,18,1243.117173
13.05,18,1243.160858
3.55,18,1243.210745
1.4,18,1243.259223
-9.05,18,1243.30765
-9.35,18,1243.362168
-8.8,18,1243.410742
-8.3,18,1243.468459
-7.9,18,1243.512764
-6.2,18,1243.562036
-9.1,18,1243.834848
-8.2,18,1243.894262
-8.35,18,1243.94391
-8.45,18,1243.999541
-6.85,18,1244.046067
14.4,18,1244.094484
-8.5,18,1244.14294
-7.85,18,1244.192441
-6.2,18,1244.240908
12.75,18,1244.283292
-6.85,18,1244.337813
-8.35,18,1244.386316
15.0,18,1244.435985
-9.05,18,1244.483268
-7.35,18,1244.847118
-8.75,18,1244.917323
14.3,18,1244.96195
-8.75,18,1245.865551
-7.8,18,1245.928858
-8.65,18,1245.974197
13.1,18,1246.028677
-8.8,18,1246.0771
2.65,18,1246.126749
15.35,18,1246.174146
-8.95,18,1246.222562
-8.65,18,1246.39247
11.65,18,1246.464945
-8.6,18,1246.520699
-8.65,18,1246.82242
15.2,18,1246.899727
14.2,18,1246.957035
-8.85,18,1247.016405
1.8,18,1247.071105
2.95,18,1247.119712
-7.9,18,1247.174002
-8.5,18,1247.216559
-7.6,18,1247.271267
-8.45,18,1247.319454
-8.15,18,1247.374071
-8.25,18,1247.422485
-8.25,18,1247.470881
15.9,18,1247.519466
3.0,18,1247.56181
-8.65,18,1247.85267
2.05,18,1247.906193
-9.75,18,1247.963175
-8.4,18,1248.010351
-7.55,18,1248.069911
-8.95,18,1248.113254
-8.55,18,1248.169021
3.45,18,1248.210457
-7.95,18,1248.263519
-8.25,18,1248.307115
12.55,18,1248.355813
15.05,18,1248.404217
-6.7,18,1248.446723
-6.6,18,1248.500217
-8.2,18,1248.834265
11.95,18,1248.881848
-9.5,18,1248.937231
-6.85,18,1248.991049
-7.15,18,1249.051558
11.9,18,1249.095335
12.5,18,1249.153263
-8.0,18,1249.198588
-8.45,18,1249.284102
12.0,18,1249.33258
14.0,18,1249.384924
13.1,18,1249.428457
13.95,18,1249.481652
3.65,18,1249.525314
-8.8,18,1249.808758
14.8,18,1249.864961
-7.7,18,1249.926138
14.2,18,1249.985941
-8.3,18,1250.071398
13.75,18,1250.125118
-8.8,18,1250.180837
13.25,18,1250.235145
-7.55,18,1250.307289
-6.65,18,1250.35604
-9.2,18,1250.446721
-8.7,18,1250.512184
14.2,18,1250.562341
12.4,18,1250.652782
-6.95,18,1251.402789
-8.2,18,1251.461717
-8.5,18,1251.506841
-8.0,18,1251.556505
-8.45,18,1251.604192
-6.1,18,1251.665447
-6.25,18,1251.713038
-8.8,18,1251.774649
-7.1,18,1251.822254
-7.5,18,1251.875896
13.35,18,1251.925703
-7.2,18,1252.010572
13.2,18,1252.059484
-8.55,18,1252.125152
-7.85,18,1252.36738
-9.1,18,1252.415885
-7.95,18,1252.464259
-7.85,18,1252.511796
-8.55,18,1252.566515
-8.4,18,1252.61006
16.9,18,1252.669399
-8.95,18,1252.713232
15.0,18,1252.773483
1.6,18,1252.834077
-7.15,18,1252.893506
-5.55,18,1252.949805
-7.55,18,1253.004714
-8.15,18,1253.057404
-8.35,18,1253.117924
-7.7,18,1253.373363
12.35,18,1253.428996
15.35,18,1253.475358
-8.35,18,1253.524773
1.75,18,1253.574609
13.4,18,1253.621979
-7.5,18,1253.688854
-9.3,18,1253.736888
-8.2,18,1253.805889
-8.4,18,1253.858081
-7.65,18,1253.913061
-7.9,18,1253.967317
12.9,18,1254.028051
-9.5,18,1254.082755
-7.9,18,1254.354977
-8.8,18,1254.408732
2.2,18,1254.463138
-9.1,18,1254.50655
-7.35,18,1254.562943
1.7,18,1254.60989
-8.5,18,1254.664403
-8.85,18,1254.712764
-7.8,18,1254.785372
-8.7,18,1254.827878
-8.0,18,1254.883587
-7.15,18,1254.930906
-8.55,18,1254.991935
-8.5,18,1255.052449
-8.15,18,1255.348933
-8.2,18,1255.392842
14.3,18,1255.446148
-8.5,18,1255.493432
-8.9,18,1255.547486
-9.2,18,1255.596477
-8.95,18,1255.650872
-9.0,18,1255.701164
14.25,18,1255.780184
-8.7,18,1255.838873
12.9,18,1255.900573
15.25,18,1255.955221
-6.85,18,1256.026204
1.8,18,1256.10054
-9.0,18,1256.361006
13.4,18,1256.408416
-7.2,18,1256.462864
-7.85,18,1256.50695
1.85,18,1256.555203
-8.25,18,1256.603547
-8.75,18,1256.663208
-7.6,18,1256.847006
-9.45,18,1256.937021
-9.25,18,1256.991426
13.45,18,1257.046098
-9.25,18,1257.105189
12.85,18,1257.168156
13.0,18,1257.215841
2.0,18,1257.270354
12.45,18,1257.547708
11.85,18,1257.597442
-8.45,18,1257.651825
2.15,18,1257.694269
-8.6,18,1257.75496
-8.0,18,1257.815507
-9.05,18,1257.8702
-8.55,18,1257.929677
-7.85,18,1257.985238
-8.65,18,1258.033802
-9.3,18,1258.092969
-8.55,18,1258.142006
-7.8,18,1258.234204
-6.55,18,1258.420057
12.2,18,1259.093928
14.35,18,1259.147414
-8.75,18,1259.221391
12.6,18,1259.281906
-7.1,18,1259.336575
-9.4,18,1259.408214
1.6,18,1259.462507
-8.85,18,1259.517412
-6.55,18,1259.564446
-8.05,18,1259.633778
12.5,18,1259.681875
11.95,18,1259.755469
13.6,18,1259.80283
12.2,18,1259.862786
-6.55,18,1260.091274
-7.3,18,1260.189777
-8.25,18,1260.23349
-8.95,18,1260.280835
12.9,18,1260.330407
-7.6,18,1260.372683
13.35,18,1260.426291
-8.2,18,1260.463587
-6.85,18,1260.517401
-9.1,18,1260.566142
-7.65,18,1260.611214
-8.95,18,1260.663558
-8.05,18,1260.705902
-8.1,18,1260.763977
-7.95,18,1261.008914
-7.35,18,1261.051219
-8.9,18,1261.099683
-7.85,18,1261.142087
-6.9,18,1261.191457
2.9,18,1261.233197
-8.3,18,1261.287698
-8.4,18,1261.330162
-8.5,18,1261.372422
-6.85,18,1261.428494
12.9,18,1261.471745
11.2,18,1261.543545
-7.85,18,1261.589809
15.85,18,1261.641453
-7.6,18,1261.935927
-7.6,18,1262.001885
2.0,18,1262.044312
-8.8,18,1262.123922
14.0,18,1262.174668
14.35,18,1262.228745
-8.35,18,1262.282135
-8.4,18,1262.353498
-9.1,18,1262.417078
13.35,18,1262.488369
2.7,18,1262.542698
-9.1,18,1262.590886
12.75,18,1262.633359
-9.2,18,1262.692899
-7.55,18,1262.736337
1.55,18,1263.074657
-8.85,18,1263.129159
-6.6,18,1263.172408
-8.9,18,1263.235459
-6.3,18,1263.287907
1.7,18,1263.342277
-9.3,18,1263.395679
-8.95,18,1263.457683
13.45,18,1263.512058
11.85,18,1263.565543
-7.75,18,1263.609151
-8.4,18,1263.657413
13.05,18,1263.711855
-7.45,18,1263.755634
-8.8,18,1264.057092
-8.7,18,1264.105739
-7.05,18,1264.157497
12.85,18,1264.201591
-8.8,18,1264.275544
-7.9,18,1264.31797
-9.2,18,1264.377356
-8.85,18,1264.427172
16.1,18,1264.48778
13.7,18,1264.535062
14.65,18,1264.585672
-8.3,18,1264.633224
-8.1,18,1264.681648
12.9,18,1264.742132
-7.55,18,1265.081448
12.05,18,1265.149753
-9.5,18,1265.196692
-7.4,18,1265.245211
12.7,18,1265.29471
-8.3,18,1265.347926
-8.15,18,1265.416327
2.3,18,1265.504473
-9.05,18,1265.547516
12.95,18,1265.610445
13.9,18,1265.656863
-8.6,18,1265.729464
12.45,18,1265.840647
1.45,18,1265.947372
-8.25,18,1266.749494
13.0,18,1267.008246
13.1,18,1267.0904
-8.65,18,1267.155154
-8.45,18,1267.219935
11.95,18,1267.298413
13.15,18,1267.365173
-7.65,18,1267.472965
14.15,18,1267.554644
-9.35,18,1267.645093
-7.25,18,1267.713879
12.25,18,1269.181364
-8.8,18,1269.238029
-8.25,18,1269.304267
13.2,18,1269.372557
-8.6,18,1269.741786
-6.85,18,1269.825428
-6.85,18,1269.869111
15.0,18,1269.933314
-9.15,18,1269.983051
-8.55,18,1270.038868
14.05,18,1270.086068
-9.15,18,1270.14047
12.55,18,1270.186135
13.1,18,1270.23888
13.15,18,1270.287255
-4.65,18,1270.346457
-9.2,18,1270.402399
15.3,18,1270.456997
-8.2,18,1270.710212
-8.6,18,1270.753913
13.55,18,1270.845647
-9.45,18,1270.901187
12.6,18,1270.953701
-7.7,18,1271.013298
-7.75,18,1271.0568
-8.3,18,1271.105349
14.55,18,1271.159965
-8.65,18,1271.208306
11.7,18,1271.268938
-8.8,18,1271.317416
-8.5,18,1271.372161
-8.65,18,1271.419456
-8.35,18,1271.650484
-9.15,18,1271.705165
2.05,18,1271.753504
12.15,18,1271.820551
-8.75,18,1271.874855
13.35,18,1271.936512
-8.05,18,1272.013245
-8.4,18,1272.063515
-9.0,18,1272.11641
-8.45,18,1272.1659
-8.85,18,1272.239671
-8.45,18,1272.293123
12.05,18,1272.348372
-8.2,18,1272.396044
2.0,18,1272.632218
-5.45,18,1272.685685
-9.2,18,1272.729452
11.95,18,1272.791489
-8.35,18,1272.850621
3.85,18,1272.916126
1.8,18,1272.965859
-9.0,18,1273.028396
-7.5,18,1273.074967
-9.25,18,1273.134321
-8.2,18,1273.196175
14.0,18,1273.256122
-6.3,18,1273.311721
-7.75,18,1273.371896
13.0,18,1273.614157
-8.75,18,1273.667517
-7.35,18,1273.710985
-7.5,18,1273.753187
-8.25,18,1273.814265
-8.55,18,1273.880706
-7.45,18,1273.947556
-6.45,18,1274.003087
-7.4,18,1274.05545
-6.65,18,1274.104786
-7.85,18,1274.155268
-8.0,18,1274.201888
-8.15,18,1274.26241
-8.8,18,1274.319245
-6.7,18,1274.37221
-8.75,18,1274.638351
13.35,18,1274.703866
-8.25,18,1274.753415
3.6,18,1274.807862
-8.0,18,1274.856464
-8.45,18,1274.94127
3.0,18,1275.006773
-7.9,18,1275.056575
-8.1,18,1275.104805
-7.75,18,1275.159633
-9.2,18,1275.208081
-5.95,18,1275.263462
4.05,18,1275.31117
-8.25,18,1275.371463
16.25,18,1275.613898
-7.4,18,1275.656229
12.7,18,1275.716896
13.35,18,1275.765307
12.35,18,1275.820134
12.6,18,1275.873338
-9.2,18,1275.935172
-7.75,18,1275.988655
13.0,18,1276.050485
-8.8,18,1276.092666
-8.95,18,1276.148264
-8.25,18,1276.19524
-9.3,18,1276.24919
14.0,18,1276.292629
-9.15,18,1276.547324
-8.3,18,1276.61029
-7.95,18,1276.655128
-7.45,18,1276.703512
-7.7,18,1276.751806
1.95,18,1276.812639
-6.95,18,1276.862491
-8.35,18,1276.917319
-7.55,18,1276.971486
-7.65,18,1277.063038
-7.4,18,1277.1097
-7.6,18,1277.164212
12.8,18,1277.207664
-8.1,18,1277.2562
-7.95,18,1277.505191
-8.85,18,1277.55344
-6.75,18,1277.602022
-7.4,18,1277.650064
14.3,18,1277.692346
14.15,18,1277.747148
3.35,18,1277.795466
-6.05,18,1277.850219
-7.9,18,1277.904593
-8.05,18,1277.965957
-7.25,18,1278.013817
-9.45,18,1278.074729
-8.25,18,1278.116651
13.45,18,1278.170759
-8.3,18,1278.212613
-8.35,18,1278.62559
-7.8,18,1278.685256
1.65,18,1278.728872
12.95,18,1278.784567
-8.9,18,1278.837868
12.05,18,1278.91062
-8.85,18,1278.971327
-8.05,18,1279.025739
-8.55,18,1279.085246
-7.55,18,1279.135323
-6.3,18,1279.180409
-8.05,18,1279.261976
12.8,18,1279.3174
-7.7,18,1279.364999
3.35,18,1279.607357
12.95,18,1279.660893
12.2,18,1279.710016
-7.4,18,1279.764006
-9.25,18,1279.807527
3.2,18,1279.855902
-6.55,18,1279.910592
-9.15,18,1279.953968
1.95,18,1280.019994
3.9,18,1280.07412
-6.8,18,1280.122493
1.8,18,1280.171126
-8.9,18,1280.230115
12.4,18,1280.274093
-6.55,18,1280.543884
13.2,18,1280.636685
-8.5,18,1280.680056
13.2,18,1280.733874
-7.2,18,1280.783209
-6.65,18,1280.825531
-7.8,18,1280.880051
-8.25,18,1280.933626
-7.65,18,1280.994083
-8.95,18,1281.049898
-8.2,18,1281.112788
-7.45,18,1281.156842
12.95,18,1281.213001
1.45,18,1281.256429
-8.5,18,1281.485965
-8.9,18,1281.545507
1.45,18,1281.589181
-7.8,18,1281.644426
13.0,18,1281.69121
-9.0,18,1281.740626
-8.5,18,1281.793882
-9.0,18,1281.836609
-8.2,18,1281.904352
-7.15,18,1282.007256
3.75,18,1282.055708
-7.65,18,1282.110276
-7.75,18,1282.152834
3.05,18,1282.207838
12.9,18,1282.455621
-9.55,18,1282.510193
11.7,18,1282.558664
-8.1,18,1282.601178
-7.55,18,1282.656753
-7.15,18,1282.71034
-8.5,18,1282.770637
-8.55,18,1282.825347
14.25,18,1282.891018
1.8,18,1282.940414
-8.9,18,1283.001065
-7.5,18,1283.050952
-7.6,18,1283.111595
4.0,18,1283.16476
-8.65,18,1283.230415
-6.05,18,1283.491827
-9.15,18,1283.547627
-7.8,18,1283.594928
15.3,18,1283.648555
-9.15,18,1283.703619
-8.25,18,1283.769712
-8.2,18,1283.819299
-8.25,18,1283.886957
-9.65,18,1283.940447
-7.1,18,1284.010316
2.75,18,1284.061553
-8.6,18,1284.122314
-9.0,18,1284.182949
-9.1,18,1284.243363
-9.1,18,1284.488174
13.3,18,1284.543586
15.75,18,1284.588918
12.5,18,1284.645817
-8.6,18,1284.728419
12.95,18,1284.782765
-8.55,18,1284.848361
-8.5,18,1284.898216
12.25,18,1284.977854
-7.8,18,1285.037474
-7.5,18,1285.098469
-8.75,18,1285.1464
-9.65,18,1285.207043
-7.0,18,1285.26155
16.6,18,1285.546846
2.75,18,1285.588769
-8.8,18,1285.649745
-8.45,18,1285.714388
13.1,18,1285.771021
-7.55,18,1285.831695
12.8,18,1285.890664
-7.75,18,1285.946223
-8.2,18,1286.015451
14.8,18,1286.079716
2.65,18,1286.141342
14.25,18,1286.194779
-8.15,18,1286.26213
1.75,18,1286.352742
-8.5,18,1286.637089
11.7,18,1286.685576
-8.4,18,1286.740076
1.3,18,1286.782459
13.05,18,1286.84326
1.95,18,1286.891539
-8.6,18,1286.963257
-7.35,18,1287.006807
-8.25,18,1287.205752
-8.9,18,1287.381872
14.25,18,1287.448943
1.8,18,1287.500105
12.05,18,1287.563241
-8.35,18,1287.614765
-8.75,18,1287.679838
-7.75,18,1288.405696
-8.65,18,1288.466734
12.95,18,1288.514718
13.4,18,1288.581285
-8.2,18,1288.658704
-8.75,18,1289.01451
-9.05,18,1289.126812
14.25,18,1289.18283
14.6,18,1289.224869
12.0,18,1289.306071
-8.5,18,1289.351993
-9.45,18,1289.479001
3.4,18,1289.714613
-8.7,18,1289.818085
15.05,18,1290.199252
-7.35,18,1290.25376
-7.9,18,1290.296526
13.25,18,1290.37044
11.45,18,1291.464362
13.25,18,1291.516255
-6.85,18,1291.59978
-8.85,18,1291.647949
13.95,18,1291.705065
-7.6,18,1291.751626
-7.6,18,1291.811872
-7.2,18,1291.855434
13.5,18,1291.923241
-8.5,18,1291.986992
-6.35,18,1292.241941
-8.7,18,1292.289499
-8.65,18,1292.346227
-8.85,18,1292.393659
1.8,18,1292.446383
-8.45,18,1292.517954
-6.95,18,1292.577681
11.85,18,1292.629787
-8.6,18,1292.688158
-8.1,18,1292.757515
-7.2,18,1292.824642
-6.1,18,1292.874858
-8.45,18,1292.945003
-8.45,18,1293.001621
-7.25,18,1293.251806
14.45,18,1293.308452
-8.55,18,1293.357448
-8.65,18,1293.405649
12.9,18,1293.465799
-8.7,18,1293.518718
-9.0,18,1293.559026
1.2,18,1293.617749
-8.1,18,1293.665634
-8.75,18,1293.708242
13.5,18,1293.768
-7.25,18,1293.808932
-8.8,18,1293.852063
-8.25,18,1293.916449
13.1,18,1294.295732
-7.1,18,1294.336782
13.5,18,1294.38437
-7.85,18,1294.435927
14.0,18,1294.467789
-6.75,18,1294.542877
-7.25,18,1294.594764
-8.5,18,1294.649962
12.85,18,1294.690094
-9.05,18,1294.750767
-7.25,18,1294.796283
-7.8,18,1294.855804
2.8,18,1294.904996
-8.35,18,1294.962411
-8.75,18,1295.01096
-8.75,18,1295.261273
1.55,18,1295.326658
13.7,18,1295.3703
-6.15,18,1295.417445
-7.3,18,1295.461672
-8.75,18,1295.506611
11.7,18,1295.572354
-9.5,18,1295.623158
-8.15,18,1295.678828
-8.65,18,1295.710375
-7.8,18,1295.777107
-8.1,18,1295.816893
-8.7,18,1295.877703
12.5,18,1295.938344
13.85,18,1296.17695
14.05,18,1296.225255
-6.85,18,1296.257692
-9.2,18,1296.305434
11.9,18,1296.362404
14.25,18,1296.402302
12.9,18,1296.449755
14.3,18,1296.481932
-8.85,18,1296.537994
-9.1,18,1296.589336
-8.45,18,1296.633308
-7.35,18,1296.67789
-8.7,18,1296.726129
-8.6,18,1296.756815
-8.35,18,1297.012928
-8.6,18,1297.071601
-8.5,18,1297.125658
-5.85,18,1297.17064
-9.2,18,1297.218948
-9.3,18,1297.276216
3.55,18,1297.339563
-8.45,18,1297.392664
-8.1,18,1297.429587
-8.6,18,1297.495992
11.95,18,1297.532677
-6.7,18,1297.591111
-6.9,18,1297.623955
-8.1,18,1297.671468
-9.3,18,1297.925759
2.5,18,1297.971491
2.75,18,1298.019811
14.6,18,1298.069845
-5.7,18,1298.112595
-7.75,18,1298.16887
13.2,18,1298.210979
-7.3,18,1298.261538
3.45,18,1298.362201
-8.75,18,1298.403204
2.65,18,1298.438718
11.55,18,1298.502124
13.0,18,1298.547407
-8.3,18,1298.610767
15.8,18,1298.64446
-8.15,18,1298.880915
-7.45,18,1298.938081
-7.5,18,1298.977907
13.4,18,1299.043237
-9.5,18,1299.095371
-8.05,18,1299.143921
15.4,18,1299.178805
12.15,18,1299.22644
2.45,18,1299.277642
-8.7,18,1299.322986
-6.85,18,1299.374784
-8.7,18,1299.422945
-9.15,18,1299.460194
-8.7,18,1299.522642
1.75,18,1299.943156
-8.4,18,1299.988757
-7.95,18,1300.03682
13.95,18,1300.095751
-7.4,18,1300.144547
-7.45,18,1300.198955
-8.65,18,1300.24091
-7.3,18,1300.292212
12.3,18,1300.337681
-9.1,18,1300.39253
-5.7,18,1300.436052
-7.55,18,1300.483652
2.5,18,1300.55247
-8.7,18,1300.595614
-8.9,18,1300.877283
-8.2,18,1300.985713
-7.95,18,1301.049059
-6.35,18,1301.136953
-9.0,18,1301.200814
-8.5,18,1301.277106
-8.5,18,1301.396866
-6.75,18,1301.587077
3.65,18,1301.698508
11.6,18,1301.746226
-9.8,18,1301.793725
12.35,18,1301.856352
3.05,18,1301.898814
-8.25,18,1301.956598
-8.6,18,1302.213233
-7.45,18,1302.261004
-7.8,18,1302.31328
-8.5,18,1302.362528
-8.85,18,1302.44304
-8.2,18,1302.483023
-8.7,18,1302.533982
-8.35,18,1302.576543
12.4,18,1302.631898
-8.6,18,1302.670819
-6.5,18,1302.718335
13.15,18,1302.766299
-8.15,18,1302.813756
13.6,18,1302.86542
-9.0,18,1303.121674
-8.65,18,1303.169111
2.3,18,1303.218432
-8.5,18,1303.26678
-8.25,18,1303.329011
4.75,18,1303.373721
-8.55,18,1303.42487
-7.65,18,1303.465178
-6.95,18,1303.507618
-6.15,18,1303.556834
12.8,18,1303.58869
1.95,18,1303.650994
-8.5,18,1303.690885
12.2,18,1303.749943
-8.15,18,1303.798516
1.7,18,1304.176232
-6.5,18,1304.250281
-8.3,18,1304.308369
-8.55,18,1304.385305
11.65,18,1304.425416
-8.0,18,1304.477324
12.95,18,1304.505642
-8.15,18,1304.56188
-5.9,18,1304.602555
13.8,18,1304.649901
-8.45,18,1304.706818
13.15,18,1304.746757
-8.7,18,1304.794596
11.75,18,1304.844555
-7.9,18,1305.105617
14.35,18,1305.166333
13.0,18,1305.214168
13.65,18,1305.267039
13.0,18,1305.306937
-8.35,18,1305.361792
5.15,18,1305.403582
-7.75,18,1305.435366
12.55,18,1305.504637
12.65,18,1305.54986
-8.1,18,1305.604677
-7.35,18,1305.641802
-7.05,18,1305.697554
-8.75,18,1305.755729
4.15,18,1306.092645
-8.45,18,1306.155199
-7.15,18,1306.187294
-6.6,18,1306.246352
-8.1,18,1306.278858
2.9,18,1306.349478
12.9,18,1306.394605
14.1,18,1306.430036
12.25,18,1306.495279
-8.8,18,1306.532403
-8.15,18,1306.592093
-8.15,18,1306.624448
-7.4,18,1306.683019
-7.35,18,1306.732064
2.9,18,1306.963383
-8.15,18,1307.036032
15.25,18,1307.076268
-8.25,18,1307.123851
-8.75,18,1307.171973
-8.9,18,1307.228578
-8.75,18,1307.27913
-6.35,18,1307.327618
4.65,18,1307.375034
-8.5,18,1307.418307
-5.3,18,1307.465764
-8.95,18,1307.523341
12.25,18,1307.563177
-8.25,18,1307.61071
-6.6,18,1307.654661
-8.35,18,1307.882729
12.3,18,1307.943558
-8.7,18,1307.979811
2.35,18,1308.027499
-8.2,18,1308.093322
14.0,18,1308.125302
3.65,18,1308.181237
-7.2,18,1308.221172
2.8,18,1308.285138
-7.8,18,1308.317568
13.2,18,1308.377481
-7.2,18,1308.424267
3.4,18,1308.455905
-7.5,18,1308.520531
-8.3,18,1308.752971
12.1,18,1308.803827
3.05,18,1308.856186
2.95,18,1308.892933
-8.05,18,1308.940424
-8.85,18,1309.003753
-7.55,18,1309.047998
1.95,18,1309.11277
-7.15,18,1309.155316
12.65,18,1309.206162
1.6,18,1309.246721
4.6,18,1309.306795
-8.5,18,1309.356462
13.8,18,1309.416031
14.6,18,1309.803852
-8.35,18,1309.868659
13.45,18,1309.904912
-8.8,18,1309.95804
-5.15,18,1310.025809
-7.55,18,1310.070459
-7.45,18,1310.131251
-7.95,18,1310.179238
3.8,18,1310.227916
-7.65,18,1310.278761
2.75,18,1310.328572
-6.3,18,1310.362358
12.8,18,1311.233411
-8.8,18,1311.282139
-8.55,18,1311.521653
-8.1,18,1311.568978
-6.5,18,1311.61397
-7.95,18,1311.665753
2.35,18,1311.723068
-8.65,18,1311.790753
-8.05,18,1311.832265
2.85,18,1311.903882
12.05,18,1311.957875
12.55,18,1312.030051
14.7,18,1312.090446
-7.7,18,1312.138195
-8.6,18,1312.206866
-9.35,18,1312.27048
-9.1,18,1312.537238
-8.2,18,1312.58486
-6.1,18,1312.636039
-8.95,18,1312.675896
13.05,18,1312.743236
12.4,18,1312.788144
-8.65,18,1312.874003
-7.65,18,1313.07618
-8.5,18,1313.282284
-8.5,18,1313.36403
-8.85,18,1313.43612
-7.85,18,1313.488244
-8.3,18,1313.568179
-8.65,18,1313.658805
-9.25,18,1313.742733
-8.9,18,1314.124933
-7.75,18,1314.181297
12.15,18,1314.409497
12.65,18,1314.610644
-6.85,18,1314.676935
4.7,18,1314.734718
-7.6,18,1314.817378
13.0,18,1314.89071
-8.1,18,1314.966852
-8.8,18,1315.099985
-8.3,18,1315.18137
-7.85,18,1315.228937
13.85,18,1315.294667
-7.85,18,1315.36086
-9.2,18,1315.667071
-8.25,18,1315.734725
13.8,18,1315.775047
-8.6,18,1315.850127
-7.7,18,1315.895612
-9.15,18,1315.949033
-8.75,18,1315.999928
-7.4,18,1316.073927
1.7,18,1316.130332
-6.55,18,1316.189632
-8.45,18,1316.23715
-6.7,18,1316.294546
1.55,18,1316.342324
-8.15,18,1316.398838
-8.45,18,1316.661723
13.85,18,1316.693348
-8.55,18,1316.753107
-8.2,18,1316.809777
-9.35,18,1316.874268
12.95,18,1316.919081
-8.25,18,1316.975143
-6.1,18,1317.031311
-7.5,18,1317.120661
1.55,18,1317.168525
14.95,18,1317.233713
-6.95,18,1317.281834
-6.6,18,1317.343892
1.65,18,1317.398578
-8.85,18,1317.655244
-9.15,18,1317.687616
12.75,18,1317.735108
-8.65,18,1317.801345
-8.55,18,1317.859862
-7.9,18,1317.908418
-7.5,18,1317.965009
13.2,18,1318.015829
-9.05,18,1318.079166
12.6,18,1318.136108
11.7,18,1318.191996
-8.2,18,1318.239503
4.5,18,1318.286551
-8.35,18,1318.334515
-8.25,18,1318.391007
-9.05,18,1318.797442
-7.55,18,1318.894545
-6.95,18,1318.944064
-8.45,18,1319.011154
12.1,18,1319.051198
-8.05,18,1319.110605
-9.05,18,1319.158333
-8.05,18,1319.219444
14.0,18,1319.266907
-7.4,18,1319.317883
-8.75,18,1319.356354
-7.65,18,1319.403974
2.95,18,1319.460628
-8.0,18,1319.496206
-9.45,18,1319.727395
-9.35,18,1319.799047
-8.3,18,1319.838946
-8.05,18,1319.899713
13.35,18,1319.935499
-9.55,18,1319.992144
-8.15,18,1320.041422
1.85,18,1320.148522
-8.35,18,1320.197707
12.6,18,1320.257933
14.0,18,1320.302075
-8.4,18,1320.368771
-8.6,18,1320.552845
-9.25,18,1320.584484
15.0,18,1320.831334
-8.6,18,1320.883833
-7.5,18,1320.923747
-6.5,18,1320.974715
13.0,18,1321.033908
-6.4,18,1321.094185
-8.75,18,1321.13833
-7.85,18,1321.196682
-7.45,18,1321.229137
2.2,18,1321.295929
4.05,18,1321.329372
-7.15,18,1321.376853
-8.7,18,1321.419175
-9.1,18,1321.466828
-8.55,18,1321.697159
3.3,18,1321.754602
-8.55,18,1321.802278
13.2,18,1321.853483
-8.9,18,1321.893359
1.55,18,1321.960649
-9.45,18,1322.006122
-8.75,18,1322.06999
-9.3,18,1322.123695
1.8,18,1322.17832
3.45,18,1322.220654
-7.7,18,1322.264879
12.6,18,1322.329846
14.3,18,1322.37746
13.05,18,1322.626787
-8.6,18,1322.662985
1.8,18,1322.710526
1.4,18,1322.770567
-9.3,18,1322.823307
12.25,18,1322.934504
-8.9,18,1323.068758
-8.9,18,1323.167253
-7.25,18,1323.222294
12.85,18,1323.259443
-9.3,18,1323.306969
-8.95,18,1323.356309
3.45,18,1323.404497
12.7,18,1323.457689
-8.3,18,1323.495609
-8.6,18,1323.728788
-8.6,18,1323.790707
-8.35,18,1323.832586
12.45,18,1323.888829
-7.05,18,1323.929543
12.35,18,1323.977027
-8.2,18,1324.040879
-9.0,18,1324.089069
13.1,18,1324.143145
14.65,18,1324.185728
-7.85,18,1324.239445
-8.4,18,1324.287289
-8.0,18,1324.348125
-8.5,18,1324.380498
-8.1,18,1324.622702
-8.8,18,1324.70078
-9.4,18,1324.747983
-8.8,18,1324.793282
-8.15,18,1324.847742
-9.0,18,1324.8913
-8.35,18,1324.942975
-7.75,18,1324.983541
12.85,18,1325.059062
-8.4,18,1325.107226
13.15,18,1325.166311
13.7,18,1325.198627
13.8,18,1325.265237
-7.25,18,1325.306534
12.7,18,1325.544607
-7.9,18,1325.604272
-7.95,18,1325.652057
-8.4,18,1325.709903
12.9,18,1325.749758
-9.35,18,1325.820915
14.5,18,1325.862698
-8.75,18,1325.91927
-7.8,18,1325.959412
-9.25,18,1326.006984
-7.55,18,1326.083452
-9.2,18,1326.175615
-8.55,18,1326.255281
-9.5,18,1326.317569
1.95,18,1326.569261
-9.1,18,1326.626056
12.65,18,1326.665939
-7.85,18,1326.713459
14.7,18,1326.760595
-8.2,18,1326.824126
2.85,18,1326.888128
-9.05,18,1326.98244
-9.15,18,1327.024674
2.7,18,1327.105969
-7.85,18,1327.153994
-8.95,18,1327.217936
13.05,18,1327.265763
-8.15,18,1327.323108
-8.65,18,1327.362831
-9.3,18,1327.615717
2.55,18,1327.67368
-9.6,18,1327.70946
-7.3,18,1327.770131
-8.0,18,1327.801967
-8.1,18,1327.866265
12.85,18,1327.898622
-7.95,18,1327.939073
-8.35,18,1327.995702
-7.6,18,1328.035605
-7.9,18,1328.10745
-9.05,18,1328.147501
14.05,18,1328.208544
-9.3,18,1328.251923
14.1,18,1328.503964
12.6,18,1328.564144
-8.65,18,1328.595853
-9.0,18,1328.65654
-9.05,18,1328.692374
-8.9,18,1328.74932
-8.4,18,1328.815211
13.85,18,1328.905356
14.8,18,1328.97385
-8.75,18,1329.032292
-9.7,18,1329.11118
-7.6,18,1329.156681
-8.25,18,1329.241584
13.0,18,1329.359411
-5.35,18,1330.274451
-7.4,18,1330.337504
-7.95,18,1330.378843
-7.1,18,1330.426387
-9.25,18,1330.482953
2.0,18,1330.530581
-8.95,18,1330.595921
-9.25,18,1330.635782
-5.9,18,1330.686588
-9.45,18,1330.727535
-8.2,18,1330.767636
-8.75,18,1330.824431
-8.35,18,1330.864426
-7.95,18,1330.919076
-7.45,18,1331.347105
12.85,18,1331.389496
-7.2,18,1331.440536
-7.35,18,1331.493733
12.25,18,1331.541533
12.35,18,1331.586252
12.05,18,1331.638717
-8.95,18,1331.685056
-9.25,18,1331.716844
-8.8,18,1331.777599
12.9,18,1331.810134
-8.95,18,1331.857537
-7.3,18,1331.906464
12.05,18,1331.954749
-8.25,18,1332.230534
-8.35,18,1332.270487
4.05,18,1332.328907
-8.85,18,1332.372092
-7.95,18,1332.444057
-8.5,18,1333.232607
-7.7,18,1333.280182
4.85,18,1333.357068
12.35,18,1333.452994
-7.95,18,1333.517133
-8.5,18,1333.596781
14.6,18,1333.637427
11.8,18,1333.709187
-8.2,18,1333.791009
-7.45,18,1333.828767
-9.25,18,1334.051915
-7.8,18,1334.099513
13.4,18,1334.148773
-6.6,18,1334.19655
14.15,18,1334.25459
12.85,18,1334.29502
-8.7,18,1334.353082
-9.3,18,1334.385501
14.8,18,1334.433192
-8.15,18,1334.482132
13.55,18,1334.530161
-9.35,18,1334.585696
-7.6,18,1334.625715
-7.6,18,1334.673198
14.95,18,1334.904443
-8.45,18,1334.940708
-8.35,18,1334.988859
15.75,18,1335.040301
11.7,18,1335.091553
1.9,18,1335.145245
-9.45,18,1335.192927
14.5,18,1335.249651
3.75,18,1335.289525
-9.1,18,1335.345215
11.85,18,1335.385423
-6.75,18,1335.417424
-7.7,18,1335.482492
-8.85,18,1335.514232
-8.7,18,1335.734746
2.9,18,1335.795294
-9.15,18,1335.827709
-7.8,18,1335.876379
13.3,18,1335.941359
12.6,18,1335.98696
-7.1,18,1336.032344
-8.95,18,1336.08618
-8.75,18,1336.14108
-7.45,18,1336.182929
-7.55,18,1336.237774
-9.05,18,1336.279642
-8.6,18,1336.311443
-9.3,18,1336.369671
-7.75,18,1336.636637
1.7,18,1336.700382
-9.3,18,1336.732823
-7.5,18,1336.802921
-8.4,18,1336.850208
-8.45,18,1336.880187
-8.35,18,1336.939134
-8.6,18,1336.995275
16.25,18,1337.048723
-7.9,18,1337.120778
-8.6,18,1337.184939
-7.75,18,1337.258273
2.5,18,1337.304546
-8.1,18,1337.377376
-9.3,18,1337.439161
-8.3,18,1337.665402
-8.3,18,1337.723027
11.95,18,1337.770614
-9.8,18,1337.821492
12.35,18,1337.874178
-8.9,18,1337.936274
-9.3,18,1337.984503
-7.6,18,1338.037663
-7.75,18,1338.094124
-9.05,18,1338.165856
-7.65,18,1338.228933
11.25,18,1338.307027
-8.5,18,1338.369022
13.2,18,1338.424414
-9.0,18,1338.645711
-8.95,18,1338.693249
-8.2,18,1338.742252
-8.95,18,1338.774035
-8.65,18,1338.839737
-7.1,18,1338.892244
-8.05,18,1338.944946
15.55,18,1339.001037
-9.25,18,1339.110361
-8.8,18,1339.189064
-6.15,18,1339.24442
12.9,18,1339.308641
13.9,18,1339.356744
-6.55,18,1339.428534
12.55,18,1339.650192
-9.15,18,1339.697778
13.05,18,1339.749058
12.95,18,1339.788846
14.95,18,1339.84542
1.4,18,1339.888123
-7.35,18,1339.947074
-6.35,18,1339.99508
-8.0,18,1340.129029
-7.85,18,1340.256938
1.85,18,1340.331469
-8.4,18,1340.404223
-7.4,18,1340.48852
14.0,18,1340.582595
-8.9,18,1340.823448
-8.0,18,1340.875968
-9.2,18,1340.915928
-7.3,18,1340.963425
-8.85,18,1341.013796
-9.25,18,1341.050636
12.0,18,1341.116413
1.5,18,1341.177497
13.55,18,1341.248462
3.9,18,1341.305513
-9.25,18,1341.357389
-6.9,18,1341.414305
-7.7,18,1341.613757
2.8,18,1341.841399
-7.55,18,1342.338543
13.95,18,1342.395128
-8.2,18,1342.439522
-7.95,18,1342.487191
-8.85,18,1342.542542
-7.3,18,1342.591167
-8.35,18,1342.644673
-7.45,18,1342.698799
-8.05,18,1342.731425
-8.15,18,1342.803089
-8.65,18,1342.848829
15.55,18,1342.899385
-8.2,18,1342.95024
-6.55,18,1343.002638
-9.4,18,1343.043036
14.6,18,1343.310338
-5.7,18,1343.36606
-7.75,18,1343.407974
12.05,18,1343.461709
13.1,18,1343.498778
13.0,18,1343.558401
1.95,18,1343.607974
-8.7,18,1343.639668
12.15,18,1343.699728
13.3,18,1343.731318
-9.5,18,1343.796619
-7.7,18,1343.836651
-8.3,18,1343.88501
11.75,18,1343.936327
-9.6,18,1344.18496
12.2,18,1344.241515
13.65,18,1344.285831
-7.3,18,1344.339599
-5.7,18,1344.382848
14.0,18,1344.432878
-7.6,18,1344.480068
-8.95,18,1344.527912
-7.45,18,1344.576907
-8.85,18,1344.61973
-8.1,18,1344.702158
13.1,18,1344.751081
-7.85,18,1344.812982
-9.0,18,1344.85632
-7.7,18,1345.126055
14.65,18,1345.174309
12.15,18,1345.236808
12.8,18,1345.303964
13.2,18,1345.379904
1.6,18,1345.455267
12.55,18,1345.53423
-7.9,18,1345.57867
-8.65,18,1345.6111
-8.15,18,1345.674578
-8.55,18,1345.713934
13.25,18,1345.761816
2.65,18,1345.821963
-7.15,18,1345.874032
-7.65,18,1346.095743
-8.75,18,1346.156523
-7.7,18,1346.212734
2.2,18,1346.282519
3.7,18,1346.331771
-8.55,18,1346.390311
-8.75,18,1346.441118
-7.25,18,1346.497904
2.9,18,1346.554199
-8.45,18,1346.614863
12.95,18,1346.663203
15.5,18,1346.732902
-8.4,18,1346.798866
-7.85,18,1346.855582
12.75,18,1346.904191
-8.55,18,1347.260837
11.75,18,1347.317231
-9.25,18,1347.370651
-9.1,18,1347.435871
-7.85,18,1347.476888
-7.5,18,1347.53987
-8.0,18,1347.577133
-6.05,18,1347.63328
2.65,18,1347.682472
12.95,18,1347.728436
-8.45,18,1347.782582
14.3,18,1347.815058
-9.25,18,1347.869386
2.75,18,1347.916196
-9.05,18,1348.162535
13.0,18,1348.231092
3.0,18,1348.267708
13.2,18,1348.31542
-7.9,18,1348.364606
-8.3,18,1348.412248
13.4,18,1348.4694
-6.35,18,1348.517554
12.35,18,1348.570066
-9.4,18,1348.61201
12.8,18,1348.660924
11.8,18,1348.719407
11.85,18,1348.788269
-6.9,18,1348.83778
-6.8,18,1349.05511
3.9,18,1349.102684
-7.7,18,1349.163572
2.55,18,1349.211509
-8.3,18,1349.261734
-9.1,18,1349.309281
-8.4,18,1349.365865
-6.45,18,1349.4135
-7.9,18,1349.462764
11.95,18,1349.520251
12.2,18,1349.576161
1.8,18,1349.637712
-7.95,18,1349.683979
-8.4,18,1349.771893
-7.85,18,1349.999625
-6.3,18,1350.05597
12.3,18,1350.103333
-9.4,18,1350.179216
-6.55,18,1350.230135
14.65,18,1350.279668
-6.3,18,1350.319407
-6.55,18,1350.375518
-9.3,18,1350.420257
-6.45,18,1350.460809
-8.85,18,1350.521741
13.0,18,1350.564542
-8.4,18,1350.612043
11.8,18,1350.649073
13.5,18,1350.874565
1.2,18,1350.922189
-7.95,18,1350.986199
-7.1,18,1351.03379
-9.05,18,1351.087286
12.7,18,1351.135886
3.6,18,1351.194125
-8.55,18,1351.235058
-8.05,18,1351.301165
4.35,18,1351.370233
11.55,18,1351.434624
4.85,18,1351.491125
-7.1,18,1351.552347
-9.2,18,1351.600953
15.25,18,1351.662179
-9.55,18,1351.907014
-8.2,18,1351.955593
-9.35,18,1352.012104
16.35,18,1352.052016
-8.95,18,1352.18921
12.35,18,1352.347485
-8.5,18,1352.408377
4.1,18,1352.460814
-8.6,18,1352.509292
13.3,18,1352.552143
12.7,18,1352.599912
11.55,18,1352.659056
-7.3,18,1353.845861
12.4,18,1353.911483
-8.2,18,1354.599744
14.45,18,1354.650372
-8.55,18,1354.702857
12.15,18,1354.757194
-4.6,18,1354.821374
-8.75,18,1355.020943
13.15,18,1355.303961
-9.0,18,1355.395743
-8.75,18,1355.466755
-8.15,18,1355.581897
12.7,18,1355.651924
2.65,18,1355.721126
-7.7,18,1355.780244
-8.65,18,1355.842177
-9.1,18,1356.306409
11.25,18,1356.362574
-8.5,18,1356.403199
-8.9,18,1356.460879
-7.4,18,1356.50104
-7.95,18,1356.55564
-8.5,18,1356.613969
-7.8,18,1356.645632
-6.85,18,1356.710914
-8.1,18,1356.775451
-8.45,18,1356.874465
12.1,18,1356.943561
13.0,18,1356.991577
-8.6,18,1357.041766
-6.95,18,1357.313142
-8.65,18,1357.360976
-7.5,18,1357.41546
-9.15,18,1357.460708
11.4,18,1357.519264
11.9,18,1357.55972
-7.4,18,1357.623843
-7.05,18,1357.658601
-6.6,18,1357.783287
-9.05,18,1357.82023
2.7,18,1357.876679
12.05,18,1357.912466
-8.1,18,1357.96937
-8.05,18,1358.016976
-6.45,18,1358.065461
-8.35,18,1358.335826
15.3,18,1358.383514
-6.9,18,1358.415822
-8.9,18,1358.47928
-7.55,18,1358.528546
2.6,18,1358.575962
15.1,18,1358.626119
13.8,18,1358.658601
-8.15,18,1358.706054
-5.75,18,1358.753451
13.8,18,1358.80129
-9.55,18,1358.864818
-6.5,18,1358.897385
-9.15,18,1358.952837
12.6,18,1359.177402
-8.05,18,1359.233127
-5.85,18,1359.284759
14.1,18,1359.330241
-8.9,18,1359.377807
11.9,18,1359.409842
15.25,18,1359.457423
-8.65,18,1359.514187
-8.05,18,1359.563332
-8.75,18,1359.616132
-8.1,18,1359.687327
-8.55,18,1359.731083
-7.9,18,1359.778697
-7.6,18,1359.835335
-7.45,18,1360.147758
-5.8,18,1360.241707
-7.65,18,1360.313079
-7.85,18,1360.360574
-6.8,18,1360.417116
-8.05,18,1360.457121
2.85,18,1360.504859
14.0,18,1360.553005
-8.5,18,1360.585213
11.85,18,1360.641871
-8.55,18,1360.689572
-8.6,18,1360.737487
-7.7,18,1360.770221
-8.75,18,1360.817803
3.25,18,1361.049631
-7.35,18,1361.112458
-8.25,18,1361.156922
-8.1,18,1361.207695
2.85,18,1361.247694
-8.2,18,1361.316664
-6.85,18,1361.357696
13.55,18,1361.417316
-7.85,18,1361.449689
-9.15,18,1361.497257
-7.9,18,1361.546407
-8.1,18,1361.594251
12.55,18,1361.648143
14.1,18,1361.692242
13.45,18,1361.9297
1.6,18,1361.986518
-8.35,18,1362.02644
2.3,18,1362.074422
12.2,18,1362.122572
-7.8,18,1362.169999
-8.65,18,1362.227265
-7.4,18,1362.275159
-8.4,18,1362.334114
-8.7,18,1362.405199
-7.6,18,1362.464135
-7.6,18,1362.496067
14.45,18,1362.563467
11.9,18,1362.595514
-8.85,18,1362.659595
-7.2,18,1362.878434
-8.55,18,1362.916161
-7.55,18,1362.970392
-7.55,18,1363.007223
-8.8,18,1363.055094
-7.8,18,1363.100571
-9.2,18,1363.148057
-7.7,18,1363.196442
-9.7,18,1363.24458
-6.55,18,1363.328815
-8.35,18,1363.41135
-9.35,18,1363.855201
-8.6,18,1363.940614
-9.15,18,1363.981526
14.2,18,1364.197229
-9.4,18,1364.244848
-8.15,18,1364.309695
-7.45,18,1364.35054
12.8,18,1364.415086
-7.35,18,1364.447242
-8.85,18,1364.494702
3.95,18,1364.54271
13.8,18,1364.590361
-7.3,18,1364.646581
12.75,18,1364.686459
12.8,18,1364.744391
-8.95,18,1364.776883
12.55,18,1364.824563
-8.8,18,1365.06319
-7.3,18,1365.144801
12.85,18,1365.203328
-8.0,18,1365.25129
-8.75,18,1365.30799
-8.75,18,1365.347783
-8.35,18,1365.411442
-7.45,18,1365.449594
-8.1,18,1365.496974
-8.75,18,1365.545964
2.6,18,1365.599845
-6.65,18,1365.651449
-9.25,18,1365.691602
-9.25,18,1365.723347
-9.05,18,1365.9486
-7.75,18,1365.997099
-9.25,18,1366.044709
12.3,18,1366.101384
13.2,18,1366.141262
-8.95,18,1366.195135
-8.5,18,1366.237404
14.15,18,1366.313906
-7.55,18,1366.346444
3.85,18,1366.409746
1.7,18,1366.459125
-8.45,18,1366.498836
14.8,18,1366.558523
-7.6,18,1366.604575
3.1,18,1366.65547
-7.45,18,1366.923434
1.75,18,1366.988088
14.3,18,1367.02786
-7.5,18,1367.077334
-7.65,18,1367.118363
-7.5,18,1367.192992
16.3,18,1367.241037
12.45,18,1367.302055
-7.6,18,1367.337453
-6.55,18,1367.400847
-7.7,18,1367.433438
-8.1,18,1367.497281
-7.3,18,1367.554057
-7.0,18,1367.586372
-8.0,18,1367.822677
14.15,18,1367.888982
-7.05,18,1367.920726
12.0,18,1367.98033
-8.15,18,1368.035758
-6.2,18,1368.09787
1.6,18,1368.140397
-6.25,18,1368.204683
13.7,18,1368.244668
13.1,18,1368.296146
-8.65,18,1368.37147
-8.65,18,1368.429032
-8.95,18,1368.483591
-6.5,18,1368.537771
-8.55,18,1368.770532
-8.35,18,1368.81043
-8.95,18,1368.858127
13.85,18,1368.907408
-8.85,18,1368.977276
-8.7,18,1369.038755
-8.65,18,1369.126448
-7.45,18,1369.17563
-6.35,18,1369.268574
-8.5,18,1369.328146
12.4,18,1369.368025
-6.6,18,1369.429226
-8.4,18,1369.473349
-8.9,18,1369.531792
-7.25,18,1369.757423
14.0,18,1369.805707
1.7,18,1369.837221
12.3,18,1369.902688
2.9,18,1369.943631
3.05,18,1370.002931
-9.05,18,1370.050689
-7.5,18,1370.108566
-9.0,18,1370.168475
-6.95,18,1370.226773
-8.75,18,1370.291228
13.25,18,1370.350094
-8.2,18,1370.407256
-7.5,18,1370.473258
-8.85,18,1370.738506
-9.1,18,1370.792149
-8.0,18,1370.834474
-8.1,18,1370.881982
-7.2,18,1370.931012
1.55,18,1370.962694
-8.35,18,1371.026884
-8.65,18,1371.074542
-7.4,18,1371.139628
-7.3,18,1371.187567
-8.15,18,1371.252678
-8.3,18,1371.300352
-8.8,18,1371.362317
-7.7,18,1371.412802
11.75,18,1371.464793
13.7,18,1371.678516
12.2,18,1371.727666
12.75,18,1371.768528
-8.5,18,1371.818774
-8.8,18,1371.858662
-8.3,18,1371.919729
13.3,18,1371.952004
1.8,18,1371.999755
-8.5,18,1372.067257
13.6,18,1372.107308
-7.8,18,1372.174033
-9.25,18,1372.24177
-8.15,18,1372.446961
-8.5,18,1372.52815
-8.9,18,1372.843806
-7.75,18,1372.883681
-8.35,18,1372.931227
-6.7,18,1372.976204
-8.9,18,1373.034489
-6.45,18,1373.081466
14.1,18,1373.137424
-8.75,18,1373.196677
-8.75,18,1373.245172
-8.4,18,1373.323962
-9.55,18,1373.391912
-8.5,18,1373.432822
14.85,18,1373.507215
-8.95,18,1373.547907
-8.85,18,1373.78209
-8.1,18,1373.840475
2.8,18,1373.881232
12.15,18,1373.912817
-8.1,18,1373.988267
-8.05,18,1374.019861
-8.65,18,1374.862634
-7.4,18,1374.901016
-9.45,18,1374.957909
-7.95,18,1375.006008
-8.25,18,1375.037762
-8.7,18,1375.094602
-8.7,18,1375.13451
-7.75,18,1375.212425
14.65,18,1375.577011
-6.55,18,1375.609334
-7.8,18,1375.656838
12.1,18,1375.699296
-7.2,18,1375.767555
-6.65,18,1375.848939
2.0,18,1375.962725
13.05,18,1376.048226
15.5,18,1376.10788
-8.55,18,1376.158869
2.75,18,1376.210459
13.0,18,1376.264785
-7.75,18,1376.31355
14.6,18,1376.367413
12.5,18,1376.43583
-8.55,18,1376.780471
-6.9,18,1376.840326
13.1,18,1376.884794
-8.25,18,1376.945486
-8.55,18,1377.011365
-8.4,18,1377.079404
12.6,18,1377.125943
-7.5,18,1377.181947
-8.9,18,1377.222752
-9.15,18,1377.272727
-8.35,18,1377.337679
3.1,18,1377.416119
-8.3,18,1377.464827
1.9,18,1377.521738
-8.05,18,1377.750004
-8.9,18,1377.78177
-8.75,18,1377.840084
-9.15,18,1377.872613
12.95,18,1377.920132
-8.7,18,1377.981301
-7.7,18,1378.058573
-8.55,18,1378.119842
15.1,18,1378.230276
15.5,18,1378.521597
12.25,18,1378.605126
-8.5,18,1378.79204
-8.9,18,1378.939813
-8.2,18,1379.048431
-7.45,18,1379.379921
-8.85,18,1379.417188
-9.0,18,1379.465147
-7.35,18,1379.514848
-7.15,18,1379.563081
-8.75,18,1379.640904
14.25,18,1379.702572
-9.15,18,1379.756849
-7.2,18,1379.80547
12.0,18,1379.854656
-8.85,18,1379.918545
-9.05,18,1379.967134
-9.3,18,1380.007481
-8.25,18,1380.063725
-7.35,18,1380.318534
-5.7,18,1380.385228
-9.45,18,1380.426205
-8.05,18,1380.473767
12.55,18,1380.533635
3.7,18,1380.586394
-8.65,18,1380.633881
12.1,18,1380.68594
-8.65,18,1380.740099
-8.2,18,1380.787988
-8.45,18,1380.842214
2.05,18,1380.876284
-7.55,18,1380.922619
-8.85,18,1380.981495
-8.15,18,1381.204881
-9.35,18,1381.252418
-7.55,18,1381.309528
-7.55,18,1381.367654
-6.5,18,1381.422586
-7.3,18,1381.518586
-9.25,18,1381.569956
-7.35,18,1381.621656
12.8,18,1381.657135
-9.0,18,1381.722186
-8.55,18,1381.753461
-7.65,18,1381.800932
-9.2,18,1381.857786
-8.85,18,1381.905372
-8.35,18,1381.95287
-7.95,18,1382.178291
12.8,18,1382.2116
1.7,18,1382.259112
-8.8,18,1382.314845
-6.8,18,1382.367249
14.85,18,1382.420141
-8.8,18,1382.466888
-8.7,18,1382.518634
-6.95,18,1382.551078
-9.25,18,1382.598748
-5.6,18,1382.647766
2.45,18,1382.695413
12.5,18,1382.751133
-7.7,18,1382.794575
-7.7,18,1383.15684
-8.85,18,1383.215423
13.1,18,1383.247861
14.25,18,1383.314727
-8.3,18,1383.354537
-9.2,18,1383.427314
-8.3,18,1383.467415
-8.95,18,1383.515053
2.5,18,1383.563002
-9.15,18,1383.610672
-7.6,18,1383.659586
-7.7,18,1383.691386
12.1,18,1383.75526
-8.2,18,1383.80305
-8.1,18,1384.033399
-6.6,18,1384.080965
13.0,18,1384.11393
-9.05,18,1384.168252
3.6,18,1384.243239
-9.3,18,1384.275606
-7.85,18,1384.335011
-8.95,18,1384.382413
-7.45,18,1384.44731
5.25,18,1384.488648
11.8,18,1384.548677
-7.2,18,1384.584654
-6.2,18,1384.616333
-8.2,18,1384.683486
14.05,18,1384.9019
2.95,18,1384.950022
12.0,18,1385.008339
-7.9,18,1385.048262
16.0,18,1385.095808
-7.15,18,1385.138567
-8.45,18,1385.17025
12.65,18,1385.227066
-7.45,18,1385.266987
11.8,18,1385.330415
12.95,18,1385.363132
-9.3,18,1385.426955
5.7,18,1385.478084
1.9,18,1385.521193
-7.25,18,1385.593138
-7.65,18,1385.805355
-6.75,18,1385.845338
-7.65,18,1385.912641
15.3,18,1385.942282
13.35,18,1385.990083
-8.65,18,1386.040671
-9.35,18,1386.113095
-7.7,18,1386.146232
11.85,18,1386.195207
-8.75,18,1386.247937
-8.7,18,1386.287924
-8.65,18,1386.373039
12.85,18,1386.584652
-6.25,18,1386.616883
-8.95,18,1386.887691
-9.1,18,1386.949508
13.6,18,1387.013406
-6.4,18,1387.045151
-8.65,18,1387.112674
2.85,18,1387.163988
14.2,18,1387.225525
-7.0,18,1387.265409
-8.55,18,1387.324137
-7.95,18,1387.356688
15.8,18,1387.429019
12.25,18,1387.461867
14.1,18,1387.517938
14.1,18,1387.566693
-8.7,18,1387.792935
12.75,18,1387.840601
-8.2,18,1387.893672
-8.8,18,1387.922943
12.6,18,1387.974164
-7.65,18,1388.013508
-8.7,18,1388.061428
-6.8,18,1388.114288
-8.2,18,1388.154204
14.3,18,1388.215481
12.2,18,1388.258708
11.9,18,1388.326124
-8.05,18,1388.377779
12.65,18,1388.418818
13.25,18,1388.88158
-8.05,18,1389.080513
-9.15,18,1389.130131
17.75,18,1389.162364
-8.75,18,1389.221528
-5.95,18,1389.26299
2.8,18,1389.302858
12.95,18,1389.354967
-8.15,18,1389.394894
-8.45,18,1389.455631
-7.4,18,1389.503054
11.65,18,1389.567056
-8.3,18,1389.614003
-8.8,18,1389.686069
-5.85,18,1389.907453
-8.05,18,1389.947961
12.95,18,1389.988321
-7.45,18,1390.031468
14.4,18,1390.079455
13.9,18,1390.140452
-6.75,18,1390.172592
-7.55,18,1390.233105
-9.15,18,1390.265718
-8.0,18,1390.322213
12.75,18,1390.370707
-8.6,18,1390.418457
-5.9,18,1390.477694
-8.2,18,1390.525169
-9.2,18,1390.586914
-9.2,18,1390.813499
-8.3,18,1390.861948
-8.45,18,1390.914014
-6.5,18,1390.95792
-7.85,18,1391.03375
-9.6,18,1391.08125
12.85,18,1391.1322
-8.35,18,1391.172226
13.35,18,1391.228692
-6.45,18,1391.268694
-6.05,18,1391.300383
12.9,18,1391.366594
-5.75,18,1391.396251
-7.8,18,1391.468936
2.25,18,1391.701145
-6.45,18,1391.743499
-7.6,18,1391.790369
-9.5,18,1391.838689
-8.55,18,1391.89351
-7.65,18,1391.92846
2.45,18,1391.975903
-7.55,18,1392.0272
-7.6,18,1392.056464
-8.4,18,1392.104002
-8.9,18,1392.168542
-9.65,18,1392.200128
-7.75,18,1392.256747
13.85,18,1392.296689
-8.05,18,1392.592639
-9.2,18,1392.63244
-7.55,18,1392.688941
13.75,18,1392.729569
-9.0,18,1392.783152
-8.35,18,1392.833892
-9.25,18,1392.873513
-8.9,18,1392.926013
12.9,18,1392.965914
-8.9,18,1393.006207
-7.55,18,1393.065362
-7.8,18,1393.112826
2.95,18,1393.161855
-8.85,18,1393.19354
-8.1,18,1393.414417
-7.5,18,1393.486863
-7.4,18,1393.527232
-6.8,18,1393.584088
-8.0,18,1393.639857
2.75,18,1393.68236
-8.9,18,1393.747048
-8.7,18,1393.798547
-7.4,18,1393.845564
-9.2,18,1393.8931
12.95,18,1393.944189
-7.75,18,1393.984165
-9.15,18,1394.024937
-8.3,18,1394.07347
-6.8,18,1394.97238
-8.55,18,1395.212495
11.8,18,1395.256482
13.55,18,1395.315765
-9.1,18,1395.347487
-8.5,18,1395.416674
1.35,18,1395.460043
-7.35,18,1395.544544
14.4,18,1395.584193
3.45,18,1395.638701
-7.2,18,1395.689246
12.6,18,1395.754195
-9.5,18,1395.796588
11.85,18,1395.863229
-8.0,18,1395.905135
-8.15,18,1396.124497
-8.3,18,1396.164923
-7.95,18,1396.222325
-8.9,18,1396.27
-7.95,18,1396.324049
-8.35,18,1396.361981
14.25,18,1396.42145
-7.7,18,1396.482944
-7.3,18,1396.562411
2.05,18,1396.611489
-7.8,18,1396.669064
-7.95,18,1396.716589
2.55,18,1396.768126
12.45,18,1396.80812
-9.55,18,1397.627544
14.9,18,1397.6825
-7.8,18,1397.729567
-6.4,18,1397.780998
-7.05,18,1397.866724
-8.5,18,1397.931504
-9.85,18,1397.991071
-8.95,18,1398.040068
3.55,18,1398.103978
-8.5,18,1398.170128
14.05,18,1398.201767
-8.8,18,1398.252693
11.9,18,1398.301355
-8.1,18,1398.359622
-8.35,18,1398.608156
-7.7,18,1398.647968
-7.35,18,1398.695425
-7.9,18,1398.743396
15.35,18,1398.794985
-8.95,18,1398.843021
-7.0,18,1398.883041
11.9,18,1398.947454
-9.7,18,1398.99576
13.1,18,1399.056472
-8.5,18,1399.108946
-8.7,18,1399.164337
13.75,18,1399.228335
-7.6,18,1399.293342
13.0,18,1399.556515
5.75,18,1399.604556
-6.85,18,1399.655005
-7.45,18,1399.712247
-8.4,18,1399.759628
-7.35,18,1399.791226
4.7,18,1399.850825
-7.25,18,1399.89474
-7.6,18,1399.942361
2.85,18,1399.990817
12.2,18,1400.03865
1.25,18,1400.095065
-8.2,18,1400.156808
-7.65,18,1400.208277
13.75,18,1400.25582
-8.5,18,1400.502977
-8.55,18,1400.567806
-8.05,18,1400.607644
-7.7,18,1400.667215
2.95,18,1400.73121
-7.85,18,1400.776427
13.45,18,1400.824648
2.2,18,1400.884896
-8.95,18,1400.949806
15.25,18,1401.010372
-7.6,18,1401.042279
1.75,18,1401.103286
1.8,18,1401.135265
-8.45,18,1401.196254
3.3,18,1401.427608
14.05,18,1401.475669
-9.35,18,1401.533566
-8.85,18,1401.573507
-8.8,18,1401.621645
-6.3,18,1401.670521
-7.55,18,1401.741112
12.95,18,1401.796142
-7.75,18,1401.863514
-8.75,18,1401.945684
14.1,18,1402.007635
-8.5,18,1402.048104
2.6,18,1402.091069
-7.75,18,1402.138788
13.0,18,1402.362968
-8.6,18,1402.419867
-7.7,18,1402.459675
11.75,18,1402.529649
-8.8,18,1402.583165
-7.1,18,1402.639767
-7.3,18,1402.676614
13.15,18,1402.723813
11.75,18,1402.772024
-7.95,18,1402.819589
13.05,18,1402.870669
-8.75,18,1402.91654
3.65,18,1402.958259
-8.25,18,1403.007127
14.05,18,1403.23954
-8.95,18,1403.310743
-7.8,18,1403.343026
12.6,18,1403.406397
-8.45,18,1403.439669
-7.8,18,1403.487577
13.35,18,1403.554989
-6.25,18,1403.595131
-7.3,18,1403.650116
13.1,18,1403.691802
-7.35,18,1403.723839
12.85,18,1403.781915
-7.8,18,1403.821809
-7.8,18,1403.880345
-8.95,18,1403.912922
-8.35,18,1404.138333
-9.0,18,1404.196689
1.2,18,1404.246914
-7.95,18,1404.296396
-8.6,18,1404.341728
-8.9,18,1404.373595
2.8,18,1404.438126
-9.05,18,1404.472738
11.65,18,1404.520179
-7.55,18,1404.584034
-8.35,18,1404.670497
-7.5,18,1404.710767
-7.45,18,1404.771139
-7.4,18,1404.80363
-9.3,18,1405.027719
3.1,18,1405.075237
-8.65,18,1405.124211
14.6,18,1405.167116
-7.6,18,1405.220215
-6.6,18,1405.258231
-6.7,18,1405.312757
12.55,18,1405.349757
2.55,18,1405.397691
14.25,18,1405.442485
14.85,18,1405.482673
-8.7,18,1405.563242
-6.75,18,1405.610879
12.6,18,1405.662463
12.85,18,1405.882188
-8.65,18,1405.918576
-7.25,18,1405.976328
1.65,18,1406.029939
-8.65,18,1406.077493
-8.9,18,1406.131912
-9.0,18,1406.168333
12.2,18,1406.224871
-8.0,18,1406.264823
12.15,18,1406.328853
-8.6,18,1406.360914
13.05,18,1406.433239
-7.85,18,1406.482533
12.0,18,1406.535473
13.7,18,1406.797368
-8.45,18,1406.844736
-6.15,18,1406.902833
13.9,18,1406.942623
-6.85,18,1407.001318
-9.15,18,1407.033861
-7.6,18,1407.081365
-9.2,18,1407.130481
-5.75,18,1407.177975
-8.75,18,1407.236247
13.45,18,1407.280517
11.85,18,1407.33462
-8.45,18,1407.391543
-7.6,18,1407.456141
-8.3,18,1407.690681
2.2,18,1407.738632
-8.05,18,1407.803226
-8.9,18,1407.840068
-8.1,18,1407.887662
-9.15,18,1407.940083
-8.05,18,1407.984622
12.25,18,1408.033719
-8.5,18,1408.065425
-6.15,18,1408.209414
1.7,18,1408.297753
-7.3,18,1408.338713
-8.6,18,1408.394587
-9.15,18,1408.439756
13.8,18,1408.487184
13.45,18,1408.785017
11.55,18,1408.843441
-9.4,18,1408.884193
-7.15,18,1408.915946
-8.65,18,1408.975311
-8.9,18,1409.022785
14.1,18,1409.07122
-8.45,18,1409.103565
13.0,18,1409.151022
14.15,18,1409.193382
-8.35,18,1409.240885
-8.25,18,1409.297684
-7.6,18,1409.33785
-8.45,18,1409.389118
-9.2,18,1409.633765
1.75,18,1409.673628
-8.55,18,1409.734249
-7.85,18,1409.777201
-7.3,18,1409.817436
-8.05,18,1409.868581
-8.85,18,1409.916578
-7.1,18,1409.969193
-8.75,18,1410.000844
-8.65,18,1410.067502
-7.9,18,1410.098312
-8.75,18,1410.145757
1.95,18,1410.195593
-8.75,18,1410.243176
-9.25,18,1410.468004
-7.9,18,1410.526515
-7.4,18,1410.574161
14.9,18,1410.630805
-8.55,18,1410.670987
3.65,18,1410.727647
12.0,18,1410.778847
14.85,18,1410.810534
-8.4,18,1410.874751
-7.45,18,1410.922177
12.2,18,1410.988182
-8.55,18,1411.052324
-7.1,18,1411.112342
-6.9,18,1411.176326
-8.45,18,1411.408288
-8.95,18,1411.497854
-8.45,18,1411.532881
-8.95,18,1411.596135
-9.4,18,1411.644854
-8.5,18,1411.703655
-8.25,18,1411.754695
12.9,18,1411.810786
-8.3,18,1411.871916
-7.05,18,1411.927594
12.5,18,1412.003194
15.1,18,1412.059701
-8.5,18,1412.102121
-7.9,18,1412.161987
-8.5,18,1412.205349
-6.75,18,1412.431751
1.7,18,1412.479355
-7.75,18,1412.530293
-8.55,18,1412.57865
-8.05,18,1412.645573
-8.05,18,1412.685519
-7.75,18,1412.749705
-9.35,18,1412.782061
-9.3,18,1412.855784
-9.35,18,1412.895996
-7.4,18,1412.970784
12.5,18,1413.018919
-9.2,18,1413.087929
-8.3,18,1413.136191
-8.85,18,1413.364922
-7.85,18,1413.424867
1.35,18,1413.457369
-8.9,18,1413.504754
-9.0,18,1413.569829
-8.15,18,1413.637293
13.0,18,1414.583004
-8.55,18,1414.659989
-8.7,18,1414.707875
15.9,18,1414.764256
-7.1,18,1414.820405
13.05,18,1414.873833
-8.65,18,1414.912465
-7.05,18,1414.982862
-7.7,18,1415.191733
13.15,18,1415.232907
-8.55,18,1415.280459
-7.85,18,1415.323928
12.05,18,1415.371797
-8.55,18,1415.438258
-9.7,18,1415.473877
12.05,18,1415.533986
-9.45,18,1415.568622
14.95,18,1415.642963
-8.35,18,1415.689791
13.2,18,1415.754499
13.15,18,1415.810847
13.9,18,1415.871699
-8.2,18,1416.105728
1.65,18,1416.153502
-6.45,18,1416.198758
12.8,18,1416.246447
-6.25,18,1416.295548
-8.75,18,1416.342891
-7.55,18,1416.432539
13.4,18,1416.55466
-7.6,18,1416.731116
-6.0,18,1416.819709
-8.15,18,1416.918275
-9.1,18,1417.037201
-7.8,18,1417.129392
14.15,18,1417.214359
-8.0,18,1417.649414
-7.65,18,1417.734694
-8.5,18,1417.796534
-8.9,18,1417.850379
15.35,18,1417.916404
-7.65,18,1417.995516
3.35,18,1418.079813
12.6,18,1418.149638
-6.55,18,1418.204723
12.35,18,1418.25769
13.0,18,1418.344389
3.25,18,1418.439915
-6.95,18,1418.500895
-8.85,18,1418.582662
-6.95,18,1418.709742
-7.75,18,1419.362087
-8.25,18,1419.393843
-7.65,18,1419.461143
12.3,18,1419.506414
-8.05,18,1419.57011
-9.2,18,1419.643623
15.85,18,1419.767914
-9.1,18,1419.837214
-7.7,18,1419.910277
-5.85,18,1420.186755
-7.8,18,1420.297727
-7.5,18,1420.358625
-7.35,18,1420.442696
-9.25,18,1420.530744
1.75,18,1420.878391
-5.8,18,1420.910146
-8.3,18,1420.970489
-8.5,18,1421.018143
-7.4,18,1421.084852
11.8,18,1421.123477
-8.6,18,1421.186319
14.85,18,1421.234812
-7.7,18,1421.282405
-6.95,18,1421.326166
-8.2,18,1421.374312
-8.15,18,1421.434788
-6.65,18,1421.482405
-7.15,18,1421.533891
13.0,18,1421.791454
14.05,18,1421.839988
-7.65,18,1421.883201
2.75,18,1421.914903
-7.95,18,1421.974126
13.9,18,1422.022784
-9.1,18,1422.07506
-9.25,18,1422.121789
-8.1,18,1422.169526
12.9,18,1422.21423
12.1,18,1422.277701
-8.15,18,1422.326894
-8.5,18,1422.357004
-7.95,18,1422.421796
-7.7,18,1422.648728
-8.5,18,1422.696666
4.05,18,1422.755836
-7.7,18,1422.806426
-8.95,18,1422.854674
13.2,18,1422.900002
-6.45,18,1422.947394
16.05,18,1422.990177
-6.55,18,1423.037756
1.75,18,1423.086497
-6.65,18,1423.134415
-8.65,18,1423.189607
2.1,18,1423.232441
14.9,18,1423.273307
-6.7,18,1423.322867
-7.25,18,1423.537595
-9.25,18,1423.585149
12.4,18,1423.641863
-7.65,18,1423.709363
13.2,18,1423.821745
-8.1,18,1423.910319
-7.75,18,1423.963733
-7.75,18,1424.008338
12.85,18,1424.048279
13.85,18,1424.115343
-6.45,18,1424.141422
-8.15,18,1424.189515
-8.1,18,1424.243415
3.8,18,1424.27578
-8.8,18,1424.518433
-8.0,18,1424.580968
3.65,18,1424.628518
2.6,18,1424.69288
13.15,18,1424.740543
4.6,18,1424.797052
-8.8,18,1424.845467
12.7,18,1424.892869
-7.85,18,1424.925388
1.9,18,1424.973083
2.15,18,1425.029407
13.15,18,1425.068506
-8.4,18,1425.132532
12.55,18,1425.165603
-7.5,18,1425.389845
14.35,18,1425.437272
-8.5,18,1425.486574
-7.75,18,1425.534198
-8.45,18,1425.581956
13.15,18,1425.629572
-8.55,18,1425.677649
2.9,18,1425.727591
-8.75,18,1425.759982
14.9,18,1425.824513
13.45,18,1425.856263
-6.4,18,1425.904375
-8.3,18,1425.953398
-9.35,18,1426.00133
-7.35,18,1426.229248
-8.15,18,1426.280308
-7.65,18,1426.312049
-8.95,18,1426.381887
13.5,18,1426.413776
12.9,18,1426.461658
-8.1,18,1426.514976
-8.85,18,1426.558342
-8.0,18,1426.616911
12.3,18,1426.680986
12.1,18,1426.757157
13.25,18,1426.816971
-8.3,18,1426.866047
15.15,18,1426.908386
-7.8,18,1427.135456
-7.35,18,1427.192066
1.5,18,1427.224057
-7.9,18,1427.271563
-8.0,18,1427.326783
-8.65,18,1427.375479
3.1,18,1427.434174
-8.45,18,1427.481846
-8.5,18,1427.53319
-9.75,18,1427.562362
1.45,18,1427.610803
-8.75,18,1427.670925
-8.55,18,1427.719082
-7.45,18,1427.776568
-8.3,18,1427.817141
-8.8,18,1428.045288
3.35,18,1428.102085
-6.9,18,1428.141911
-6.25,18,1428.189412
2.0,18,1428.237866
-7.6,18,1428.285754
-7.25,18,1428.331157
-8.05,18,1428.378783
-8.3,18,1428.432186
1.8,18,1428.471987
-6.55,18,1428.513256
-6.55,18,1428.563761
12.1,18,1428.612221
13.25,18,1428.670515
-8.85,18,1428.900708
-8.2,18,1428.948315
-7.75,18,1428.996933
3.9,18,1429.050093
12.5,18,1429.098283
-6.85,18,1429.146167
-8.95,18,1429.192273
12.25,18,1429.252241
-8.35,18,1429.300177
-8.35,18,1429.343425
1.8,18,1429.391078
-8.7,18,1429.447751
12.45,18,1429.488434
-8.3,18,1429.537171
-8.55,18,1429.801495
3.9,18,1429.848931
-8.3,18,1429.904598
-9.3,18,1429.944512
-8.6,18,1430.00778
2.9,18,1430.049795
3.55,18,1430.089386
-7.8,18,1430.140999
-9.1,18,1430.181314
-8.15,18,1430.240193
11.85,18,1430.375005
-8.6,18,1430.463859
-8.75,18,1430.512979
-9.85,18,1430.560899
16.9,18,1430.854499
12.55,18,1430.886154
-9.3,18,1430.944524
-7.55,18,1430.97729
12.9,18,1431.024928
-7.55,18,1431.074476
3.75,18,1431.130726
2.4,18,1431.181711
15.45,18,1431.230167
-8.55,18,1431.294263
-9.5,18,1431.351593
-8.3,18,1431.402691
-9.0,18,1431.45271
12.65,18,1431.514864
-8.4,18,1431.558969
-8.9,18,1431.847563
-7.65,18,1431.88708
-8.3,18,1431.945163
13.2,18,1431.985281
-6.8,18,1432.033195
-7.75,18,1432.09501
2.55,18,1432.140172
1.7,18,1432.209896
-7.8,18,1432.241531
-7.7,18,1432.306373
15.8,18,1432.354836
-7.45,18,1432.411069
12.5,18,1432.4518
-8.1,18,1432.50773
-8.05,18,1432.764894
14.5,18,1432.812667
-6.2,18,1432.857908
13.15,18,1432.905603
-8.25,18,1432.962276
-8.55,18,1433.002279
-8.35,18,1433.072176
16.45,18,1433.116912
-8.35,18,1433.183214
-8.1,18,1433.225213
15.9,18,1433.300717
12.6,18,1433.348857
13.15,18,1433.409818
13.5,18,1433.471055
-7.8,18,1433.73454
-6.7,18,1433.775311
-9.05,18,1433.830576
-8.75,18,1433.867762
-7.2,18,1433.91524
-8.55,18,1433.963808
-9.05,18,1434.012255
3.75,18,1434.077914
-8.15,18,1434.141576
14.95,18,1434.185419
-7.95,18,1434.233472
-8.5,18,1434.306701
-8.8,18,1434.354799
12.8,18,1434.407353
-8.55,18,1435.527271
-9.4,18,1435.575002
12.85,18,1435.622555
-7.95,18,1435.673807
14.6,18,1435.713918
-8.75,18,1435.772837
-8.2,18,1435.847937
14.0,18,1435.891738
-9.1,18,1435.941782
11.5,18,1435.99141
-8.4,18,1436.03987
-8.1,18,1436.100487
2.55,18,1436.148376
-8.35,18,1436.209548
-8.9,18,1436.462392
-7.5,18,1436.510854
-9.05,18,1436.570658
-8.9,18,1436.602303
-7.45,18,1436.659381
11.95,18,1436.715163
-8.85,18,1436.781135
-8.55,18,1436.828738
15.95,18,1436.89323
-6.75,18,1436.925541
-6.5,18,1436.999373
-8.3,18,1437.047352
-7.8,18,1437.106491
14.15,18,1437.147364
-8.8,18,1437.200011
13.85,18,1437.441335
-8.7,18,1437.485761
-7.85,18,1437.525704
-7.3,18,1437.57664
-8.15,18,1437.616637
12.7,18,1437.676096
2.85,18,1437.724081
-7.7,18,1437.785188
-8.4,18,1437.832828
1.65,18,1437.883749
12.1,18,1437.91344
12.05,18,1437.960915
-8.45,18,1438.021564
-7.55,18,1438.070656
14.75,18,1438.28342
-7.65,18,1438.342302
-7.7,18,1438.389857
-7.8,18,1438.444368
-8.85,18,1438.487155
12.1,18,1438.54307
13.2,18,1438.583723
-8.3,18,1438.647507
-8.95,18,1438.693035
-8.9,18,1438.740348
-8.7,18,1438.805354
-8.9,18,1438.849164
-8.15,18,1438.901855
-7.6,18,1438.936589
12.2,18,1439.155601
-8.3,18,1439.203104
-6.35,18,1439.251236
2.8,18,1439.298697
-9.35,18,1439.350266
-9.2,18,1439.395904
-8.6,18,1439.443449
-7.05,18,1439.49414
13.1,18,1439.525783
-8.4,18,1439.585677
12.9,18,1439.618325
13.5,18,1439.683784
-8.3,18,1439.726361
12.35,18,1439.79272
-8.2,18,1440.015993
-8.6,18,1440.055567
-9.15,18,1440.120018
13.3,18,1440.291676
2.85,18,1440.345198
15.95,18,1440.399542
-8.0,18,1440.436298
-8.65,18,1440.484039
12.9,18,1440.532397
-9.35,18,1440.581837
-8.5,18,1440.635157
-8.5,18,1440.682392
14.45,18,1440.73031
-8.9,18,1440.779684
-8.7,18,1440.843961
-8.45,18,1441.047219
3.65,18,1441.10592
-8.15,18,1441.13764
-8.3,18,1441.20221
-7.5,18,1441.234569
-8.2,18,1441.282092
15.3,18,1441.332296
-9.0,18,1441.380073
-7.95,18,1441.430884
14.0,18,1441.471142
-9.45,18,1441.531888
2.9,18,1441.568164
-9.1,18,1441.616043
-7.65,18,1441.665637
-9.05,18,1441.905595
-8.35,18,1441.953073
-5.6,18,1441.99649
12.9,18,1442.04398
14.2,18,1442.100855
-9.05,18,1442.14078
-8.65,18,1442.198173
2.0,18,1442.240902
1.7,18,1442.271629
-8.85,18,1442.330074
-9.05,18,1442.370658
3.0,18,1442.429171
-8.45,18,1442.469635
-7.5,18,1442.518088
-8.25,18,1442.787132
-9.8,18,1442.834981
-7.8,18,1442.89714
-7.05,18,1442.925096
1.65,18,1442.998128
-9.15,18,1443.038957
-8.6,18,1443.070601
3.6,18,1443.130176
3.85,18,1443.178642
12.7,18,1443.230636
-8.15,18,1443.271542
-8.0,18,1443.319141
-9.35,18,1443.362348
3.9,18,1443.420535
-7.75,18,1443.670909
3.0,18,1443.70713
13.0,18,1443.779567
-8.75,18,1443.831969
-8.85,18,1443.885317
-9.3,18,1443.943409
-8.6,18,1443.997856
-9.5,18,1444.047715
13.15,18,1444.087592
-7.95,18,1444.138145
3.05,18,1444.170498
-6.85,18,1444.234694
-8.45,18,1444.266959
-9.35,18,1444.333624
-8.7,18,1445.280384
-8.9,18,1445.345711
-7.6,18,1445.394634
-6.15,18,1445.452251
11.9,18,1445.500931
12.3,18,1445.531527
-8.6,18,1445.594427
13.55,18,1445.639036
-8.55,18,1445.691151
-8.2,18,1445.73194
-8.65,18,1445.800308
12.75,18,1445.8402
-9.2,18,1445.900883
-8.45,18,1445.936824
-8.05,18,1445.968487
12.4,18,1446.208713
-8.0,18,1446.256643
13.55,18,1446.304373
-8.0,18,1446.361016
13.85,18,1446.400832
-8.15,18,1446.448364
-7.65,18,1446.497567
-8.4,18,1446.529861
-8.75,18,1446.590476
-8.9,18,1446.622746
14.4,18,1446.688526
-7.5,18,1446.727696
-6.6,18,1446.785717
13.55,18,1446.824217
-8.3,18,1447.083815
-8.8,18,1447.149035
-8.25,18,1447.256789
-7.1,18,1447.304664
-8.7,18,1447.368709
-5.8,18,1447.414671
12.15,18,1447.462433
-8.85,18,1447.503098
-9.3,18,1447.550649
-9.0,18,1447.604101
-6.35,18,1447.63279
11.7,18,1447.680769
1.85,18,1447.737035
12.75,18,1447.779783
-7.8,18,1448.036346
-7.9,18,1448.070984
15.0,18,1448.118756
-7.4,18,1448.177752
-9.1,18,1448.22518
1.55,18,1448.306227
16.6,18,1448.353813
-8.85,18,1448.404435
13.45,18,1448.452261
-8.4,18,1448.52724
-8.25,18,1448.590938
-7.85,18,1448.632499
-7.8,18,1448.704441
-7.15,18,1448.804957
-8.0,18,1449.180932
-8.45,18,1449.27833
-8.55,18,1449.33679
-7.5,18,1449.387987
-7.75,18,1449.445925
14.35,18,1449.500941
-8.65,18,1449.584002
-9.4,18,1449.668772
-9.2,18,1449.724542
3.9,18,1449.775566
12.9,18,1449.838485
-8.75,18,1449.891874
-8.7,18,1449.949762
13.55,18,1450.013903
-8.95,18,1450.078112
-9.15,18,1450.313641
13.15,18,1450.367555
-9.75,18,1450.409225
-8.9,18,1450.456911
12.25,18,1450.518724
-8.35,18,1450.584053
2.9,18,1450.643035
-7.45,18,1450.712881
-7.6,18,1450.755184
-8.85,18,1450.847879
-7.8,18,1451.004157
-8.5,18,1451.324892
1.65,18,1451.433854
-8.1,18,1451.51254
1.85,18,1451.773435
-5.55,18,1451.815332
12.15,18,1451.896155
12.85,18,1451.9416
-8.4,18,1452.0038
-8.7,18,1452.04556
-8.35,18,1452.110213
-8.7,18,1452.159092
-8.5,18,1452.223683
-8.15,18,1452.272817
-8.55,18,1452.338973
-6.75,18,1452.381639
3.85,18,1452.448102
-8.45,18,1452.504615
12.7,18,1452.742432
11.85,18,1452.796909
-7.7,18,1452.839417
-7.45,18,1452.887224
-9.4,18,1452.953043
-8.0,18,1453.016531
-9.25,18,1453.07619
-9.55,18,1453.136756
15.15,18,1453.185818
-9.45,18,1453.254162
-8.1,18,1453.311059
-8.95,18,1453.371691
-8.35,18,1453.428724
-7.75,18,1453.494892
15.8,18,1453.726543
-8.4,18,1453.779334
-8.2,18,1453.823399
-9.5,18,1453.871016
-7.5,18,1453.934914
-8.55,18,1453.998494
2.0,18,1454.044357
-9.0,18,1454.113564
12.1,18,1454.162011
-8.45,18,1454.228328
-8.1,18,1454.274462
-9.0,18,1454.338795
-5.8,18,1454.399905
-7.85,18,1454.476181
3.45,18,1454.710572
-8.1,18,1454.758147
13.15,18,1454.814696
-8.65,18,1454.854823
-8.7,18,1454.920697
-8.65,18,1454.960534
-8.45,18,1455.030573
-6.15,18,1455.097571
-9.35,18,1456.004096
-8.3,18,1456.063538
-8.9,18,1456.092887
-7.2,18,1456.140574
12.35,18,1456.199285
-8.25,18,1456.230837
13.95,18,1456.295613
-7.75,18,1456.516717
-9.65,18,1456.564705
-7.7,18,1456.617401
-9.35,18,1456.657291
2.7,18,1456.713729
-8.45,18,1456.750754
-8.95,18,1456.798319
-8.4,18,1456.863058
12.45,18,1456.911474
-8.1,18,1456.970657
-8.1,18,1457.006484
-7.55,18,1457.070069
-7.8,18,1457.115547
1.25,18,1457.163037
-9.3,18,1457.405136
-7.8,18,1457.444995
-8.0,18,1457.505725
-8.65,18,1457.541617
-7.85,18,1457.589164
-8.25,18,1457.640028
-7.25,18,1457.67172
-7.4,18,1457.738498
-7.95,18,1457.778564
-9.5,18,1457.839384
-7.1,18,1457.887596
-6.4,18,1457.943992
-6.45,18,1457.980959
-7.65,18,1458.028589
-8.05,18,1458.308138
-8.75,18,1458.35564
-6.3,18,1458.414843
-9.5,18,1458.447324
14.85,18,1458.514316
-6.75,18,1458.561622
12.95,18,1458.620903
-8.15,18,1458.650728
-7.6,18,1458.698753
-7.65,18,1458.756321
-8.4,18,1458.788072
-8.45,18,1458.849611
-8.65,18,1458.897203
5.15,18,1458.953873
-7.85,18,1459.174681
-7.9,18,1459.214645
-9.65,18,1459.275748
-8.3,18,1459.311635
-7.45,18,1459.362997
-8.25,18,1459.407162
-8.6,18,1459.454668
-9.1,18,1459.508144
-8.0,18,1459.547976
12.4,18,1459.604154
-7.4,18,1459.644771
-8.7,18,1459.676492
-9.45,18,1459.734592
12.25,18,1459.774532
-8.5,18,1459.839545
-7.75,18,1460.103211
-8.85,18,1460.151695
-8.3,18,1460.194935
-7.55,18,1460.238046
12.15,18,1460.286125
-7.3,18,1460.333817
-8.05,18,1460.390654
13.35,18,1460.430448
-7.75,18,1460.481659
14.1,18,1460.562104
-8.9,18,1460.61518
-8.3,18,1460.653163
1.5,18,1460.711643
-9.55,18,1460.759886
-8.45,18,1461.045417
13.9,18,1461.086298
-7.65,18,1461.117996
-9.25,18,1461.176667
-6.3,18,1461.227879
-9.05,18,1461.336182
2.9,18,1461.448596
-7.7,18,1461.496957
13.05,18,1461.561535
-7.5,18,1461.602764
-8.7,18,1461.664164
2.5,18,1461.712118
-8.7,18,1461.767783
-7.25,18,1461.820957
14.15,18,1462.093395
-8.1,18,1462.128534
11.95,18,1462.175906
13.3,18,1462.235083
-9.55,18,1462.275769
-7.85,18,1462.336217
-8.8,18,1462.378424
-6.65,18,1462.438843
-7.95,18,1462.473548
-8.2,18,1462.536148
-7.7,18,1462.582291
14.5,18,1462.635285
12.05,18,1462.683484
-7.35,18,1462.715125
-7.1,18,1462.986393
-7.05,18,1463.02685
-6.7,18,1463.096775
-9.15,18,1463.13473
-8.1,18,1463.193328
-7.8,18,1463.245056
-7.5,18,1463.300651
-9.0,18,1463.350574
14.25,18,1463.408681
-8.6,18,1463.461376
-9.2,18,1463.505294
-9.7,18,1463.5612
-8.55,18,1463.60634
-7.05,18,1463.656476
-7.55,18,1463.89994
-8.65,18,1463.947753
13.0,18,1464.012483
-8.8,18,1464.060466
-4.55,18,1464.11195
12.1,18,1464.160192
14.25,18,1464.22036
-8.7,18,1464.270848
2.55,18,1464.329997
-8.55,18,1464.389258
2.75,18,1464.440807
-8.4,18,1464.493139
-8.35,18,1464.532643
2.75,18,1464.590264
2.3,18,1464.656971
12.25,18,1464.880109
-8.5,18,1464.94028
2.55,18,1464.987813
2.75,18,1465.050757
-8.4,18,1465.095173
13.9,18,1465.147617
14.3,18,1465.198086
-9.55,18,1465.262962
-8.75,18,1465.31134
1.65,18,1465.374208
2.05,18,1465.420587
-8.35,18,1465.483434
-8.65,18,1465.530436
14.35,18,1465.585289
-6.6,18,1465.821982
12.3,18,1465.869628
-7.6,18,1465.941325
-8.55,18,1466.032832
-9.05,18,1466.082691
-8.75,18,1466.14172
-6.9,18,1466.190081
-8.2,18,1466.250952
-8.0,18,1466.30625
13.9,18,1466.369776
-8.9,18,1466.421517
3.75,18,1466.485512
-8.25,18,1466.543979
-9.65,18,1466.609675
14.4,18,1466.846721
-7.7,18,1466.92714
-9.35,18,1466.975308
-8.45,18,1467.039081
-8.85,18,1467.081011
-8.55,18,1467.14753
12.5,18,1467.182304
3.45,18,1467.256999
1.6,18,1467.309853
5.1,18,1467.392092
-8.5,18,1467.44478
2.75,18,1467.500912
3.0,18,1467.554374
2.95,18,1467.630738
-9.3,18,1467.886861
-8.2,18,1467.956008
-6.8,18,1467.99578
12.1,18,1468.043339
-9.3,18,1468.105308
-9.3,18,1468.165539
-8.7,18,1468.220333
-8.15,18,1468.288774
12.25,18,1468.329397
-8.3,18,1468.397773
-6.5,18,1468.450587
-7.4,18,1468.508955
12.75,18,1468.562033
-6.65,18,1468.614171
12.9,18,1468.673433
-6.4,18,1468.944676
-7.15,18,1469.004344
-9.0,18,1469.035349
11.95,18,1469.100464
-8.9,18,1469.153538
-8.9,18,1469.21275
-8.25,18,1469.269255
-7.75,18,1469.331996
-7.55,18,1469.388349
-8.45,18,1469.452994
-6.55,18,1469.512531
-7.9,18,1469.574147
-9.05,18,1469.637971
-8.55,18,1469.698848
-8.4,18,1469.979231
-6.25,18,1470.026257
-9.0,18,1470.076989
-9.35,18,1470.12531
-8.95,18,1470.181476
-8.95,18,1470.242923
-8.4,18,1470.30725
-8.75,18,1470.367639
-7.55,18,1470.431391
-6.7,18,1470.488648
1.45,18,1470.56546
14.1,18,1470.613859
-8.8,18,1470.676589
12.15,18,1470.729464
14.2,18,1471.033827
-7.35,18,1471.081452
-7.7,18,1471.137344
12.85,18,1471.19305
-6.3,18,1471.274893
2.05,18,1471.340955
12.15,18,1471.41165
-8.0,18,1471.485169
2.15,18,1471.536572
-8.85,18,1471.656131
3.1,18,1471.839642
1.8,18,1471.916986
2.4,18,1472.014638
-6.25,18,1472.094096
-8.85,18,1472.532654
-7.65,18,1472.597103
15.15,18,1472.66069
-6.75,18,1472.721225
-7.1,18,1472.768176
-7.9,18,1472.850786
-8.95,18,1472.941075
-9.3,18,1473.021214
-8.75,18,1473.087262
-8.0,18,1473.147211
-7.3,18,1473.208992
13.15,18,1473.265811
-8.4,18,1473.313097
-8.1,18,1473.365247
-7.95,18,1473.639757
-8.4,18,1473.687364
14.35,18,1473.753841
13.45,18,1473.801445
3.45,18,1473.850538
12.85,18,1473.898319
11.9,18,1473.957826
-8.8,18,1473.994949
-7.0,18,1474.04248
-8.3,18,1474.090822
14.15,18,1474.13816
-8.85,18,1474.203293
-7.9,18,1474.235016
14.7,18,1474.293038
-7.9,18,1474.332878
-8.65,18,1474.637768
-8.25,18,1474.670004
-6.2,18,1474.71741
-7.7,18,1474.765827
-8.75,18,1474.81347
-7.95,18,1474.872708
-8.65,18,1474.920259
-9.2,18,1474.976794
13.35,18,1475.016747
2.85,18,1475.080498
-8.65,18,1475.11272
-8.7,18,1475.176034
-8.85,18,1475.209705
-7.5,18,1475.257436
12.3,18,1475.487761
-6.7,18,1476.352524
14.5,18,1476.407541
-8.6,18,1476.444398
12.65,18,1476.492012
-8.4,18,1476.552854
-9.45,18,1476.598811
-7.3,18,1476.650249
-7.0,18,1476.695796
-9.25,18,1476.753539
15.05,18,1476.802655
-9.15,18,1476.855608
-9.05,18,1476.92805
-8.0,18,1476.99569
-8.85,18,1477.229884
12.2,18,1477.27754
-9.2,18,1477.334121
-8.6,18,1477.37411
11.9,18,1477.437946
-9.3,18,1477.470043
12.55,18,1477.517591
-9.05,18,1477.567207
-8.7,18,1477.614784
-9.1,18,1477.67395
-9.1,18,1477.706508
13.1,18,1477.778568
-8.45,18,1477.818652
-7.6,18,1477.882824
-8.8,18,1478.110821
-7.85,18,1478.158476
-7.1,18,1478.218525
-8.85,18,1478.257183
12.1,18,1478.322814
14.05,18,1478.364808
-8.95,18,1478.412324
-9.0,18,1478.445436
13.1,18,1478.493026
-7.0,18,1478.551349
13.45,18,1478.591219
12.05,18,1478.649818
2.6,18,1478.682285
13.1,18,1478.729881
-6.75,18,1478.791297
-7.95,18,1479.126535
3.8,18,1479.167104
-7.95,18,1479.222872
-7.6,18,1479.255351
2.9,18,1479.302839
12.1,18,1479.353266
-9.3,18,1479.400949
-8.3,18,1479.452021
-8.5,18,1479.492072
-7.65,18,1479.548141
2.0,18,1479.589725
-7.05,18,1479.637222
-7.65,18,1479.688279
14.0,18,1479.728152
1.8,18,1479.986436
12.9,18,1480.024374
-9.0,18,1480.071904
-7.95,18,1480.114595
12.0,18,1480.162257
-7.45,18,1480.223678
1.55,18,1480.271285
-8.7,18,1480.32265
3.35,18,1480.368428
12.3,18,1480.415865
-6.4,18,1480.450184
-6.7,18,1480.497854
2.45,18,1480.557058
-8.4,18,1480.58882
-8.75,18,1480.819062
-8.9,18,1480.88357
-8.5,18,1480.925816
-8.05,18,1481.011353
-7.6,18,1481.058935
-8.25,18,1481.110582
-7.75,18,1481.139949
-8.4,18,1481.203418
15.1,18,1481.237947
1.45,18,1481.285544
-7.95,18,1481.355252
-8.2,18,1481.398829
-8.65,18,1481.451742
-8.1,18,1481.491823
-8.6,18,1481.869382
-8.3,18,1481.928025
-7.8,18,1481.976527
-7.7,18,1482.032872
-8.1,18,1482.073062
15.3,18,1482.120631
-8.45,18,1482.168818
-7.35,18,1482.216428
12.0,18,1482.273951
-8.65,18,1482.315654
15.8,18,1482.37667
-8.85,18,1482.412537
3.3,18,1482.460073
-9.05,18,1482.510607
-7.7,18,1482.730274
-8.85,18,1482.770176
-8.95,18,1482.826526
-8.85,18,1482.863677
11.9,18,1482.911181
12.75,18,1482.96013
-6.75,18,1483.023622
-7.6,18,1483.087816
-8.8,18,1483.15981
-9.0,18,1483.200177
-8.65,18,1483.263585
13.85,18,1483.320532
-9.85,18,1483.349329
-9.15,18,1483.410397
-8.0,18,1483.458101
11.6,18,1483.703055
-8.85,18,1483.749703
-8.65,18,1483.800523
-9.2,18,1483.84946
13.95,18,1483.897187
2.7,18,1483.972617
-8.5,18,1484.004323
12.15,18,1484.069027
-7.4,18,1484.132488
2.15,18,1484.180862
-9.15,18,1484.22845
-8.6,18,1484.28512
-7.5,18,1484.340868
-8.45,18,1484.395033
-8.2,18,1484.613193
12.55,18,1484.658784
-6.55,18,1484.706299
1.9,18,1484.754157
-7.75,18,1484.801643
-7.85,18,1484.850844
13.1,18,1484.898682
-7.35,18,1484.965503
14.45,18,1485.014507
-7.85,18,1485.103736
-7.3,18,1485.172639
-8.45,18,1485.2127
-7.3,18,1485.285572
-8.4,18,1485.325483
11.5,18,1485.549573
12.25,18,1485.618511
2.9,18,1485.647265
11.7,18,1485.710609
-8.0,18,1485.754303
12.45,18,1485.80187
-8.1,18,1485.850701
-9.3,18,1485.912888
-8.4,18,1485.974757
-7.65,18,1486.022886
-7.75,18,1486.074202
12.2,18,1486.137881
-8.3,18,1486.212628
-9.1,18,1486.268639
-8.15,18,1486.509827
-7.3,18,1486.551532
-7.3,18,1486.599049
-6.75,18,1486.632366
-8.7,18,1486.679974
1.6,18,1486.736026
-7.15,18,1486.791741
-9.1,18,1486.849041
13.7,18,1486.889102
-7.9,18,1486.945187
-7.35,18,1486.996381
12.65,18,1487.06144
-6.6,18,1487.103461
-8.0,18,1487.159417
-9.15,18,1487.216135
-8.9,18,1487.452487
13.65,18,1487.517191
-9.05,18,1487.548894
-9.0,18,1487.612661
-7.8,18,1487.660641
-9.0,18,1487.72482
13.1,18,1487.771792
-8.95,18,1487.843108
13.0,18,1487.900562
2.25,18,1487.986193
-8.2,18,1488.030027
-8.3,18,1488.105743
-6.8,18,1488.137431
-8.95,18,1488.210581
-7.2,18,1488.454697
-8.85,18,1488.486413
-8.5,18,1488.544231
-8.55,18,1488.587639
-7.8,18,1488.642658
13.9,18,1488.691088
-8.15,18,1488.747245
2.6,18,1488.803392
12.9,18,1488.851184
2.15,18,1488.899363
-9.6,18,1488.971444
-7.35,18,1489.024586
-8.65,18,1489.08093
-9.05,18,1489.130124
-8.5,18,1489.373477
-7.1,18,1489.430566
1.8,18,1489.470519
2.3,18,1489.518015
-7.35,18,1489.565854
12.15,18,1489.629211
-8.25,18,1489.678479
2.95,18,1489.741853
-9.1,18,1489.790257
-7.45,18,1489.830174
-8.9,18,1489.889615
-8.75,18,1489.937244
11.8,18,1490.018039
-9.85,18,1490.049763
-7.05,18,1490.291315
-6.7,18,1490.349924
-7.45,18,1490.39751
-9.0,18,1490.456844
13.9,18,1490.501047
2.15,18,1490.567383
-9.4,18,1490.615001
-8.95,18,1490.66877
11.85,18,1490.7007
2.3,18,1490.748237
14.3,18,1490.796189
-8.5,18,1490.840021
-7.65,18,1490.896809
-9.05,18,1490.936892
13.55,18,1491.189297
-8.7,18,1491.238497
-9.0,18,1491.286092
-8.1,18,1491.349799
-8.45,18,1491.397396
-7.5,18,1491.454191
-6.55,18,1491.49409
-8.55,18,1491.541649
3.3,18,1491.589979
13.9,18,1491.637501
-7.55,18,1491.686623
-8.95,18,1491.734356
-9.3,18,1491.788171
-8.55,18,1491.830228
1.8,18,1492.070996
-9.45,18,1492.32316
-7.0,18,1492.37623
3.8,18,1492.414153
-9.1,18,1492.472525
-9.1,18,1492.520823
-7.55,18,1492.575726
12.1,18,1492.618027
14.45,18,1492.676478
-7.6,18,1492.714772
3.7,18,1492.753851
2.45,18,1492.812448
-9.0,18,1492.854312
-8.7,18,1492.901743
-8.35,18,1492.951255
-8.35,18,1493.224983
1.95,18,1493.274823
-9.35,18,1493.322414
14.2,18,1493.381545
-9.05,18,1493.414077
-7.15,18,1493.481117
-7.45,18,1493.520985
12.2,18,1493.577453
2.75,18,1493.617658
-7.35,18,1493.665183
12.05,18,1493.713303
-8.85,18,1493.761021
-8.4,18,1493.814276
-6.7,18,1493.85417
-7.5,18,1494.098035
-7.85,18,1494.147576
15.05,18,1494.195166
-8.3,18,1494.252897
-8.5,18,1494.292786
1.55,18,1494.359643
-8.25,18,1494.399544
-9.15,18,1494.462908
-8.75,18,1494.513509
-7.4,18,1495.320654
2.3,18,1495.379993
2.65,18,1495.41195
-8.95,18,1495.480746
-8.25,18,1495.52064
13.6,18,1495.736787
-7.2,18,1495.768457
2.85,18,1495.828344
2.95,18,1495.86011
-8.95,18,1495.927888
13.8,18,1495.989748
-8.8,18,1496.060875
-8.9,18,1496.108515
-8.6,18,1496.167872
-8.05,18,1496.207874
12.25,18,1496.261974
13.35,18,1496.298988
-8.1,18,1496.346884
13.05,18,1496.395768
-8.8,18,1496.443505
13.1,18,1496.66366
-8.45,18,1496.720772
12.95,18,1496.760659
-8.1,18,1496.808175
-9.75,18,1496.858597
-9.25,18,1496.890278
-9.25,18,1496.949467
13.15,18,1496.997106
-8.15,18,1497.054677
-6.95,18,1497.094857
12.8,18,1497.172567
-7.85,18,1497.208098
12.15,18,1497.271966
12.35,18,1497.318207
-7.15,18,1497.538709
-9.05,18,1497.586298
-8.85,18,1497.634061
3.75,18,1497.681739
-8.35,18,1497.738506
12.45,18,1497.778732
-8.85,18,1497.834719
-8.05,18,1497.886649
1.8,18,1497.940489
-7.6,18,1497.977568
-7.05,18,1498.02514
-8.35,18,1498.090566
12.1,18,1498.16365
-9.0,18,1498.203656
-8.5,18,1498.438852
12.15,18,1498.486301
-8.9,18,1498.537297
-8.3,18,1498.584782
14.15,18,1498.62804
-8.9,18,1498.675717
-8.8,18,1498.732686
-6.85,18,1498.772635
4.3,18,1498.820128
-9.0,18,1498.870517
-7.05,18,1498.915097
-7.85,18,1498.966727
-8.4,18,1498.998665
-6.2,18,1499.062236
-9.4,18,1499.304463
-7.25,18,1499.336264
-8.65,18,1499.405551
-8.05,18,1499.450051
-6.85,18,1499.494257
3.4,18,1499.543373
-7.7,18,1499.57514
-8.85,18,1499.633981
-9.7,18,1499.697504
-8.85,18,1499.762357
13.1,18,1499.809882
-8.55,18,1499.876579
12.0,18,1499.940053
-9.25,18,1499.988519
-9.15,18,1500.239187
-8.0,18,1500.292427
-8.05,18,1500.332299
13.2,18,1500.372562
-7.35,18,1500.431581
-7.8,18,1500.47913
-8.7,18,1500.528212
-8.75,18,1500.591657
-8.8,18,1500.639954
-7.05,18,1500.703436
2.15,18,1500.764277
1.65,18,1500.817404
12.6,18,1500.876359
-8.1,18,1500.946105
-5.5,18,1500.999345
12.9,18,1501.268051
-7.8,18,1501.316316
-7.55,18,1501.370157
-6.65,18,1501.445078
12.75,18,1501.518837
-6.75,18,1501.558948
-9.45,18,1501.625736
-7.75,18,1501.676173
-8.55,18,1501.732255
14.35,18,1501.773388
-7.85,18,1501.821112
-9.6,18,1501.872557
-8.95,18,1501.936084
2.15,18,1501.995446
-8.95,18,1502.253684
-6.7,18,1502.416014
-7.85,18,1502.488326
-8.5,18,1502.52001
-8.8,18,1502.579268
-6.6,18,1502.611065
-8.6,18,1502.678311
-9.15,18,1502.723501
-7.6,18,1502.770962
-8.55,18,1502.835367
14.7,18,1502.896251
-8.7,18,1502.932271
-7.2,18,1503.003854
-8.45,18,1503.055768
-8.9,18,1503.305568
-7.9,18,1503.362668
-7.85,18,1503.402795
-7.35,18,1503.450322
-8.05,18,1503.500235
14.45,18,1503.548755
-8.35,18,1503.597261
13.2,18,1503.661394
-9.05,18,1503.710293
-7.55,18,1503.773882
-6.95,18,1503.825418
-9.1,18,1503.881208
-8.3,18,1503.940819
13.85,18,1503.982322
-8.75,18,1504.235082
-8.45,18,1504.284098
-8.5,18,1504.326102
-9.0,18,1504.373612
13.35,18,1504.419045
-7.8,18,1504.482436
1.9,18,1504.547577
-7.45,18,1504.619358
-6.5,18,1504.659291
2.75,18,1504.726574
-7.85,18,1504.787541
-8.65,18,1504.845824
-8.1,18,1504.901765
-6.7,18,1504.976999
-8.5,18,1505.02452
-8.65,18,1505.287983
-6.25,18,1505.319725
-8.3,18,1505.380641
-8.15,18,1505.416557
-7.7,18,1505.474259
12.5,18,1505.559498
-6.65,18,1505.615438
-8.9,18,1505.655632
-8.3,18,1505.727657
-6.3,18,1505.767972
13.4,18,1505.835425
2.95,18,1505.880235
-7.75,18,1505.948164
-8.3,18,1505.9928
13.75,18,1506.324125
-8.75,18,1506.371578
-8.7,18,1506.415118
-6.25,18,1506.462667
-9.1,18,1506.519559
-8.95,18,1506.576122
-8.65,18,1506.633454
-9.15,18,1506.67409
2.55,18,1506.744342
-7.75,18,1506.786657
-8.35,18,1506.853561
-7.85,18,1506.914942
14.3,18,1506.974262
-8.5,18,1507.023013
-8.65,18,1507.309758
-6.65,18,1507.357253
2.9,18,1507.404993
14.45,18,1507.436974
-8.9,18,1507.500662
2.6,18,1507.533615
-9.4,18,1507.581176
-8.55,18,1507.647571
-9.3,18,1507.690139
-7.25,18,1507.7402
15.05,18,1507.780765
-8.65,18,1507.836412
-6.6,18,1507.8734
-7.15,18,1507.92083
-8.4,18,1508.221903
13.4,18,1508.269093
-8.4,18,1508.327905
-7.3,18,1508.375373
-8.55,18,1508.438208
-7.95,18,1508.470621
-8.7,18,1508.527337
-8.1,18,1508.567153
-8.15,18,1508.624466
-8.9,18,1508.664299
-8.85,18,1508.712782
-8.0,18,1508.762771
-7.3,18,1508.795131
-8.1,18,1508.865416
-7.7,18,1509.087593
-9.2,18,1509.127033
-8.45,18,1509.186313
-8.3,18,1509.234766
-5.7,18,1509.282789
-7.7,18,1509.327993
-8.5,18,1509.375378
-7.8,18,1509.424404
3.7,18,1509.456345
-8.45,18,1509.520772
-8.65,18,1509.569518
-9.6,18,1509.639327
-6.05,18,1509.679893
-8.6,18,1509.794535
-8.35,18,1509.990438
-7.35,18,1510.295154
1.5,18,1510.327758
13.75,18,1510.375228
-8.65,18,1510.424137
-9.1,18,1510.471727
-7.95,18,1510.519884
14.6,18,1510.551943
-9.1,18,1510.624267
-7.9,18,1510.670527
-8.75,18,1510.71715
12.4,18,1510.756471
-9.15,18,1510.80504
-8.6,18,1510.859492
-8.55,18,1510.894529
-8.7,18,1511.128984
-8.85,18,1511.197718
-8.85,18,1511.241444
-6.5,18,1511.295467
-7.3,18,1511.321576
-9.25,18,1511.369085
-6.7,18,1511.41508
-8.6,18,1511.46356
-8.15,18,1511.523671
13.35,18,1511.555617
1.6,18,1511.622233
12.0,18,1511.648913
-9.15,18,1511.697423
-7.35,18,1511.742323
13.0,18,1511.97601
2.05,18,1512.007697
13.5,18,1512.072468
-9.1,18,1512.104242
-8.25,18,1512.176196
-7.95,18,1512.216303
-7.75,18,1512.280763
-8.95,18,1512.345383
-8.2,18,1512.404168
12.45,18,1512.453358
-8.0,18,1512.503577
-9.2,18,1512.536184
13.05,18,1512.584669
-8.5,18,1512.635154
-6.1,18,1513.0294
-7.35,18,1513.089318
14.25,18,1513.146734
-7.25,18,1513.200293
-8.35,18,1513.236398
13.35,18,1513.283969
-8.1,18,1513.333572
-8.55,18,1513.381543
-9.2,18,1513.439085
-8.6,18,1513.479056
-8.6,18,1513.527037
-8.6,18,1513.576026
-8.35,18,1513.62451
2.95,18,1513.686007
-8.45,18,1513.718239
12.95,18,1513.949198
-7.95,18,1514.753861
-7.5,18,1514.818367
1.65,18,1514.850228
12.2,18,1514.919702
12.9,18,1514.958217
2.75,18,1515.014273
-8.5,18,1515.079925
-8.55,18,1515.145443
12.25,18,1515.185906
-7.7,18,1515.258622
13.9,18,1515.307381
13.15,18,1515.355515
-8.4,18,1515.40199
-7.5,18,1515.612084
14.95,18,1515.643947
-9.15,18,1515.705161
-8.3,18,1515.752947
-8.7,18,1515.809643
-7.3,18,1515.849927
-8.7,18,1515.907489
-8.7,18,1515.947784
-9.0,18,1515.9952
-8.7,18,1516.042952
14.5,18,1516.087393
-9.1,18,1516.139553
13.35,18,1516.195806
-6.7,18,1516.248618
-8.55,18,1516.478286
-7.75,18,1516.510091
2.05,18,1516.557701
12.8,18,1516.621485
-8.0,18,1516.682614
-7.2,18,1516.735051
-9.05,18,1516.799196
-8.1,18,1516.858641
1.85,18,1516.913276
13.0,18,1516.956484
-6.5,18,1517.032746
-8.8,18,1517.081247
11.85,18,1517.141524
13.7,18,1517.205124
2.8,18,1517.442688
-8.2,18,1517.490593
12.4,18,1517.550598
-8.55,18,1517.60024
15.5,18,1517.648623
-8.25,18,1517.704789
-7.7,18,1517.751899
14.05,18,1517.826647
-8.85,18,1517.858933
-9.0,18,1517.9189
-8.15,18,1517.968012
-8.95,18,1518.027925
-8.15,18,1518.076596
-8.55,18,1518.132354
-6.3,18,1518.392174
-8.45,18,1518.439746
-8.45,18,1518.490729
13.2,18,1518.530654
-7.1,18,1518.578128
11.85,18,1518.627096
-8.45,18,1518.691714
-9.1,18,1518.735664
12.2,18,1518.784134
-8.6,18,1518.844736
-8.45,18,1518.876527
-7.7,18,1518.945232
12.15,18,1518.986095
15.0,18,1519.034589
-8.95,18,1519.092016
-7.75,18,1519.40958
-7.65,18,1519.449394
12.0,18,1519.497357
-7.95,18,1519.53147
-7.8,18,1519.579051
-7.75,18,1519.731025
-8.0,18,1519.765775
-8.9,18,1519.832775
13.5,18,1519.874914
-8.0,18,1519.93907
-8.25,18,1519.987589
-9.6,18,1520.051704
-8.3,18,1520.113277
13.35,18,1520.179994
-7.25,18,1520.479426
-8.7,18,1520.55476
-8.5,18,1520.618683
14.0,18,1520.669829
-5.8,18,1520.717944
-8.95,18,1520.767355
1.4,18,1520.815188
-8.95,18,1520.874849
-7.6,18,1520.922844
12.45,18,1520.983952
-7.5,18,1521.031861
14.4,18,1521.093018
-7.45,18,1521.159119
-8.15,18,1521.218264
13.95,18,1521.455382
13.3,18,1521.51884
-8.5,18,1521.564358
-7.7,18,1521.59775
-7.55,18,1521.646379
-8.05,18,1521.698119
-6.4,18,1521.753572
11.9,18,1521.801698
-9.05,18,1521.862611
-8.55,18,1521.911108
-7.1,18,1521.971319
-6.3,18,1522.021107
-8.6,18,1522.075078
-8.9,18,1522.131799
13.45,18,1522.567223
-9.5,18,1522.60922
13.2,18,1522.656885
3.75,18,1522.718044
14.2,18,1522.7656
-6.35,18,1522.814986
-8.3,18,1522.894177
1.8,18,1522.945392
-9.15,18,1523.009725
12.25,18,1523.057524
-8.9,18,1523.118418
11.9,18,1523.18375
-8.45,18,1523.276712
-7.65,18,1523.34489
-7.65,18,1523.401415
-8.3,18,1523.699888
13.5,18,1523.731803
-7.6,18,1523.797266
-9.2,18,1523.829389
-6.35,18,1523.894507
-9.45,18,1523.93669
-8.75,18,1523.969049
12.35,18,1524.030154
-8.85,18,1524.094747
-8.55,18,1524.155448
13.35,18,1524.215256
-8.55,18,1524.271785
13.65,18,1524.324136
-8.7,18,1524.369084
12.15,18,1524.60535
-8.05,18,1524.663588
-8.15,18,1524.700424
-6.75,18,1524.744041
-9.4,18,1524.803887
-8.55,18,1524.840928
12.1,18,1524.907328
-8.45,18,1524.945726
12.8,18,1525.020363
-7.25,18,1525.056363
-6.55,18,1525.140235
-8.35,18,1525.218667
-9.4,18,1525.311989
-8.25,18,1525.37508
-8.8,18,1525.623185
14.35,18,1525.654899
14.1,18,1525.719943
2.2,18,1525.751724
2.9,18,1525.807575
-9.6,18,1525.864264
-7.45,18,1525.945748
-8.9,18,1526.052719
-7.45,18,1526.118387
-8.5,18,1526.186352
-8.8,18,1526.245606
-8.7,18,1526.311845
-7.6,18,1526.367109
-7.6,18,1526.424873
-9.3,18,1526.709253
-8.8,18,1526.760471
-7.8,18,1526.814918
-6.8,18,1526.857793
-9.1,18,1526.918599
-8.1,18,1526.998481
11.95,18,1527.087685
-9.2,18,1527.140044
-7.75,18,1527.241694
-8.8,18,1527.348546
-8.2,18,1527.400708
-7.25,18,1527.462073
11.75,18,1527.517876
14.2,18,1527.578879
-9.35,18,1527.823007
-8.1,18,1527.870955
12.5,18,1527.93615
-8.65,18,1527.967794
-8.9,18,1528.037322
-8.75,18,1528.102724
-8.25,18,1528.172718
13.75,18,1528.229115
-8.7,18,1528.29505
3.3,18,1528.354633
-7.7,18,1528.405527
-8.9,18,1528.455449
12.45,18,1528.49809
-8.9,18,1528.545903
-8.75,18,1528.589343
13.2,18,1528.903894
-8.45,18,1528.932502
-9.05,18,1528.996392
-8.45,18,1529.041145
1.75,18,1529.105754
12.3,18,1529.168263
3.6,18,1529.211139
14.45,18,1529.284314
12.35,18,1529.395219
-9.1,18,1529.457541
-7.05,18,1529.548143
-9.1,18,1529.785781
12.8,18,1529.851456
-7.05,18,1529.963637
-8.8,18,1530.548008
-9.0,18,1530.620628
-9.15,18,1530.665219
-8.4,18,1530.718238
-8.2,18,1530.773366
-8.5,18,1530.845361
14.3,18,1530.894793
-7.4,18,1530.963336
-7.75,18,1531.036766
13.2,18,1531.083512
-9.05,18,1531.122943
-8.7,18,1531.174505
14.9,18,1531.215338
13.75,18,1531.275377
12.0,18,1531.505644
1.8,18,1531.538079
-8.85,18,1531.588755
-8.65,18,1531.650558
-8.75,18,1531.695427
13.1,18,1531.904082
-6.5,18,1532.019381
13.5,18,1532.098022
-9.4,18,1532.147794
-7.8,18,1532.20579
-8.85,18,1532.28762
-9.15,18,1532.404854
14.8,18,1532.471863
-6.55,18,1532.517585
14.1,18,1533.800732
-8.6,18,1533.881019
-7.7,18,1533.927769
-8.75,18,1533.996271
-6.75,18,1534.044727
-8.3,18,1534.111337
14.5,18,1534.184152
2.6,18,1534.262773
14.0,18,1534.379242
11.55,18,1534.487161
13.15,18,1534.705295
-8.65,18,1534.808097
-9.15,18,1534.88681
-7.05,18,1534.965759
-6.25,18,1535.022484
-9.0,18,1535.408571
13.3,18,1535.481657
2.9,18,1535.529429
15.05,18,1535.596119
-8.5,18,1535.66877
-8.05,18,1535.70969
2.0,18,1535.785646
12.75,18,1535.872567
-8.4,18,1535.925083
-7.4,18,1535.98432
12.9,18,1536.052933
12.55,18,1536.14755
-8.15,18,1536.20818
-8.75,18,1536.29897
-7.35,18,1536.584014
-8.85,18,1536.616346
12.25,18,1536.680359
-8.75,18,1536.725384
3.65,18,1536.778212
14.1,18,1536.847505
14.75,18,1536.908484
14.4,18,1536.974016
-8.7,18,1537.032471
-7.7,18,1538.111375
-8.4,18,1538.177746
15.9,18,1538.243013
-8.75,18,1538.290019
-8.25,18,1538.359635
-7.65,18,1538.904811
-8.2,18,1538.965339
13.0,18,1539.026108
-7.75,18,1539.105706
-6.65,18,1539.163961
-6.7,18,1539.36465
-8.25,18,1539.505519
-9.35,18,1539.668602
3.55,18,1539.807962
-8.55,18,1539.905774
-8.25,18,1539.97773
-8.8,18,1540.044432
12.5,18,1540.105823
-9.05,18,1540.18376
-8.2,18,1540.629809
-6.4,18,1540.674204
-8.85,18,1540.722683
-8.4,18,1540.786349
13.05,18,1540.836793
-7.75,18,1540.89483
-9.05,18,1540.947005
12.75,18,1541.034271
4.7,18,1541.232053
12.35,18,1541.506258
-7.6,18,1541.571241
4.55,18,1541.642778
-8.0,18,1541.718543
-8.35,18,1541.771159
-8.05,18,1542.155016
-8.5,18,1542.194174
-8.2,18,1542.242668
-7.85,18,1542.318918
-8.05,18,1542.358928
-9.0,18,1542.427963
-6.95,18,1542.477938
-9.35,18,1542.547046
13.7,18,1542.607846
13.6,18,1542.664742
-8.9,18,1542.715015
-8.15,18,1542.777287
-9.35,18,1542.836339
1.9,18,1542.885082
-9.25,18,1542.917348
-7.55,18,1543.155414
-8.85,18,1543.207455
-9.1,18,1543.248149
-7.7,18,1543.315129
-7.7,18,1543.365245
-7.2,18,1543.421398
-7.85,18,1543.46135
-7.85,18,1543.506696
-7.7,18,1543.567674
-8.6,18,1543.599539
3.4,18,1543.661119
-8.75,18,1543.709208
-9.25,18,1543.769821
2.6,18,1543.817782
-8.65,18,1544.216263
16.5,18,1544.250493
-8.55,18,1544.314821
-9.05,18,1544.363624
13.1,18,1544.419902
14.15,18,1544.473689
1.55,18,1544.505583
12.6,18,1544.580304
-8.8,18,1544.646173
-7.85,18,1544.722848
13.45,18,1544.796241
-7.8,18,1544.851802
-9.0,18,1544.91302
-7.95,18,1544.964535
13.0,18,1545.227796
-7.7,18,1545.275763
-8.15,18,1545.352818
12.3,18,1545.388674
-8.4,18,1545.436829
-8.2,18,1545.494937
-8.6,18,1545.543273
-8.45,18,1545.595589
12.35,18,1545.639319
2.55,18,1545.69385
-8.15,18,1545.73128
-9.25,18,1545.77975
-8.4,18,1545.839429
-6.5,18,1545.882046
-8.5,18,1546.120622
-8.35,18,1546.15941
12.2,18,1546.21535
3.1,18,1546.272051
13.25,18,1546.319504
-9.2,18,1546.381217
-8.55,18,1546.432188
-7.85,18,1546.49059
12.0,18,1546.539335
-7.65,18,1546.591286
12.9,18,1546.632168
-9.05,18,1546.68751
12.15,18,1546.725132
11.85,18,1546.774602
1.45,18,1546.817948
-9.65,18,1547.093888
-8.4,18,1547.151011
-8.2,18,1547.203611
2.1,18,1547.257673
-8.15,18,1547.312924
-6.2,18,1547.373297
-7.6,18,1547.413824
4.4,18,1547.473828
-8.45,18,1547.522516
-8.15,18,1547.578401
-7.6,18,1547.624009
-8.9,18,1547.656319
13.9,18,1547.722132
1.8,18,1547.8197
-8.7,18,1548.049702
-8.9,18,1548.091537
-5.8,18,1548.140125
12.35,18,1548.174997
3.9,18,1548.223467
11.45,18,1548.284595
11.75,18,1548.347465
-6.2,18,1548.393662
-7.65,18,1548.44213
12.4,18,1548.50266
11.85,18,1548.534536
13.05,18,1548.594929
-8.3,18,1548.627997
-8.4,18,1548.669325
-7.7,18,1548.906252
-6.65,18,1548.951094
12.25,18,1548.99917
-9.55,18,1549.051597
-8.4,18,1549.097039
-8.8,18,1549.171259
-6.5,18,1549.212254
-7.5,18,1549.27238
12.4,18,1549.32054
14.95,18,1549.381297
-6.25,18,1549.429426
-7.7,18,1549.492154
-8.0,18,1549.523877
-9.5,18,1549.601218
-8.6,18,1549.825598
-8.05,18,1549.865747
-7.75,18,1549.913722
-8.05,18,1549.973163
-8.6,18,1550.005241
13.05,18,1550.066253
-8.15,18,1550.116021
2.5,18,1550.175159
-8.25,18,1550.207092
-7.1,18,1550.266214
12.65,18,1550.312603
-8.15,18,1550.360688
2.7,18,1550.429588
13.9,18,1550.468605
-7.35,18,1550.695977
11.65,18,1550.760878
-7.35,18,1550.792934
-7.25,18,1550.854049
-9.45,18,1550.885826
1.6,18,1550.9462
-8.35,18,1550.979299
2.6,18,1551.027827
-7.75,18,1551.088369
-8.85,18,1551.136831
-8.8,18,1551.181297
-7.3,18,1551.229671
-7.4,18,1551.285818
-8.7,18,1551.334806
-8.6,18,1551.393126
-6.9,18,1551.61712
14.3,18,1551.687806
-8.6,18,1551.728109
15.5,18,1551.777996
-7.4,18,1551.835363
13.15,18,1551.873021
-8.5,18,1551.930747
-7.85,18,1551.96504
12.95,18,1552.013255
2.9,18,1552.069503
-9.3,18,1552.109839
14.8,18,1552.165986
-8.5,18,1552.202906
-8.15,18,1552.251424
-6.9,18,1552.532521
-9.45,18,1552.572521
-8.7,18,1552.630782
-8.8,18,1552.663503
-8.85,18,1552.711898
-8.35,18,1552.756921
1.9,18,1552.805379
-9.2,18,1552.857472
-7.8,18,1552.906419
-7.55,18,1552.954885
-8.35,18,1553.002423
2.55,18,1553.034077
-8.75,18,1553.090958
2.6,18,1553.131134
12.6,18,1553.418967
-7.6,18,1553.459858
-8.95,18,1553.508349
12.7,18,1553.556343
-8.75,18,1553.604811
-9.45,18,1553.65727
-7.6,18,1553.697109
-8.6,18,1553.745204
-8.45,18,1553.794684
12.45,18,1553.82695
-8.2,18,1553.994056
-7.35,18,1554.083318
-7.9,18,1554.140334
-8.3,18,1554.185373
-8.2,18,1554.422549
-7.85,18,1554.492489
13.3,18,1554.534161
12.6,18,1554.608701
-8.5,18,1554.657268
12.7,18,1554.702199
-8.3,18,1554.750486
-7.4,18,1554.809988
-7.85,18,1554.843473
-8.3,18,1554.898852
-6.95,18,1554.939123
13.3,18,1555.002344
-8.55,18,1555.057334
-9.4,18,1555.10571
-8.1,18,1555.1668
2.7,18,1555.404607
12.7,18,1555.467062
12.0,18,1555.501623
1.95,18,1555.566094
-8.6,18,1555.618752
-9.2,18,1555.687554
-9.5,18,1555.743719
-7.15,18,1555.804837
-8.5,18,1555.852594
12.9,18,1555.916105
13.05,18,1555.986177
2.95,18,1556.034899
16.45,18,1556.107633
-8.0,18,1556.159131
-8.5,18,1556.439019
13.15,18,1556.494979
-8.2,18,1556.527217
-8.2,18,1556.586374
12.45,18,1556.626794
13.2,18,1556.699418
12.95,18,1556.739828
2.65,18,1556.817176
13.55,18,1556.865652
-7.3,18,1556.926116
12.35,18,1556.98328
1.8,18,1557.03682
-9.05,18,1557.100382
-7.05,18,1557.144407
12.75,18,1557.450983
12.3,18,1557.495892
-7.5,18,1557.54416
-8.05,18,1557.594845
-9.1,18,1557.64324
-8.6,18,1557.716948
12.2,18,1557.766595
12.85,18,1557.826685
12.05,18,1557.891082
-7.75,18,1557.970029
12.0,18,1558.048858
-9.0,18,1558.134893
-7.1,18,1558.205875
1.7,18,1558.289057
14.8,18,1558.60207
14.05,18,1558.647214
1.85,18,1558.725971
12.1,18,1559.788159
12.5,18,1559.844059
12.75,18,1559.902513
-5.6,18,1559.957603
-8.9,18,1560.012149
-8.45,18,1560.213046
13.8,18,1560.408288
-9.3,18,1560.524477
-9.5,18,1560.575637
-7.65,18,1560.646764
14.0,18,1560.697882
-7.4,18,1560.970259
12.3,18,1561.002146
-9.0,18,1561.066144
13.65,18,1561.111201
-8.35,18,1561.143044
-8.6,18,1561.218141
13.45,18,1561.279216
15.15,18,1561.339339
-8.4,18,1561.412423
-8.4,18,1561.474842
-7.65,18,1561.541041
-8.35,18,1561.594854
2.5,18,1561.666504
-8.75,18,1561.708978
-9.1,18,1561.776285
-6.55,18,1562.163277
-6.75,18,1562.208331
-8.55,18,1562.242756
-7.9,18,1562.290404
13.55,18,1562.35005
12.1,18,1562.390345
12.4,18,1562.463233
-9.0,18,1562.497492
12.45,18,1562.569349
-7.65,18,1562.625385
-7.0,18,1562.685169
-9.3,18,1562.732856
-6.35,18,1562.808334
12.65,18,1562.849437
-9.1,18,1563.240816
-7.6,18,1563.314824
-7.9,18,1563.430845
12.0,18,1563.591089
-8.35,18,1563.658049
12.05,18,1563.708569
-6.2,18,1563.781255
-9.05,18,1563.830666
-8.6,18,1563.901523
-8.65,18,1563.95932
13.25,18,1564.015528
12.4,18,1564.068612
-9.1,18,1564.131911
-8.55,18,1564.169359
2.8,18,1564.436835
4.05,18,1564.483042
-9.35,18,1564.540936
-7.55,18,1564.592517
-7.65,18,1564.674042
-7.25,18,1564.874104
-9.2,18,1565.163882
-7.6,18,1565.563704
1.6,18,1565.684314
-8.85,18,1565.727498
-9.25,18,1565.780678
1.95,18,1565.835447
-7.4,18,1565.885303
-7.85,18,1565.940353
-8.85,18,1566.180482
1.7,18,1566.24005
2.75,18,1566.271924
-8.75,18,1566.332933
-9.1,18,1566.38662
-8.15,18,1566.449472
-8.95,18,1566.500841
-6.25,18,1566.547498
-7.05,18,1566.603616
-7.8,18,1566.635026
-9.3,18,1566.701061
-8.3,18,1566.745396
12.2,18,1566.799959
13.15,18,1566.840134
12.4,18,1566.888092
-6.65,18,1567.145053
13.5,18,1567.185314
-7.85,18,1567.217081
-8.2,18,1567.27685
2.65,18,1567.324819
12.6,18,1567.389499
11.9,18,1567.452936
-8.8,18,1567.515157
-7.85,18,1567.555549
14.45,18,1567.611776
-6.7,18,1567.650575
1.55,18,1567.706874
-6.15,18,1567.74355
-8.8,18,1567.807601
-9.15,18,1568.053639
-8.4,18,1568.096542
-8.1,18,1568.152313
-8.9,18,1568.19675
12.15,18,1568.265967
15.1,18,1568.298979
-7.7,18,1568.370785
-8.45,18,1568.426592
13.85,18,1568.49054
15.75,18,1568.540892
13.35,18,1568.592971
-7.35,18,1568.646441
13.6,18,1568.704117
-9.4,18,1568.751894
-8.45,18,1568.999697
-8.1,18,1569.066043
-6.65,18,1569.094321
-8.9,18,1569.163219
-8.8,18,1569.211701
-7.65,18,1569.265913
-8.4,18,1569.298835
-8.1,18,1569.371037
-7.75,18,1569.410455
-8.85,18,1569.458481
-8.5,18,1569.518804
-9.1,18,1569.564391
-9.1,18,1569.633751
-9.45,18,1569.681504
12.55,18,1569.932163
-8.25,18,1569.973578
-9.3,18,1570.005876
-6.6,18,1570.061843
-5.5,18,1570.101715
-8.55,18,1570.169454
-8.1,18,1570.228352
-9.25,18,1570.281793
-9.35,18,1570.320082
3.25,18,1570.392386
-8.05,18,1570.441945
-8.5,18,1570.50205
-7.65,18,1570.552704
4.4,18,1570.611311
-7.05,18,1570.837532
13.15,18,1570.8771
-8.9,18,1570.944908
13.8,18,1570.972845
-6.45,18,1571.035906
-7.55,18,1571.08004
11.85,18,1571.127598
12.55,18,1571.17635
-9.25,18,1571.246358
-6.0,18,1571.296645
14.55,18,1571.345168
-8.7,18,1571.405937
2.4,18,1571.456149
-7.7,18,1571.545171
-8.9,18,1571.63586
-9.35,18,1572.065443
2.95,18,1572.11749
-6.95,18,1572.172519
12.8,18,1572.230708
2.9,18,1572.281652
-8.6,18,1572.347638
-7.85,18,1572.441386
-6.95,18,1572.493398
14.75,18,1572.554411
-8.3,18,1572.599982
-9.1,18,1572.662492
-7.75,18,1572.722117
-8.45,18,1572.794348
15.05,18,1572.860643
-8.45,18,1573.198373
-7.2,18,1573.257565
-9.0,18,1573.315492
-9.1,18,1573.415487
-7.65,18,1573.505252
-8.2,18,1573.582299
13.55,18,1573.652077
-7.9,18,1573.700217
-7.85,18,1573.766094
-8.45,18,1573.817214
-7.55,18,1573.940009
12.0,18,1574.024395
17.05,18,1574.072721
-8.3,18,1574.143133
13.45,18,1574.490561
-8.25,18,1574.538675
-7.65,18,1574.60024
-6.8,18,1574.646056
11.95,18,1574.70409
2.65,18,1574.746703
3.15,18,1574.796593
-8.45,18,1574.842427
-7.75,18,1574.889635
-8.6,18,1574.938067
-9.05,18,1574.993552
-8.1,18,1575.042332
-8.65,18,1575.076313
12.75,18,1575.142142
15.7,18,1575.685143
14.2,18,1575.735416
-9.6,18,1575.784831
-7.6,18,1575.850744
-8.65,18,1575.899883
-7.9,18,1575.960363
-7.85,18,1576.008211
-8.45,18,1576.05039
13.8,18,1576.109103
11.65,18,1576.150108
-8.3,18,1576.217013
-8.8,18,1576.266463
13.05,18,1576.324206
12.25,18,1576.373236
11.6,18,1576.437503
-7.4,18,1576.708683
-6.85,18,1576.76738
-8.25,18,1576.817245
14.9,18,1576.891625
-9.55,18,1576.941248
-7.0,18,1576.995339
-8.7,18,1577.044135
3.15,18,1577.093391
-7.75,18,1577.143183
-8.55,18,1577.197666
-7.25,18,1577.249536
-9.35,18,1577.29061
-5.5,18,1577.365914
3.7,18,1577.414827
13.95,18,1577.672536
14.25,18,1577.716313
-7.9,18,1577.771548
12.7,18,1577.824066
-7.65,18,1577.878568
12.35,18,1577.929336
-8.35,18,1577.998857
-5.4,18,1578.046498
-9.1,18,1578.364159
-9.2,18,1578.4663
-8.25,18,1578.503641
-7.9,18,1578.552126
-8.5,18,1578.613189
-8.0,18,1578.671724
-8.3,18,1578.915733
-8.75,18,1578.96063
15.15,18,1579.009136
-8.85,18,1579.059627
16.25,18,1579.312271
-7.6,18,1579.416076
-7.3,18,1579.470868
13.0,18,1579.529046
12.95,18,1579.584253
-8.35,18,1579.615802
14.2,18,1579.683674
-7.6,18,1579.713532
-7.9,18,1579.789813
12.95,18,1579.841112
2.75,18,1580.073398
-8.1,18,1580.132121
-8.75,18,1580.172148
-8.35,18,1580.220093
-8.75,18,1580.263381
13.35,18,1580.31131
13.95,18,1580.372683
-9.0,18,1580.420991
13.6,18,1580.473372
-6.95,18,1580.513472
-7.5,18,1580.57402
-8.75,18,1580.606513
-8.3,18,1580.669822
-8.45,18,1580.723659
-8.0,18,1580.939816
-7.6,18,1580.988282
2.65,18,1581.046694
-9.05,18,1581.084527
-8.3,18,1581.145846
13.2,18,1581.187432
-8.95,18,1581.245213
-8.65,18,1581.294844
-7.6,18,1581.344298
12.25,18,1581.393365
12.8,18,1581.442451
-7.7,18,1582.266855
12.75,18,1582.308921
12.95,18,1582.350591
-8.95,18,1582.409038
-9.4,18,1582.638965
-9.5,18,1582.682151
-7.95,18,1582.731765
-6.5,18,1582.772896
-8.05,18,1582.832361
12.5,18,1582.871637
-6.9,18,1582.920889
-8.9,18,1582.972317
-9.45,18,1583.020751
-8.7,18,1583.070126
15.6,18,1583.111192
12.4,18,1583.174295
13.9,18,1583.219038
-8.9,18,1583.281578
-8.25,18,1583.50524
-6.0,18,1583.550988
-7.95,18,1583.576428
-8.65,18,1583.595312
14.95,18,1583.610212
-8.25,18,1583.62603
-8.15,18,1583.644867
-5.6,18,1583.659894
3.4,18,1583.667647
-8.4,18,1583.679457
-8.5,18,1583.695157
2.9,18,1583.695157
12.6,18,1583.719428
-9.05,18,1583.735698
12.05,18,1583.799088
13.05,18,1583.81977
-9.5,18,1583.844863
-8.0,18,1583.859751
-7.8,18,1583.876853
13.05,18,1583.893448
-8.05,18,1583.907351
15.3,18,1583.927215
-8.85,18,1583.94176
-7.75,18,1583.95638
-8.25,18,1583.970887
-8.65,18,1583.986498
-7.1,18,1583.998785
13.65,18,1584.012396
-7.6,18,1584.229609
-8.9,18,1584.252341
13.6,18,1584.267479
14.35,18,1584.282287
-5.6,18,1584.288755
-8.95,18,1584.30049
-8.45,18,1584.312624
12.1,18,1584.331144
13.95,18,1584.342923
-7.95,18,1584.358394
-8.45,18,1584.370508
-8.6,18,1584.383045
13.05,18,1584.39619
-8.55,18,1584.409557
12.0,18,1584.421753
2.7,18,1584.483518
-6.5,18,1584.501202
-8.7,18,1584.519048
-7.85,18,1584.537533
2.6,18,1584.588886
2.9,18,1584.601458
-9.35,18,1584.613697
12.0,18,1584.629532
13.05,18,1584.641549
-9.25,18,1584.656036
-8.8,18,1584.66571
13.6,18,1584.680567
12.35,18,1584.6934
11.55,18,1584.701882
-8.7,18,1584.770245
-9.1,18,1584.787338
-8.65,18,1584.804176
-8.45,18,1584.819714
4.55,18,1584.831203
2.95,18,1584.845946
-9.1,18,1584.857818
12.4,18,1584.871307
12.45,18,1584.885659
-8.6,18,1584.897329
-8.8,18,1584.915418
-6.7,18,1584.928536
12.35,18,1584.937828
-7.95,18,1584.956162
-8.3,18,1585.039877
-7.55,18,1585.052017
-8.75,18,1585.065691
-8.65,18,1585.085386
-7.75,18,1585.097832
-9.1,18,1585.110453
-8.8,18,1585.138113
16.25,18,1585.152135
13.55,18,1585.167145
-8.6,18,1585.181191
-6.6,18,1585.191112
-8.7,18,1585.206667
-9.55,18,1585.218716
-9.1,18,1585.228662
13.9,18,1585.286405
-8.65,18,1585.300169
-8.8,18,1585.315939
-7.4,18,1585.329704
12.45,18,1585.343466
-8.3,18,1585.357504
-8.95,18,1585.37106
-8.3,18,1585.384245
-6.9,18,1585.395263
-8.3,18,1585.407022
15.5,18,1585.419072
-9.4,18,1585.43287
12.35,18,1585.444788
-8.7,18,1585.459799
-9.0,18,1585.598883
-7.35,18,1585.638165
-7.15,18,1585.658952
-8.85,18,1585.67447
11.9,18,1585.686491
-8.65,18,1585.703123
-9.4,18,1585.714079
13.45,18,1585.725517
13.8,18,1585.737729
-7.95,18,1585.754016
-7.65,18,1585.76704
-8.3,18,1585.78278
-8.6,18,1585.794011
-7.2,18,1585.804483
-7.7,18,1585.816391
-8.85,18,1585.88891
-7.6,18,1585.926599
-7.6,18,1585.94563
-8.9,18,1585.96162
-8.2,18,1585.973418
-7.7,18,1585.985817
12.15,18,1586.005452
-8.0,18,1586.021473
-8.4,18,1586.035536
-8.35,18,1586.046061
-8.25,18,1586.061437
-8.15,18,1586.073497
-5.95,18,1586.084358
-8.4,18,1586.094664
-9.3,18,1586.169848
12.8,18,1586.185523
-6.75,18,1586.203715
15.5,18,1586.217354
-8.8,18,1586.232105
-8.65,18,1586.245783
-7.95,18,1586.259709
4.35,18,1586.271861
15.45,18,1586.283882
-7.8,18,1586.296066
-8.2,18,1586.313019
13.1,18,1586.326645
-8.15,18,1586.338701
1.75,18,1586.355088
-9.1,18,1586.447804
-6.8,18,1586.465024
-8.35,18,1586.486846
-9.15,18,1586.502285
2.65,18,1586.516088
-9.2,18,1586.532202
-8.65,18,1586.544221
-8.8,18,1586.560289
-9.6,18,1586.573068
-8.15,18,1586.588424
-9.1,18,1586.600454
13.6,18,1586.614143
1.8,18,1586.627949
12.2,18,1586.63573
-8.75,18,1586.693352
11.65,18,1586.708378
2.9,18,1586.723095
-8.25,18,1586.73819
-8.6,18,1586.754817
-8.9,18,1586.770282
1.95,18,1586.780923
-8.2,18,1586.795547
-9.75,18,1586.806441
11.85,18,1586.821497
3.0,18,1586.833979
-9.1,18,1586.849757
-7.5,18,1586.861681
-6.5,18,1586.876344
-8.75,18,1586.88812
-6.8,18,1587.118779
3.75,18,1587.168485
-7.25,18,1587.182249
-8.75,18,1587.19692
12.15,18,1587.209965
15.4,18,1587.223253
12.45,18,1587.234373
-9.5,18,1587.247719
13.25,18,1587.301157
12.05,18,1587.315627
-8.6,18,1587.323933
12.3,18,1587.323933
-9.15,18,1587.339746
-8.9,18,1587.361155
1.8,18,1587.426707
-8.55,18,1587.444757
-8.45,18,1587.462568
-8.45,18,1587.481831
-8.3,18,1587.495889
12.75,18,1587.511657
-8.85,18,1587.524443
-6.2,18,1587.536738
-8.6,18,1587.54858
-7.25,18,1587.560622
-8.1,18,1587.574417
-9.0,18,1587.586473
-7.6,18,1587.598273
-6.35,18,1587.613991
14.35,18,1587.676358
-7.5,18,1587.693615
12.1,18,1587.707681
-8.55,18,1587.723475
-7.35,18,1587.737571
-8.6,18,1587.752902
-9.1,18,1587.767171
-9.15,18,1587.778968
1.9,18,1587.792771
-9.05,18,1587.810598
-7.55,18,1587.825545
-8.35,18,1587.83829
-6.7,18,1587.853441
1.7,18,1587.867968
-9.45,18,1587.923217
2.5,18,1587.944054
-9.15,18,1587.960001
-8.7,18,1587.974717
-9.15,18,1587.985737
-7.35,18,1587.995492
-8.85,18,1588.00751
13.2,18,1588.017267
-7.95,18,1588.031028
1.85,18,1588.044796
-9.0,18,1588.058767
-7.8,18,1588.073676
-8.85,18,1588.085373
-8.6,18,1588.101083
-9.1,18,1588.170623
1.35,18,1588.185018
-7.85,18,1588.199296
13.3,18,1588.214657
-8.7,18,1588.227947
2.0,18,1588.239996
1.05,18,1588.251787
-8.85,18,1588.26749
-9.05,18,1588.280085
12.8,18,1588.294288
-7.6,18,1588.306158
-8.65,18,1588.319969
-8.4,18,1588.334073
12.1,18,1588.344118
-9.1,18,1588.344118
-8.7,18,1588.422687
-8.65,18,1588.436709
-6.55,18,1588.448467
-6.3,18,1588.462229
12.9,18,1588.47595
12.25,18,1588.487709
-8.1,18,1588.503741
-8.2,18,1588.517071
-7.65,18,1588.530329
-8.6,18,1588.543943
-8.25,18,1588.558006
-8.25,18,1588.573812
-8.45,18,1588.585572
-8.2,18,1588.60334
-8.8,18,1588.821018
-8.75,18,1588.865419
-9.25,18,1588.889971
-8.7,18,1589.086147
-6.3,18,1589.102203
-9.05,18,1589.118176
11.9,18,1589.136636
-9.05,18,1589.136636
14.25,18,1589.160504
13.8,18,1589.173997
-8.2,18,1589.185483
-9.1,18,1589.195593
12.75,18,1589.195593
-7.1,18,1589.227416
13.65,18,1589.292279
2.5,18,1589.304351
-7.35,18,1589.318298
1.6,18,1589.330056
-7.25,18,1589.343818
-8.8,18,1589.355835
-8.05,18,1589.367336
13.15,18,1589.38336
1.65,18,1589.396638
-6.95,18,1589.409526
12.05,18,1589.423435
-9.15,18,1589.435129
1.8,18,1589.449151
-8.6,18,1589.464916
11.85,18,1589.522489
13.8,18,1589.536186
-8.05,18,1589.548204
12.0,18,1589.561966
-7.45,18,1589.573725
-8.85,18,1589.587487
-6.9,18,1589.603251
11.45,18,1589.617091
2.6,18,1589.631145
-8.75,18,1589.645403
13.65,18,1589.659623
-7.7,18,1589.672107
-8.45,18,1589.684919
-7.35,18,1589.697999
-7.1,18,1589.713795
13.35,18,1589.768544
-8.9,18,1589.781417
-9.1,18,1589.795479
2.8,18,1589.80753
-8.45,18,1589.830624
-7.2,18,1589.845008
-9.55,18,1589.857042
-7.8,18,1589.870844
-8.45,18,1589.882632
-8.0,18,1589.896421
-7.15,18,1589.908477
-9.0,18,1589.92426
13.05,18,1589.936782
11.95,18,1589.950583
14.95,18,1590.01397
-9.2,18,1590.037768
-8.6,18,1590.059669
12.65,18,1590.073346
12.8,18,1590.087368
14.9,18,1590.101101
-8.6,18,1590.113119
-7.8,18,1590.126881
12.4,18,1590.143006
-8.35,18,1590.157133
-8.4,18,1590.17048
-6.2,18,1590.17968
-8.65,18,1590.195042
-7.25,18,1590.203055
-8.7,18,1590.26986
-8.35,18,1590.300483
-7.85,18,1590.316324
14.3,18,1590.328116
13.05,18,1590.34191
-9.05,18,1590.359791
-6.75,18,1590.373666
13.45,18,1590.387615
-8.1,18,1590.400176
-7.65,18,1590.411277
-8.0,18,1590.42504
-8.3,18,1590.435055
14.15,18,1590.446815
2.6,18,1590.457425
3.3,18,1590.535193
-8.8,18,1590.556736
13.25,18,1590.57652
13.1,18,1590.59701
1.9,18,1590.617348
12.9,18,1590.632332
-9.0,18,1590.642347
-7.2,18,1590.654395
1.6,18,1590.668187
1.9,18,1590.682559
13.45,18,1590.694959
11.75,18,1590.710617
12.65,18,1590.722538
1.9,18,1590.732717
-7.85,18,1590.788749
-8.2,18,1590.802614
11.85,18,1590.815012
-7.95,18,1590.824983
-7.65,18,1590.842988
-6.45,18,1590.853002
15.05,18,1590.866785
-7.55,18,1590.878579
13.65,18,1590.894328
12.8,18,1590.907673
-8.65,18,1590.920165
-8.95,18,1590.933236
-7.65,18,1590.936752
-6.6,18,1590.956144
12.05,18,1590.9682
-7.25,18,1591.152112
-8.9,18,1591.199722
-8.2,18,1591.246511
-7.35,18,1591.26021
14.1,18,1591.271899
-8.4,18,1591.285458
-8.1,18,1591.299937
15.3,18,1591.312
-8.9,18,1591.324213
-8.2,18,1591.337776
-9.1,18,1591.349342
-9.0,18,1591.355548
14.85,18,1591.372039
1.5,18,1591.381529
-8.45,18,1591.441456
-6.85,18,1591.456278
5.0,18,1591.472102
-8.35,18,1591.49522
3.6,18,1591.513622
-8.4,18,1591.530716
-9.55,18,1591.548678
11.95,18,1591.561901
13.05,18,1591.574537
-8.9,18,1591.589965
1.4,18,1591.603987
-7.7,18,1591.615749
1.65,18,1591.629511
-5.25,18,1591.637336
-8.65,18,1591.701944
-8.9,18,1591.715776
-8.95,18,1591.730532
14.7,18,1591.744574
-8.2,18,1591.757557
2.45,18,1591.774201
-9.05,18,1591.786678
-5.6,18,1591.800688
-8.4,18,1591.814512
12.05,18,1591.82653
-7.8,18,1591.838289
-8.45,18,1591.851345
-9.2,18,1591.867097
-8.9,18,1591.881764
-8.8,18,1591.9476
3.45,18,1591.969197
-7.5,18,1591.984496
-8.8,18,1591.997367
-8.05,18,1592.008889
12.9,18,1592.025177
1.8,18,1592.040814
-8.0,18,1592.054872
-8.9,18,1592.067107
-9.4,18,1592.083174
-7.45,18,1592.096735
-8.55,18,1592.10787
-7.3,18,1592.123702
-9.1,18,1592.136368
-7.6,18,1592.1434
13.1,18,1592.204229
13.1,18,1592.21493
-7.4,18,1592.231
-7.5,18,1592.2469
-7.45,18,1592.258918
-9.35,18,1592.272679
13.45,18,1592.286442
-8.7,18,1592.302207
-8.8,18,1592.313402
-9.25,18,1592.330242
-7.5,18,1592.344701
-8.0,18,1592.358532
-7.45,18,1592.372328
-8.1,18,1592.386122
-9.0,18,1592.445174
-9.55,18,1592.460009
12.55,18,1592.473059
14.6,18,1592.486848
-9.4,18,1592.501546
-6.5,18,1592.516571
12.25,18,1592.534258
-6.3,18,1592.548326
13.25,18,1592.563312
-9.35,18,1592.577377
14.45,18,1592.591172
-6.25,18,1592.602826
-8.25,18,1592.602826
-7.3,18,1592.63075
-7.9,18,1592.69182
-7.9,18,1592.709091
11.9,18,1592.72892
-8.35,18,1592.742051
-8.9,18,1592.754842
13.05,18,1592.77057
13.5,18,1592.786261
1.45,18,1592.79828
14.3,18,1592.812328
11.95,18,1592.828137
-7.7,18,1592.844114
-7.25,18,1592.857344
-8.55,18,1592.872607
5.9,18,1592.883488
-8.9,18,1592.933671
3.2,18,1592.951186
-7.75,18,1592.967589
-7.65,18,1592.985584
-7.55,18,1593.003421
-6.55,18,1593.01746
-8.7,18,1593.030558
13.5,18,1593.042577
-7.1,18,1593.058342
-6.8,18,1593.072371
-7.75,18,1593.085356
-8.55,18,1593.097861
12.05,18,1593.114422
-8.2,18,1593.128494
-7.55,18,1593.185783
13.35,18,1593.197836
14.0,18,1593.211599
-7.65,18,1593.225362
12.85,18,1593.239124
2.9,18,1593.252886
13.0,18,1593.268652
-8.85,18,1593.283223
-8.6,18,1593.296218
15.25,18,1593.309841
-8.75,18,1593.324998
2.65,18,1593.339056
-6.6,18,1593.350844
-9.3,18,1593.364635
4.95,18,1593.372406
-8.25,18,1593.444337
15.65,18,1593.458397
-7.25,18,1593.472068
12.05,18,1593.487834
-6.6,18,1593.501917
12.35,18,1593.515872
13.65,18,1593.529939
-7.9,18,1593.543702
13.15,18,1593.559467
13.65,18,1593.571226
-9.05,18,1593.585281
-7.05,18,1593.601328
2.75,18,1593.61481
-7.5,18,1593.62506
-8.35,18,1593.679621
15.05,18,1593.691381
-6.1,18,1593.705142
-8.75,18,1593.720773
-8.05,18,1593.733925
-6.35,18,1593.74883
11.9,18,1593.760848
14.45,18,1593.772608
-8.55,18,1593.78584
-8.85,18,1593.799131
12.95,18,1593.815189
-7.7,18,1593.829854
-8.05,18,1593.843764
-7.5,18,1593.855274
14.5,18,1593.915119
15.9,18,1593.930886
-8.9,18,1593.945027
12.8,18,1593.960328
-8.0,18,1593.972553
12.7,18,1593.986348
-7.45,18,1594.000148
14.65,18,1594.013946
14.25,18,1594.029751
-7.25,18,1594.044493
-8.45,18,1594.055782
-8.15,18,1594.269412
12.9,18,1594.28353
-7.35,18,1594.291929
11.9,18,1594.346646
13.6,18,1594.362411
-9.15,18,1594.375736
12.25,18,1594.402378
1.75,18,1594.420152
-8.4,18,1594.433433
-7.3,18,1594.449457
-7.25,18,1594.464155
14.7,18,1594.478178
1.55,18,1594.492734
-7.6,18,1594.505932
-8.7,18,1594.519
-9.05,18,1594.532052
-9.15,18,1594.54383
2.1,18,1594.553921
-8.05,18,1594.610918
-7.8,18,1594.626004
-8.8,18,1594.639025
12.5,18,1594.652787
-7.7,18,1594.666548
-7.55,18,1594.680671
-9.3,18,1594.696909
-7.75,18,1594.710939
2.15,18,1594.723861
2.75,18,1594.739355
-8.7,18,1594.753955
-9.5,18,1594.766824
12.65,18,1594.778872
13.5,18,1594.79728
-8.35,18,1594.869368
-6.35,18,1594.88356
-7.65,18,1594.900862
-7.75,18,1594.917751
-8.9,18,1594.931372
-8.65,18,1594.94566
17.7,18,1594.962245
-9.1,18,1594.975905
11.7,18,1594.989106
13.1,18,1595.000348
-8.6,18,1595.020894
-8.65,18,1595.034898
-6.2,18,1595.044915
-8.55,18,1595.057598
-8.95,18,1595.137343
-7.15,18,1595.154216
-6.75,18,1595.167447
-9.05,18,1595.181746
14.15,18,1595.195403
-9.55,18,1595.208968
-9.05,18,1595.221139
-8.25,18,1595.245261
-8.05,18,1595.257085
3.45,18,1595.271493
12.4,18,1595.283639
-9.3,18,1595.298746
11.95,18,1595.312549
14.65,18,1595.326985
-8.8,18,1595.397129
1.35,18,1595.42301
1.95,18,1595.481687
3.8,18,1595.487779
2.7,18,1595.505931
2.8,18,1595.518021
12.65,18,1595.530355
-8.4,18,1595.545249
-9.0,18,1595.558704
-5.65,18,1595.574679
-9.35,18,1595.588703
-6.15,18,1595.600065
-8.9,18,1595.609412
12.3,18,1595.621548
-9.35,18,1595.698723
2.05,18,1595.725683
13.35,18,1595.749489
15.3,18,1595.763253
13.05,18,1595.772192
14.95,18,1595.790379
12.5,18,1595.805425
-6.95,18,1595.818699
-8.85,18,1595.832747
-7.05,18,1595.843683
1.85,18,1595.859846
-8.4,18,1595.873608
-8.7,18,1595.889373
15.0,18,1595.903553
-8.7,18,1595.91351
-7.3,18,1595.998978
-8.6,18,1596.015773
3.5,18,1596.030713
12.55,18,1596.043462
-6.8,18,1596.057595
-9.0,18,1596.071252
-8.7,18,1596.083447
14.3,18,1596.097852
-8.8,18,1596.112687
-9.7,18,1596.129746
-7.75,18,1596.14185
13.05,18,1596.15536
-8.95,18,1596.17008
2.0,18,1596.17923
12.95,18,1596.241133
14.3,18,1596.251178
-8.95,18,1596.264957
-8.95,18,1596.276127
-8.1,18,1596.293669
-8.45,18,1596.308226
-8.95,18,1596.322011
-7.9,18,1596.335786
2.3,18,1596.347647
-8.3,18,1596.363439
-8.45,18,1596.375339
-6.35,18,1596.389652
12.1,18,1596.403465
3.75,18,1596.418091
-8.55,18,1596.475508
14.4,18,1596.487692
13.3,18,1596.499771
-8.45,18,1596.511949
-8.6,18,1596.523886
-8.4,18,1596.544969
-9.15,18,1596.555947
-9.2,18,1596.572488
-7.85,18,1596.586591
-8.3,18,1596.600948
14.75,18,1596.615
12.25,18,1596.627998
-6.45,18,1596.639494
-8.1,18,1596.656444
-8.85,18,1596.716023
-9.0,18,1596.735686
-8.6,18,1596.753985
2.45,18,1596.766077
-9.35,18,1596.782712
-8.2,18,1596.795271
14.1,18,1596.844843
-8.65,18,1596.860608
15.05,18,1596.872729
14.5,18,1596.88741
14.05,18,1596.899576
-9.05,18,1596.913415
13.25,18,1596.924981
-8.25,18,1596.928993
12.85,18,1596.946816
-7.75,18,1596.996344
12.5,18,1597.008717
13.8,18,1597.024831
13.3,18,1597.038252
12.0,18,1597.050272
12.85,18,1597.062031
13.0,18,1597.077796
11.65,18,1597.091925
-9.0,18,1597.105612
11.55,18,1597.113957
13.05,18,1597.131475
-8.7,18,1597.147242
-8.75,18,1597.161004
12.7,18,1597.173021
-8.65,18,1597.232117
-7.4,18,1597.244171
-8.15,18,1597.259987
-7.3,18,1597.271757
-8.1,18,1597.28552
-7.5,18,1597.297798
12.8,18,1597.311621
-6.25,18,1597.324337
17.35,18,1597.337393
-9.0,18,1597.349448
-8.15,18,1597.364776
-8.45,18,1597.379466
-8.95,18,1597.395272
-9.3,18,1597.408168
-7.35,18,1597.464288
3.65,18,1597.47634
-7.6,18,1597.490144
-8.9,18,1597.50593
-7.05,18,1597.518216
11.95,18,1597.531899
-6.9,18,1597.545405
-5.8,18,1597.557455
-7.6,18,1597.565228
3.6,18,1597.584461
-9.35,18,1597.596985
13.9,18,1597.611888
-7.7,18,1597.623865
-8.2,18,1597.638991
-8.75,18,1597.693588
-6.65,18,1597.711716
1.55,18,1597.724733
-8.65,18,1597.74031
-7.8,18,1597.754242
-8.25,18,1597.767396
-8.75,18,1597.782117
-6.45,18,1597.795409
13.35,18,1597.807475
-8.65,18,1597.827735
-8.7,18,1597.839896
-8.85,18,1597.852376
-7.4,18,1597.866791
-8.7,18,1597.880889
14.25,18,1597.972728
-7.35,18,1598.003127
-8.65,18,1598.01957
-8.8,18,1598.035336
-8.6,18,1598.050766
-7.5,18,1598.063351
-7.65,18,1598.077572
11.95,18,1598.089665
-9.0,18,1598.103714
-9.25,18,1598.118053
-8.05,18,1598.131615
-8.15,18,1598.148644
-8.75,18,1598.162788
-8.8,18,1598.223012
12.75,18,1598.232917
-7.6,18,1598.364292
-8.95,18,1598.396585
-9.1,18,1598.406247
-9.15,18,1598.426596
-7.7,18,1598.440679
-8.9,18,1598.452198
-9.0,18,1598.470522
2.75,18,1598.483345
-9.15,18,1598.497781
11.85,18,1598.511793
-8.35,18,1598.523861
-8.75,18,1598.535586
-8.5,18,1598.543644
1.85,18,1598.553844
12.15,18,1598.628053
-7.6,18,1598.644374
-8.6,18,1598.657639
13.0,18,1598.668984
-9.45,18,1598.683577
-7.75,18,1598.698392
-9.05,18,1598.711358
1.5,18,1598.723799
12.8,18,1598.729923
-7.2,18,1598.748213
-7.6,18,1598.759833
-8.6,18,1598.774548
-8.85,18,1598.792612
-7.85,18,1598.806656
-7.75,18,1598.880357
-8.05,18,1598.905909
3.5,18,1598.930067
1.9,18,1598.949293
-7.3,18,1598.966291
14.3,18,1598.978351
-7.2,18,1598.990381
-8.25,18,1599.005387
-8.55,18,1599.016717
14.3,18,1599.029721
-7.55,18,1599.044985
14.75,18,1599.057337
3.5,18,1599.072347
11.95,18,1599.084178
12.75,18,1599.142743
-6.45,18,1599.175408
12.6,18,1599.189277
14.65,18,1599.202663
-8.3,18,1599.21914
-8.45,18,1599.232964
-9.2,18,1599.244926
2.3,18,1599.257492
-8.3,18,1599.272218
-7.1,18,1599.281676
1.45,18,1599.299189
-8.5,18,1599.313047
-8.7,18,1599.329459
-9.0,18,1599.341875
-9.05,18,1599.353803
-7.55,18,1599.406305
-8.3,18,1599.420178
12.45,18,1599.4342
-8.25,18,1599.450931
-8.9,18,1599.708231
-8.3,18,1599.719579
12.55,18,1599.731718
2.5,18,1599.745644
3.6,18,1599.763649
-8.45,18,1599.778056
-6.65,18,1599.790186
13.85,18,1599.80229
2.6,18,1599.80932
-8.4,18,1599.826539
-8.65,18,1599.88285
13.5,18,1599.895058
-9.2,18,1599.907754
13.85,18,1599.921364
-7.35,18,1599.935584
-8.9,18,1599.950077
3.5,18,1599.960134
11.7,18,1599.980098
13.5,18,1599.994129
-8.5,18,1600.006788
11.7,18,1600.020391
3.5,18,1600.032393
-7.8,18,1600.044429
12.35,18,1600.056728
13.65,18,1600.11395
-8.95,18,1600.126572
-8.8,18,1600.140663
13.2,18,1600.151654
-7.9,18,1600.165416
12.5,18,1600.19516
2.65,18,1600.210096
-8.55,18,1600.222362
15.35,18,1600.235544
-8.45,18,1600.246818
-8.15,18,1600.256765
2.0,18,1600.274869
-7.95,18,1600.286969
-9.1,18,1600.30099
1.7,18,1600.359342
11.55,18,1600.372162
-7.7,18,1600.385794
-8.9,18,1600.398952
-7.15,18,1600.414651
-8.15,18,1600.426325
13.0,18,1600.438874
13.1,18,1600.451062
2.5,18,1600.465006
2.8,18,1600.477823
-8.15,18,1600.493085
13.8,18,1600.509656
-9.45,18,1600.523463
-8.35,18,1600.540053
14.45,18,1600.602559
-7.8,18,1600.620344
-8.4,18,1600.633111
-7.8,18,1600.645132
-8.3,18,1600.658653
15.6,18,1600.67082
-9.1,18,1600.68462
-5.7,18,1600.696418
13.25,18,1600.710226
-8.2,18,1600.724295
12.15,18,1600.735921
-8.0,18,1600.750171
-7.9,18,1600.761397
-8.75,18,1600.775445
14.35,18,1600.790348
-8.7,18,1600.851
-8.9,18,1600.863549
14.0,18,1600.868816
-6.75,18,1600.889565
-8.5,18,1600.941851
-9.3,18,1600.956083
-7.9,18,1600.969632
-9.15,18,1600.983932
2.75,18,1600.999148
-8.8,18,1601.01291
13.15,18,1601.032682
-9.25,18,1601.046008
-7.8,18,1601.051006
-8.4,18,1601.06312
15.65,18,1601.120095
12.8,18,1601.13386
-9.25,18,1601.153771
12.95,18,1601.168267
-8.35,18,1601.183485
-9.4,18,1601.201065
2.75,18,1601.213122
-8.85,18,1601.226469
-9.05,18,1601.238604
-8.1,18,1601.255579
-8.6,18,1601.269995
-7.45,18,1601.283413
1.85,18,1601.298762
-9.4,18,1601.312613
3.9,18,1601.377886
12.7,18,1601.402938
-6.4,18,1601.421041
-8.85,18,1601.432994
-9.35,18,1601.452147
4.3,18,1601.466223
13.45,18,1601.476239
-8.2,18,1601.490488
-8.15,18,1601.50272
-8.3,18,1601.516225
-9.35,18,1601.529246
-8.65,18,1601.541005
2.2,18,1601.553023
-8.45,18,1601.564782
-8.1,18,1601.66725
-9.35,18,1601.687091
-9.45,18,1601.7012
-8.25,18,1601.715094
-8.85,18,1601.72716
-8.05,18,1601.742696
-6.6,18,1601.754715
-7.7,18,1601.766474
13.9,18,1601.780235
-7.35,18,1601.796
14.4,18,1601.809248
-9.2,18,1601.82234
-7.5,18,1601.837303
-8.15,18,1601.848322
-8.6,18,1601.862106
-8.9,18,1601.920332
-9.25,18,1601.932126
-8.8,18,1601.945042
13.4,18,1601.957631
-8.25,18,1601.967647
-8.1,18,1601.979406
-8.5,18,1601.99117
-8.45,18,1602.006982
-6.9,18,1602.019
-8.8,18,1602.032238
-8.65,18,1602.043991
12.15,18,1602.057984
12.3,18,1602.070001
-8.25,18,1602.084941
-8.15,18,1602.137026
-8.1,18,1602.152321
13.0,18,1602.161749
-9.0,18,1602.176961
-6.45,18,1602.189983
-8.3,18,1602.201741
2.4,18,1602.213759
12.7,18,1602.22552
-8.7,18,1602.241285
12.05,18,1602.277815
-8.6,18,1602.291824
-8.65,18,1602.303872
14.95,18,1602.317672
14.2,18,1602.325711
1.85,18,1602.385628
-7.35,18,1602.398233
1.75,18,1602.412093
15.8,18,1602.427862
-9.3,18,1602.441625
-8.2,18,1602.457178
-7.65,18,1602.468238
13.25,18,1602.483041
-7.75,18,1602.497917
-9.2,18,1602.511254
12.25,18,1602.523301
11.45,18,1602.537102
-7.5,18,1602.5509
-8.25,18,1602.568628
-8.95,18,1602.62383
-7.6,18,1602.637592
-8.1,18,1602.651353
-8.75,18,1602.666899
13.9,18,1602.680725
-7.65,18,1602.694734
16.1,18,1602.707493
-8.8,18,1602.722517
-7.4,18,1602.735124
-9.5,18,1602.748147
12.35,18,1602.761909
1.9,18,1602.779678
-9.35,18,1602.795055
12.35,18,1602.810227
-7.4,18,1602.870703
15.15,18,1602.890487
14.15,18,1602.904928
-8.45,18,1602.916648
4.75,18,1602.930796
-8.3,18,1602.94482
-7.55,18,1602.958619
13.35,18,1602.972419
14.15,18,1602.99022
-8.3,18,1603.008183
-8.65,18,1603.044574
-8.7,18,1603.060383
12.8,18,1603.072305
-9.2,18,1603.072305
-8.55,18,1603.087986
14.75,18,1603.161433
-7.75,18,1603.175478
2.1,18,1603.189196
-9.45,18,1603.206583
1.65,18,1603.220003
3.15,18,1603.232033
-8.9,18,1603.246109
-9.2,18,1603.257868
13.2,18,1603.271629
-8.35,18,1603.285391
-8.45,18,1603.297408
-6.3,18,1603.313173
3.65,18,1603.326569
-8.1,18,1603.33729
-7.45,18,1603.400558
14.55,18,1603.422335
13.5,18,1603.439122
-7.9,18,1603.453873
14.35,18,1603.466791
-9.05,18,1603.479518
-8.8,18,1603.483524
-8.5,18,1603.505251
-7.65,18,1603.517771
-7.7,18,1603.52979
-7.35,18,1603.545845
-7.7,18,1603.559401
2.35,18,1603.574336
-8.85,18,1603.591838
-9.05,18,1603.817194
-8.9,18,1603.844595
12.5,18,1603.864409
-6.95,18,1603.880617
-6.4,18,1603.888735
-7.45,18,1603.906511
-8.75,18,1603.920273
2.35,18,1603.934035
4.55,18,1603.948056
-8.05,18,1603.959815
-8.8,18,1603.977583
11.8,18,1603.990484
-8.6,18,1604.011972
-7.8,18,1604.027737
14.65,18,1604.088388
1.65,18,1604.103173
-8.8,18,1604.117781
1.7,18,1604.131545
-8.3,18,1604.145306
-9.45,18,1604.159327
-8.25,18,1604.17309
-5.1,18,1604.188854
-8.65,18,1604.204003
-6.8,18,1604.21741
-7.85,18,1604.231208
-8.95,18,1604.244251
-7.2,18,1604.2582
-8.95,18,1604.275271
11.75,18,1604.285046
1.65,18,1604.344871
2.1,18,1604.362639
-8.7,18,1604.3764
-8.4,18,1604.394168
-7.8,18,1604.408093
3.5,18,1604.41987
13.25,18,1604.437179
-8.35,18,1604.45097
12.5,18,1604.466763
-8.1,18,1604.480563
-7.45,18,1604.49462
3.25,18,1604.510386
-7.4,18,1604.524962
-8.8,18,1604.531174
-8.5,18,1604.590319
14.55,18,1604.608233
-7.05,18,1604.622456
-7.75,18,1604.640166
13.25,18,1604.649917
-8.7,18,1604.664724
-8.75,18,1604.677745
-6.6,18,1604.691507
-8.35,18,1604.706703
-8.4,18,1604.724731
2.65,18,1604.737951
-8.4,18,1604.751797
-8.45,18,1604.965369
-8.6,18,1604.981825
-7.9,18,1605.041544
-8.85,18,1605.057048
-8.75,18,1605.072911
2.75,18,1605.089908
12.9,18,1605.102114
13.1,18,1605.116019
1.4,18,1605.131675
-8.45,18,1605.145438
-9.35,18,1605.159202
-8.85,18,1605.174784
-9.15,18,1605.189012
12.75,18,1605.200972
-9.25,18,1605.216997
-8.65,18,1605.228758
-7.6,18,1605.318975
-7.15,18,1605.342753
2.55,18,1605.356516
-9.35,18,1605.372281
-6.5,18,1605.388047
-8.75,18,1605.402657
2.35,18,1605.417888
16.15,18,1605.430483
-7.85,18,1605.444005
-8.05,18,1605.457766
11.95,18,1605.473531
-6.3,18,1605.483546
-7.75,18,1605.501315
-8.05,18,1605.511383
3.05,18,1605.568965
-7.9,18,1605.580756
-8.4,18,1605.600561
-9.35,18,1605.615582
2.4,18,1605.631591
12.15,18,1605.647757
13.1,18,1605.661309
-7.9,18,1605.675106
2.5,18,1605.688909
-8.5,18,1605.705086
-7.65,18,1605.717605
1.95,18,1605.734938
-8.45,18,1605.747936
-7.15,18,1605.761834
-8.0,18,1605.765581
2.6,18,1605.831155
-8.75,18,1605.846058
-8.5,18,1605.850065
13.65,18,1605.871502
-9.3,18,1605.88556
13.85,18,1605.897351
-8.8,18,1605.911148
12.7,18,1605.927872
12.55,18,1605.943108
-7.7,18,1605.956028
14.85,18,1605.969575
13.05,18,1605.982128
-8.8,18,1605.995819
12.05,18,1606.009615
-9.05,18,1606.070252
-6.3,18,1606.082317
-8.05,18,1606.094077
1.7,18,1606.105836
-7.0,18,1606.117599
13.8,18,1606.131397
-8.65,18,1606.150241
-9.05,18,1606.164283
1.95,18,1606.179923
-8.05,18,1606.19238
12.2,18,1606.203398
-9.35,18,1606.215237
-8.55,18,1606.227255
-6.1,18,1606.241017
-7.9,18,1606.303976
-6.3,18,1606.317614
-8.9,18,1606.329169
12.45,18,1606.342973
-9.45,18,1606.358778
-9.05,18,1606.371134
-5.7,18,1606.383718
2.05,18,1606.397634
-9.15,18,1606.4133
-9.65,18,1606.425357
-8.45,18,1606.439163
-6.0,18,1606.451316
-7.45,18,1606.462868
-8.85,18,1606.477947
-7.45,18,1606.532505
-7.5,18,1606.544304
16.25,18,1606.556101
11.9,18,1606.573904
-7.45,18,1606.589055
-8.45,18,1606.601556
13.85,18,1606.61361
-8.15,18,1606.6261
-8.3,18,1606.639862
-9.0,18,1606.657629
-7.6,18,1606.669388
-8.55,18,1606.683409
13.05,18,1606.697392
-9.1,18,1606.710764
-7.8,18,1606.724757
13.05,18,1606.789952
-6.3,18,1606.805229
-5.45,18,1606.819704
12.75,18,1606.827983
1.5,18,1606.843656
-8.9,18,1606.855675
-8.55,18,1606.867434
15.4,18,1606.880411
-8.0,18,1606.894376
12.85,18,1606.904962
-7.7,18,1606.920687
13.6,18,1606.936917
-7.55,18,1606.95072
-8.7,18,1606.962772
12.3,18,1607.020457
14.65,18,1607.034031
-8.55,18,1607.046227
-8.85,18,1607.060031
-6.3,18,1607.073835
-8.85,18,1607.085881
-8.95,18,1607.099682
-7.6,18,1607.115467
-7.8,18,1607.129454
-8.7,18,1607.141337
-8.2,18,1607.15517
-8.4,18,1607.168045
-8.85,18,1607.181105
-8.95,18,1607.193156
15.75,18,1607.25162
-9.05,18,1607.264281
13.75,18,1607.276298
-7.8,18,1607.290097
-8.4,18,1607.303902
-9.4,18,1607.315698
2.55,18,1607.333498
-8.6,18,1607.347778
-7.95,18,1607.36105
15.0,18,1607.377439
-9.15,18,1607.389235
-7.75,18,1607.403039
-8.6,18,1607.415092
11.65,18,1607.428895
-8.95,18,1607.483302
13.25,18,1607.497567
12.0,18,1607.509359
-6.75,18,1607.523157
-7.9,18,1607.535198
-8.55,18,1607.54897
14.05,18,1607.561904
12.6,18,1607.577401
-9.3,18,1607.589581
-7.25,18,1607.602858
-7.7,18,1607.614878
14.25,18,1607.628683
-9.25,18,1607.640736
-8.45,18,1607.658364
-8.85,18,1607.71122
12.0,18,1607.762797
-6.2,18,1607.778097
12.2,18,1607.791515
11.6,18,1607.808133
-8.45,18,1607.82237
-6.1,18,1607.832383
-7.25,18,1607.846059
1.7,18,1607.860078
-9.3,18,1607.875844
16.0,18,1607.886408
14.2,18,1607.901251
13.4,18,1607.910765
-8.45,18,1607.926622
-7.95,18,1607.931346
13.35,18,1607.995364
-7.8,18,1608.009686
-8.05,18,1608.02935
12.85,18,1608.047122
11.85,18,1608.062892
-7.65,18,1608.076652
-7.85,18,1608.088668
-8.05,18,1608.102169
2.8,18,1608.11498
1.9,18,1608.124667
-9.55,18,1608.138462
-8.45,18,1608.150513
-8.85,18,1608.166325
-7.8,18,1608.18012
-8.9,18,1608.234212
13.35,18,1608.247775
-6.7,18,1608.261791
-8.7,18,1608.273584
-8.4,18,1608.293393
-6.8,18,1608.306282
-8.1,18,1608.330497
-7.55,18,1608.342894
14.5,18,1608.354962
-8.0,18,1608.368722
-8.5,18,1608.380479
2.4,18,1608.396972
-7.7,18,1608.412356
-8.6,18,1608.425757
2.1,18,1608.545113
2.45,18,1608.582609
-9.0,18,1608.608478
-9.0,18,1608.634866
-8.95,18,1608.657601
-8.95,18,1608.671158
-7.1,18,1608.683174
-7.7,18,1608.695004
1.9,18,1608.708764
2.05,18,1608.72078
13.55,18,1608.730534
-8.9,18,1608.747613
-8.7,18,1608.759104
-8.7,18,1608.770437
-8.9,18,1608.820148
-8.05,18,1608.837913
13.05,18,1608.849731
3.6,18,1608.862062
-8.9,18,1608.876076
1.4,18,1608.887836
-7.9,18,1608.901854
-8.15,18,1608.915649
-7.65,18,1608.927443
-8.6,18,1608.944467
-8.25,18,1608.958785
-7.6,18,1608.971208
1.85,18,1608.983246
-8.3,18,1608.997007
-8.7,18,1609.009503
13.6,18,1609.069078
12.45,18,1609.119653
-5.75,18,1609.133414
-9.75,18,1609.147203
12.6,18,1609.16291
3.05,18,1609.177093
-8.95,18,1609.190791
-7.25,18,1609.203186
3.05,18,1609.214976
1.45,18,1609.22878
15.5,18,1609.240572
-7.7,18,1609.25463
-8.2,18,1609.266222
-7.95,18,1609.275027
12.3,18,1609.353029
-8.4,18,1609.365083
-8.4,18,1609.382861
15.15,18,1609.395232
-7.6,18,1609.409383
-8.75,18,1609.421455
-8.6,18,1609.435215
2.0,18,1609.45101
-8.4,18,1609.462801
13.95,18,1609.479008
-7.75,18,1609.493701
-6.05,18,1609.508612
-8.6,18,1609.519078
11.8,18,1609.5353
-8.65,18,1609.647377
13.85,18,1609.665196
-8.45,18,1609.680969
1.35,18,1609.700738
-8.05,18,1609.712827
-8.65,18,1609.722537
12.65,18,1609.738832
-9.85,18,1609.751327
-8.1,18,1609.762844
-8.65,18,1609.774601
2.7,18,1609.788361
-8.6,18,1609.800377
-8.4,18,1609.804123
-8.85,18,1609.826405
-7.55,18,1609.877622
-8.7,18,1609.891382
-8.9,18,1609.903139
-8.5,18,1609.918905
-9.3,18,1609.932816
-8.9,18,1609.948941
-7.85,18,1610.167637
12.75,18,1610.1758
2.8,18,1610.1758
3.0,18,1610.191819
-8.3,18,1610.211214
-8.5,18,1610.223259
-6.5,18,1610.225266
1.95,18,1610.247331
2.5,18,1610.301824
-7.45,18,1610.316461
-7.65,18,1610.329568
3.8,18,1610.343352
-8.9,18,1610.360059
-8.6,18,1610.37582
13.85,18,1610.387063
-8.15,18,1610.401235
-7.8,18,1610.416999
-8.7,18,1610.429018
-6.15,18,1610.438773
2.85,18,1610.450531
12.95,18,1610.464291
-8.9,18,1610.478724
1.35,18,1610.492197
-6.7,18,1610.551342
-8.9,18,1610.574435
-8.4,18,1610.586026
14.15,18,1610.598358
11.95,18,1610.612341
-9.5,18,1610.625479
13.85,18,1610.638816
11.85,18,1610.650832
-7.45,18,1610.662611
-7.45,18,1610.680395
-7.5,18,1610.692337
14.8,18,1610.707082
1.9,18,1610.724672
-6.65,18,1610.736688
12.55,18,1610.791863
-8.9,18,1610.805166
2.45,18,1610.818584
-6.0,18,1610.832603
2.0,18,1610.844298
13.05,18,1610.858058
-8.95,18,1610.869816
-9.15,18,1610.887598
1.75,18,1610.901009
-8.9,18,1610.916676
12.1,18,1610.928693
-6.5,18,1610.942211
-9.25,18,1610.953969
2.2,18,1610.967727
11.95,18,1611.035421
13.2,18,1611.04848
-8.65,18,1611.06228
-8.05,18,1611.076081
-9.05,18,1611.088133
-6.15,18,1611.105533
-6.75,18,1611.118794
-8.6,18,1611.133505
15.25,18,1611.145609
-8.45,18,1611.162687
-7.85,18,1611.174482
12.9,18,1611.188285
-8.7,18,1611.204076
1.6,18,1611.219978
-9.1,18,1611.273566
13.9,18,1611.285362
13.9,18,1611.297416
-8.9,18,1611.315984
-8.95,18,1611.327742
1.8,18,1611.341761
-7.2,18,1611.357529
-6.5,18,1611.369581
-6.55,18,1611.383639
-7.25,18,1611.395397
1.9,18,1611.41116
-6.5,18,1611.422994
-7.5,18,1611.43544
11.85,18,1611.450095
-6.6,18,1611.462149
-8.85,18,1611.530059
-7.1,18,1611.545116
-8.15,18,1611.558614
-8.6,18,1611.569167
-8.1,18,1611.581613
-9.5,18,1611.595133
-8.4,18,1611.606889
-8.4,18,1611.62065
-9.5,18,1611.633914
12.2,18,1611.645541
-9.25,18,1611.651712
-7.9,18,1611.670223
-9.05,18,1611.683775
-9.2,18,1611.695833
-9.1,18,1611.752568
-8.65,18,1611.766943
14.4,18,1611.779766
-6.6,18,1611.792725
1.65,18,1611.849568
-8.65,18,1611.861784
-6.5,18,1611.877257
12.15,18,1611.889439
-6.5,18,1611.902941
3.1,18,1611.914958
-8.45,18,1611.928717
14.35,18,1611.940582
-9.5,18,1611.952598
-7.3,18,1611.964905
-8.85,18,1612.022753
13.95,18,1612.037423
-8.85,18,1612.053603
-7.1,18,1612.069761
-7.1,18,1612.088075
-8.9,18,1612.104255
11.9,18,1612.12823
12.85,18,1612.146038
-8.65,18,1612.172896
-7.85,18,1612.188707
3.15,18,1612.204491
-8.1,18,1612.218232
-6.45,18,1612.230644
-8.7,18,1612.241579
-7.5,18,1612.296885
-9.3,18,1612.312792
2.75,18,1612.326186
-8.85,18,1612.340843
-7.4,18,1612.354089
-8.55,18,1612.367986
12.25,18,1612.385781
-5.3,18,1612.393072
1.9,18,1612.41286
-8.8,18,1612.425912
-6.9,18,1612.438002
-9.45,18,1612.453809
-8.15,18,1612.471643
3.65,18,1612.489321
-7.2,18,1612.541077
-8.7,18,1612.558011
13.85,18,1612.571463
-9.1,18,1612.583612
14.2,18,1612.601051
14.6,18,1612.613523
-8.95,18,1612.625635
-6.65,18,1612.63959
-8.7,18,1612.651839
-8.1,18,1612.667435
-8.55,18,1612.681886
1.7,18,1612.698709
13.75,18,1612.711498
-6.75,18,1612.723654
12.9,18,1612.738459
12.25,18,1612.791733
-8.95,18,1612.808763
-8.9,18,1612.819579
-7.1,18,1612.833257
-7.75,18,1612.847026
-8.7,18,1612.860554
-8.55,18,1612.879682
13.95,18,1612.893996
-8.9,18,1612.913029
-7.75,18,1612.927585
-7.15,18,1612.940775
-8.15,18,1612.952932
-8.7,18,1612.966849
-9.6,18,1612.979741
-7.55,18,1613.041957
-8.65,18,1613.057166
-8.05,18,1613.071216
-8.8,18,1613.084102
-7.1,18,1613.095541
-7.2,18,1613.107925
-8.35,18,1613.121456
-9.0,18,1613.134744
-7.6,18,1613.148831
12.6,18,1613.162592
15.0,18,1613.174351
-9.15,18,1613.192237
-7.25,18,1613.203995
12.0,18,1613.222103
-8.25,18,1613.271877
-7.9,18,1613.283689
2.05,18,1613.293704
-8.0,18,1613.305461
-9.1,18,1613.319373
4.25,18,1613.331389
-8.15,18,1613.343556
-8.85,18,1613.358626
-6.55,18,1613.37078
-8.5,18,1613.383942
-8.85,18,1613.395993
-9.4,18,1613.407787
-7.8,18,1613.421586
12.1,18,1613.43917
-6.9,18,1613.495337
-8.3,18,1613.509098
12.3,18,1613.520854
2.35,18,1613.532871
-7.2,18,1613.546372
-4.65,18,1613.561
-8.05,18,1613.574041
3.7,18,1613.588082
-5.4,18,1613.599873
13.3,18,1613.613633
-9.1,18,1613.627203
-8.95,18,1613.641518
3.95,18,1613.658543
12.55,18,1613.672528
-8.9,18,1613.686289
-9.2,18,1613.743399
-8.35,18,1613.761165
13.85,18,1613.773659
14.25,18,1613.788101
-8.25,18,1613.803123
-7.55,18,1613.81488
-6.9,18,1613.82864
-8.3,18,1613.842659
-7.75,18,1613.856449
-9.05,18,1613.872603
-7.65,18,1613.884405
-8.2,18,1613.898695
-8.55,18,1613.910453
-9.25,18,1613.922211
-7.3,18,1613.982966
-8.25,18,1613.996161
3.65,18,1614.009062
3.05,18,1614.023051
-7.4,18,1614.038073
13.8,18,1614.052374
-7.8,18,1614.066226
-8.4,18,1614.080576
-6.1,18,1614.09369
-9.25,18,1614.107341
-7.75,18,1614.120858
-6.45,18,1614.134309
12.05,18,1614.14793
12.4,18,1614.164484
2.1,18,1614.222966
-7.45,18,1614.236727
1.35,18,1614.248743
-8.65,18,1614.262502
-7.1,18,1614.276003
-8.7,18,1614.290023
-9.15,18,1614.307945
-6.95,18,1614.319704
-7.6,18,1614.336779
12.8,18,1614.350323
-7.1,18,1614.364534
-8.2,18,1614.379528
-7.85,18,1614.393688
-8.6,18,1614.4102
-8.35,18,1614.461877
-7.7,18,1614.477745
-7.55,18,1614.492102
-8.55,18,1614.5101
-8.65,18,1614.522154
-7.05,18,1614.538336
-7.35,18,1614.552651
12.45,18,1614.568534
14.0,18,1614.580773
2.2,18,1614.594232
13.6,18,1614.608281
-8.55,18,1614.625697
-6.5,18,1614.637352
12.9,18,1614.651372
3.75,18,1614.716916
2.5,18,1614.742457
-7.55,18,1614.766606
-8.55,18,1614.788397
-7.35,18,1614.804163
-9.2,18,1614.81592
13.5,18,1614.831682
13.8,18,1614.845443
2.4,18,1614.857827
-8.75,18,1614.871586
-8.95,18,1614.885345
-8.2,18,1614.899363
-8.75,18,1614.913123
-7.75,18,1615.109459
3.8,18,1615.125648
12.25,18,1615.187602
-8.4,18,1615.197356
-9.5,18,1615.209373
-9.1,18,1615.2236
-8.55,18,1615.237141
-7.7,18,1615.251161
13.2,18,1615.26492
-9.8,18,1615.281181
-7.45,18,1615.294978
13.15,18,1615.310356
-8.35,18,1615.322008
12.2,18,1615.336205
1.7,18,1615.35008
-6.9,18,1615.366103
-8.55,18,1615.417751
13.95,18,1615.429769
-6.95,18,1615.441527
-8.55,18,1615.455783
13.6,18,1615.473569
-6.65,18,1615.487743
-8.5,18,1615.502212
-7.9,18,1615.518325
-8.35,18,1615.533497
-8.4,18,1615.547478
-9.05,18,1615.559516
-7.65,18,1615.576991
-8.75,18,1615.591432
14.75,18,1615.607224
13.05,18,1615.661441
12.15,18,1615.677312
-8.1,18,1615.695349
-7.75,18,1615.707551
-8.6,18,1615.721312
-7.85,18,1615.733327
-8.35,18,1615.750741
13.05,18,1615.764406
-6.1,18,1615.778205
-8.5,18,1615.796581
-8.8,18,1615.809152
-8.95,18,1615.821244
-8.65,18,1615.835003
3.5,18,1615.84702
-9.2,18,1615.913335
-7.95,18,1615.928115
-8.45,18,1615.942537
13.3,18,1615.957453
-9.65,18,1615.972539
-9.15,18,1615.986821
12.15,18,1616.003444
-8.3,18,1616.017537
-7.65,18,1616.030202
11.7,18,1616.042881
-8.6,18,1616.058699
-8.15,18,1616.072458
-8.25,18,1616.096842
-9.1,18,1616.10985
-7.9,18,1616.124326
-8.85,18,1616.193567
-8.8,18,1616.212539
-7.55,18,1616.231385
-8.0,18,1616.245977
-8.8,18,1616.26133
-8.25,18,1616.275361
-8.6,18,1616.287757
-9.15,18,1616.30354
3.9,18,1616.318144
-6.5,18,1616.334877
-7.55,18,1616.349219
-8.25,18,1616.362722
-8.9,18,1616.368732
15.1,18,1616.382536
-7.5,18,1616.438663
1.65,18,1616.451355
-8.45,18,1616.46742
-7.95,18,1616.481926
-7.85,18,1616.495354
-8.7,18,1616.511365
-7.5,18,1616.525477
2.75,18,1616.543384
12.95,18,1616.555363
-8.25,18,1616.571479
14.8,18,1616.588584
-8.85,18,1616.602816
3.0,18,1616.618476
-7.3,18,1616.631631
-8.4,18,1616.689113
1.9,18,1616.701658
-7.75,18,1616.707166
11.85,18,1616.72558
-8.7,18,1616.741254
-8.8,18,1616.756876
-8.45,18,1616.768892
-7.25,18,1616.785401
12.45,18,1616.801165
-8.35,18,1616.814706
-7.95,18,1616.828926
1.2,18,1616.840684
-7.4,18,1616.854444
-6.55,18,1616.872209
-8.75,18,1616.92718
12.05,18,1616.938937
-8.25,18,1616.952681
-9.05,18,1616.967553
-6.95,18,1616.984528
-8.75,18,1617.000552
12.8,18,1617.012878
-9.1,18,1617.026641
13.85,18,1617.03841
13.1,18,1617.050198
12.15,18,1617.063998
-7.5,18,1617.076049
-9.05,18,1617.093716
-8.55,18,1617.105757
12.0,18,1617.261941
11.8,18,1617.285622
2.7,18,1617.303254
-6.8,18,1617.315271
-8.8,18,1617.329731
1.85,18,1617.342286
14.45,18,1617.354105
-9.55,18,1617.368124
11.6,18,1617.381061
-6.55,18,1617.393089
-9.15,18,1617.406888
13.45,18,1617.421251
13.95,18,1617.433161
-8.65,18,1617.446921
-6.75,18,1617.460932
-7.75,18,1617.518397
1.7,18,1617.533736
-8.55,18,1617.549351
11.95,18,1617.563154
-8.55,18,1617.575206
3.35,18,1617.587001
-8.75,18,1617.60078
3.15,18,1617.614566
12.15,18,1617.631332
12.7,18,1617.644446
-8.6,18,1617.656203
-8.0,18,1617.665957
13.9,18,1617.677714
-8.65,18,1617.689731
-8.9,18,1617.745408
13.15,18,1617.75882
-7.65,18,1617.770577
-8.1,18,1617.780591
-8.85,18,1617.792373
14.45,18,1617.806177
-8.1,18,1617.819973
-7.65,18,1617.833137
-6.8,18,1617.845424
-7.55,18,1617.862897
12.75,18,1617.878251
-8.4,18,1617.891379
-7.6,18,1617.903395
14.35,18,1617.916896
-7.9,18,1617.977561
12.95,18,1617.989352
-8.55,18,1618.003148
12.45,18,1618.01894
-8.0,18,1618.030698
2.9,18,1618.046582
-7.85,18,1618.059092
-8.6,18,1618.072878
13.2,18,1618.086638
1.6,18,1618.100398
1.6,18,1618.11616
12.65,18,1618.128176
-6.45,18,1618.141936
-7.65,18,1618.157699
13.1,18,1618.210596
-7.05,18,1618.222977
-8.85,18,1618.236499
14.15,18,1618.252522
-8.9,18,1618.267048
-7.5,18,1618.280393
-9.1,18,1618.290406
2.5,18,1618.302423
12.1,18,1618.31418
13.0,18,1618.327116
-8.4,18,1618.339133
13.15,18,1618.354895
12.3,18,1618.367311
-9.0,18,1618.383049
11.55,18,1618.394599
-7.75,18,1618.448093
-9.25,18,1618.458107
-8.65,18,1618.47388
11.85,18,1618.485785
4.5,18,1618.485785
-7.65,18,1618.512062
-8.55,18,1618.526553
-8.7,18,1618.54037
-8.2,18,1618.554473
-7.8,18,1618.57027
12.1,18,1618.582995
-8.6,18,1618.598813
-8.85,18,1618.610609
-8.85,18,1618.624411
-8.6,18,1618.679597
-8.4,18,1618.691542
13.1,18,1618.705362
-8.9,18,1618.721425
2.6,18,1618.733211
-8.8,18,1618.74631
-6.3,18,1618.76037
1.85,18,1618.777949
-8.75,18,1618.793784
-9.0,18,1618.806813
13.0,18,1618.81905
-8.45,18,1618.831095
2.7,18,1618.844871
-8.55,18,1618.855011
13.65,18,1618.907193
-8.9,18,1618.923767
-8.85,18,1618.935468
-8.45,18,1618.948387
-7.7,18,1618.96145
14.25,18,1618.979648
-8.4,18,1618.991755
13.3,18,1619.005981
-8.7,18,1619.018
-8.1,18,1619.029757
5.8,18,1619.043775
3.95,18,1619.055533
-7.3,18,1619.069292
-9.05,18,1619.085058
-9.1,18,1619.233966
12.15,18,1619.255991
-6.5,18,1619.269754
3.95,18,1619.281513
-8.45,18,1619.295016
12.8,18,1619.310579
2.0,18,1619.327885
-7.4,18,1619.341906
12.85,18,1619.35166
12.45,18,1619.363417
12.95,18,1619.375432
-6.85,18,1619.385186
14.0,18,1619.396943
-8.55,18,1619.410702
-9.05,18,1619.465245
-9.15,18,1619.476264
-8.55,18,1619.48802
15.65,18,1619.503743
-8.45,18,1619.515759
13.7,18,1619.531522
-8.85,18,1619.545061
-9.0,18,1619.557113
-8.7,18,1619.570914
-8.6,18,1619.584714
-7.3,18,1619.596504
-9.15,18,1619.610294
-8.9,18,1619.624733
-6.65,18,1619.640572
-6.45,18,1619.654238
-8.15,18,1619.703436
-7.85,18,1619.717196
-6.95,18,1619.732958
-9.7,18,1619.741277
-8.55,18,1619.756978
-8.4,18,1619.770773
12.25,18,1619.78457
13.35,18,1619.796437
14.0,18,1619.810551
13.0,18,1619.822345
-7.7,18,1619.842132
-9.35,18,1619.855554
-8.45,18,1619.869337
-8.75,18,1619.881374
13.0,18,1619.938775
-8.15,18,1619.954053
-7.35,18,1619.965644
-8.4,18,1620.018271
13.25,18,1620.03233
12.9,18,1620.050884
-8.05,18,1620.256938
-8.85,18,1620.271352
2.85,18,1620.280935
5.35,18,1620.280935
-7.95,18,1620.296405
-8.45,18,1620.31255
-9.15,18,1620.328501
-8.15,18,1620.328501
-6.8,18,1620.398519
-9.0,18,1620.410556
-6.1,18,1620.424355
11.7,18,1620.436149
12.4,18,1620.454546
-8.35,18,1620.468875
-8.15,18,1620.480812
-8.05,18,1620.494334
-8.5,18,1620.506119
13.05,18,1620.518236
-8.55,18,1620.531633
15.45,18,1620.545437
13.2,18,1620.561241
-8.45,18,1620.570996
-9.5,18,1620.620629
-8.3,18,1620.634389
2.5,18,1620.646146
-6.85,18,1620.661908
1.4,18,1620.678954
13.35,18,1620.692078
1.75,18,1620.704174
14.0,18,1620.717734
-6.6,18,1620.729786
-8.75,18,1620.743584
-7.9,18,1620.755365
3.6,18,1620.77105
-7.5,18,1620.783293
-7.55,18,1620.795221
-8.0,18,1620.806989
-7.85,18,1620.858663
-7.95,18,1620.874425
-9.25,18,1620.886011
-8.65,18,1620.900009
-7.7,18,1620.913769
3.75,18,1620.923523
-5.05,18,1620.935539
11.9,18,1620.951301
2.85,18,1620.963058
14.3,18,1620.983057
12.25,18,1620.996543
-7.55,18,1621.010829
-7.0,18,1621.022881
-8.55,18,1621.035903
-9.05,18,1621.094165
-7.65,18,1621.104951
-9.1,18,1621.120016
-7.35,18,1621.133777
-9.1,18,1621.147537
4.2,18,1621.159555
12.05,18,1621.17506
-8.8,18,1621.188493
-8.5,18,1621.199597
-9.15,18,1621.212682
-7.75,18,1621.224478
-8.3,18,1621.236272
2.7,18,1621.250333
-7.55,18,1621.262128
-8.75,18,1621.307411
-7.25,18,1621.331125
-8.45,18,1621.344885
-9.7,18,1621.358645
-9.0,18,1621.368659
2.3,18,1621.380416
-8.65,18,1621.396179
-7.6,18,1621.406929
-9.0,18,1621.420283
13.55,18,1621.434045
12.5,18,1621.44697
11.95,18,1621.459788
3.45,18,1621.471805
14.4,18,1621.483562
-7.1,18,1621.539005
-7.8,18,1621.55234
15.6,18,1621.564097
-7.65,18,1621.576355
11.85,18,1621.591425
-7.05,18,1621.607448
-6.3,18,1621.621721
-7.35,18,1621.633579
-9.15,18,1621.645374
12.15,18,1621.659178
-7.95,18,1621.670974
13.3,18,1621.683013
2.4,18,1621.694772
-8.0,18,1621.708532
13.7,18,1621.761276
-7.55,18,1621.77307
12.25,18,1621.785122
-8.1,18,1621.798922
15.15,18,1621.81418
-8.45,18,1621.820901
-9.55,18,1621.83989
-8.7,18,1621.85167
-8.6,18,1621.865474
-8.45,18,1621.879275
-6.4,18,1621.891067
-7.1,18,1621.903111
-9.55,18,1621.91889
14.05,18,1621.934141
-8.9,18,1621.948079
13.75,18,1622.003446
13.0,18,1622.018744
11.7,18,1622.032986
-8.2,18,1622.045547
4.6,18,1622.057683
-9.05,18,1622.073596
-7.75,18,1622.08576
12.5,18,1622.10326
-7.0,18,1622.119252
12.0,18,1622.133918
-8.5,18,1622.1466
-7.4,18,1622.162001
-8.65,18,1622.17562
-7.0,18,1622.188073
12.05,18,1622.255111
-7.95,18,1622.270491
12.8,18,1622.28346
-8.25,18,1622.297203
-8.95,18,1622.309252
-7.35,18,1622.321307
-6.75,18,1622.337111
2.85,18,1622.349416
-7.35,18,1622.362837
12.95,18,1622.374354
-7.25,18,1622.388115
-8.25,18,1622.400132
-9.05,18,1622.415896
-8.75,18,1622.427673
16.25,18,1622.480896
-8.85,18,1622.495754
15.65,18,1622.511433
12.65,18,1622.537213
-8.8,18,1622.565211
13.6,18,1622.590437
-9.15,18,1622.6031
11.9,18,1622.652035
13.5,18,1622.695414
-8.45,18,1622.784881
2.85,18,1622.841699
-6.75,18,1622.917535
-8.8,18,1622.973737
2.65,18,1623.023594
-8.4,18,1623.359081
-7.65,18,1623.409135
-7.5,18,1623.459039
1.95,18,1623.500338
-7.9,18,1623.556513
-8.55,18,1623.611374
1.65,18,1623.659167
-6.4,18,1623.708748
3.7,18,1623.757888
-8.9,18,1623.817078
13.6,18,1623.858979
-8.2,18,1623.932354
12.35,18,1623.989724
-7.4,18,1624.061276
-8.9,18,1624.155706
12.25,18,1624.439565
-8.45,18,1624.483521
-9.1,18,1624.533341
1.7,18,1624.582843
-8.35,18,1624.623364
-9.05,18,1624.672611
-6.85,18,1624.728095
-7.9,18,1624.770603
-9.3,18,1624.825336
14.0,18,1624.870123
-8.5,18,1624.927405
-8.15,18,1624.969031
11.75,18,1625.019535
1.8,18,1625.07581
-7.95,18,1625.323681
-7.05,18,1625.382462
-8.55,18,1625.428385
-7.85,18,1625.515297
-8.15,18,1625.56809
-8.7,18,1625.618814
-8.8,18,1625.668819
11.9,18,1625.718918
11.55,18,1625.771305
-8.7,18,1625.812224
-7.95,18,1625.870214
12.85,18,1625.911324
-8.9,18,1625.970219
-8.85,18,1626.019197
-9.3,18,1626.246944
14.1,18,1626.295106
14.35,18,1626.337024
14.7,18,1626.378453
-9.5,18,1626.428233
13.1,18,1626.476506
-9.05,18,1626.527906
-6.2,18,1626.569241
12.75,18,1626.61869
12.05,18,1626.667797
4.8,18,1626.717215
-8.6,18,1626.771175
-8.75,18,1626.824204
-8.4,18,1626.865269
-7.6,18,1627.112996
-7.9,18,1627.169903
-8.8,18,1627.211042
-8.55,18,1627.277504
13.05,18,1627.326824
-5.8,18,1627.376088
-8.75,18,1627.425497
12.15,18,1627.466534
1.9,18,1627.524275
14.75,18,1627.572958
-7.8,18,1627.624716
-8.65,18,1627.671361
2.55,18,1627.721309
12.7,18,1627.781117
12.85,18,1628.019191
3.65,18,1628.065518
12.55,18,1628.115135
-8.05,18,1628.156032
-7.2,18,1628.216243
13.35,18,1628.263138
-8.35,18,1628.312093
16.3,18,1628.363579
-8.65,18,1628.525705
-7.3,18,1628.599509
-8.3,18,1628.641018
-7.2,18,1628.703392
12.05,18,1628.75148
-7.25,18,1628.797519
13.2,18,1628.836693
-6.85,18,1629.065807
2.8,18,1629.11603
-8.3,18,1629.170356
11.8,18,1629.208121
-7.7,18,1629.26245
2.15,18,1629.29937
-8.2,18,1629.340889
13.35,18,1629.390283
-6.4,18,1629.440664
-6.9,18,1629.490222
-7.7,18,1629.534741
-7.65,18,1629.584033
-8.15,18,1629.626271
-8.65,18,1629.673051
13.6,18,1629.896683
14.95,18,1629.94727
-8.05,18,1629.988684
-9.1,18,1630.043212
-8.8,18,1630.086534
15.0,18,1630.138637
-6.6,18,1630.178444
13.35,18,1630.219939
-8.6,18,1630.269845
-8.35,18,1630.310605
-7.85,18,1630.362657
15.7,18,1630.409308
-9.5,18,1630.45852
13.1,18,1630.50003
12.9,18,1630.733777
-6.9,18,1630.784606
-8.75,18,1630.826547
1.95,18,1630.868476
-6.35,18,1630.920143
-7.3,18,1630.961374
-8.4,18,1631.011338
-8.4,18,1631.061121
12.85,18,1631.105051
-7.9,18,1631.157778
-9.15,18,1631.203136
-9.05,18,1631.25866
13.1,18,1631.301176
2.65,18,1631.358698
-9.25,18,1632.369634
14.4,18,1632.413176
11.4,18,1632.477387
-7.7,18,1632.509175
11.65,18,1632.557052
-7.2,18,1632.606447
-7.75,18,1632.647563
-8.4,18,1632.699497
12.8,18,1632.739328
-7.3,18,1632.794005
13.85,18,1632.840018
-8.55,18,1632.891148
-9.25,18,1632.933418
-8.05,18,1632.978259
13.2,18,1633.023987
-8.65,18,1633.256128
-8.5,18,1633.306602
-7.35,18,1633.349024
12.75,18,1633.397836
11.95,18,1633.458129
-8.8,18,1633.507233
-9.45,18,1633.565418
-8.6,18,1633.612327
-8.95,18,1633.655494
-8.2,18,1633.7171
-6.4,18,1633.763835
-6.6,18,1633.804763
-8.35,18,1633.855447
-8.05,18,1633.911364
13.25,18,1634.12725
-7.75,18,1634.168821
-8.5,18,1634.226304
13.95,18,1634.275707
13.6,18,1634.325742
-7.2,18,1634.377318
15.85,18,1634.440577
-9.25,18,1634.500796
12.1,18,1634.550282
13.2,18,1634.602505
13.55,18,1634.660502
12.35,18,1634.719023
-6.55,18,1634.776565
-8.35,18,1634.828393
-6.5,18,1635.064425
12.25,18,1635.114311
-7.9,18,1635.164175
1.85,18,1635.214545
1.95,18,1635.26649
12.2,18,1635.315304
11.7,18,1635.370919
11.5,18,1635.412579
13.05,18,1635.46989
-7.25,18,1635.527864
-8.4,18,1635.57846
-7.65,18,1635.635923
-9.4,18,1635.693958
-9.4,18,1635.745344
-8.2,18,1635.969467
-8.55,18,1636.019269
-9.15,18,1636.061368
12.45,18,1636.102997
2.75,18,1636.15278
-8.05,18,1636.196045
-7.45,18,1636.246162
-7.65,18,1636.29519
-8.75,18,1636.352056
12.8,18,1636.401171
-9.05,18,1636.450711
-7.05,18,1636.508657
-9.0,18,1636.557991
-8.2,18,1636.615317
-9.35,18,1636.893746
-9.05,18,1636.943169
-8.0,18,1636.985061
-5.2,18,1637.03593
-9.45,18,1637.077819
11.4,18,1637.135417
14.0,18,1637.209424
-7.95,18,1637.268335
-8.15,18,1637.324188
-8.7,18,1637.382462
-8.9,18,1637.431868
-8.6,18,1637.481184
-7.25,18,1637.531321
13.85,18,1637.591058
-9.0,18,1637.648899
-8.5,18,1637.882523
12.8,18,1637.932941
-8.45,18,1637.973619
14.75,18,1638.015778
-7.75,18,1638.077881
12.9,18,1638.122417
-8.1,18,1638.171773
-7.5,18,1638.205325
-7.9,18,1638.263693
15.3,18,1638.305009
12.75,18,1638.354773
-6.5,18,1638.404446
-9.05,18,1638.455168
-7.15,18,1638.512358
3.45,18,1638.744095
13.5,18,1638.785491
-8.15,18,1638.836385
-8.55,18,1638.877111
-9.1,18,1638.926662
12.55,18,1638.976757
-6.6,18,1639.036683
-8.75,18,1639.078745
12.8,18,1639.141832
15.2,18,1639.199841
14.8,18,1639.258203
12.85,18,1639.324703
-9.0,18,1639.375776
11.85,18,1639.426409
-8.3,18,1639.795448
1.2,18,1639.843921
-8.7,18,1639.892397
-9.1,18,1639.939914
-8.75,18,1639.993702
-8.95,18,1640.041685
13.85,18,1640.108428
-7.65,18,1640.150252
-7.5,18,1640.217298
2.6,18,1640.265141
-8.95,18,1640.320253
12.95,18,1640.363797
-8.8,18,1640.400628
3.45,18,1640.465063
14.3,18,1640.678756
-8.5,18,1640.729242
14.1,18,1640.771105
-7.15,18,1640.813053
3.8,18,1640.854882
-9.35,18,1640.906679
-7.5,18,1640.945364
-9.4,18,1640.989444
-7.5,18,1641.040356
15.1,18,1641.075581
12.55,18,1641.123563
-8.2,18,1641.176043
13.7,18,1641.220017
-8.7,18,1641.278159
-8.15,18,1641.310863
-9.0,18,1641.551392
-6.45,18,1641.599285
-8.2,18,1641.63165
12.9,18,1641.680153
-7.95,18,1641.726995
1.7,18,1641.778143
3.85,18,1641.826108
1.9,18,1641.86555
-8.65,18,1641.920781
13.4,18,1641.956804
2.85,18,1642.005065
-7.0,18,1642.047373
12.9,18,1642.096081
12.15,18,1642.135574
13.5,18,1642.36221
-5.75,18,1642.406365
-8.8,18,1642.463198
-7.35,18,1642.504287
-8.25,18,1642.553073
14.9,18,1642.594557
-8.5,18,1642.637852
-7.85,18,1642.685729
14.05,18,1642.717881
-8.75,18,1642.765854
2.05,18,1642.814327
13.6,18,1642.8643
14.35,18,1642.902287
-8.65,18,1642.942606
-9.45,18,1643.168222
-9.1,18,1643.220878
-5.5,18,1643.268869
-8.05,18,1643.320214
-6.6,18,1643.35866
-7.85,18,1643.408466
-9.25,18,1643.461905
3.75,18,1643.512595
-6.45,18,1643.553587
-9.2,18,1643.587162
-7.4,18,1643.633858
-8.4,18,1643.690522
12.7,18,1643.730711
12.05,18,1643.771071
-7.4,18,1643.988306
-6.85,18,1644.02713
-8.25,18,1644.077857
-8.6,18,1644.11942
-9.05,18,1644.169115
-7.9,18,1644.220857
-8.9,18,1644.259421
-7.95,18,1644.313063
-8.65,18,1644.352152
-7.7,18,1644.40004
14.5,18,1644.432367
2.65,18,1644.482722
11.3,18,1644.529796
13.1,18,1644.578449
-9.2,18,1644.799236
-6.95,18,1644.848517
1.8,18,1644.889184
-9.1,18,1644.939791
-8.95,18,1644.981798
-8.4,18,1645.022979
-7.1,18,1645.072956
13.5,18,1645.114144
-8.7,18,1645.154239
-8.6,18,1645.202013
-8.6,18,1645.250477
-8.1,18,1645.282789
2.0,18,1645.33131
-9.3,18,1645.379742
-9.15,18,1645.436279
14.05,18,1645.68575
12.95,18,1645.742824
-9.15,18,1645.779749
4.75,18,1645.828827
-9.0,18,1645.879376
1.75,18,1645.938122
-8.75,18,1645.988152
-7.7,18,1646.027672
13.85,18,1646.080557
-8.45,18,1646.109504
-9.15,18,1646.181695
-7.95,18,1646.230154
-8.1,18,1646.270704
13.85,18,1646.319742
-6.95,18,1646.543225
-7.6,18,1646.585241
12.85,18,1646.635691
11.95,18,1646.677612
13.75,18,1646.719059
-8.8,18,1646.776582
-9.0,18,1646.81828
-7.65,18,1646.867116
-9.15,18,1646.916807
14.3,18,1646.957611
12.35,18,1647.007337
-8.8,18,1647.04874
-8.6,18,1647.098344
-8.5,18,1647.14028
-8.6,18,1647.377879
-8.75,18,1647.475481
-7.6,18,1647.575554
2.15,18,1647.641899
16.7,18,1647.73417
-7.85,18,1647.817581
-8.5,18,1647.860879
-8.75,18,1647.900877
13.25,18,1647.958496
-8.55,18,1648.001197
-9.25,18,1648.050257
-9.15,18,1648.100184
11.75,18,1648.154906
-9.2,18,1648.196733
-8.95,18,1648.424371
12.1,18,1648.469029
12.9,18,1648.51067
-8.5,18,1648.552369
-8.7,18,1648.606894
-7.6,18,1648.669364
-6.7,18,1648.722644
-9.15,18,1648.759936
11.95,18,1648.809457
13.4,18,1648.843509
-8.35,18,1648.889836
-7.75,18,1648.935109
12.0,18,1649.011705
-8.65,18,1649.046244
-8.2,18,1649.085482
-9.25,18,1649.308548
14.25,18,1649.366691
-8.35,18,1649.40851
-8.5,18,1649.457778
14.5,18,1649.50704
3.7,18,1649.547848
11.85,18,1649.599591
-8.3,18,1650.484004
-9.15,18,1650.54052
12.15,18,1650.580588
12.15,18,1650.636838
-5.5,18,1650.67761
13.35,18,1650.741255
15.05,18,1650.797011
-8.45,18,1651.004507
-7.5,18,1651.052352
2.6,18,1651.10708
-9.1,18,1651.147738
-8.25,18,1651.195974
-8.05,18,1651.245916
-8.9,18,1651.303849
-7.25,18,1651.344712
12.9,18,1651.408774
-7.75,18,1651.456162
3.75,18,1651.513096
3.95,18,1651.567738
13.15,18,1651.628851
-8.3,18,1651.684906
12.05,18,1651.901252
-8.45,18,1651.95093
3.35,18,1652.000705
-7.35,18,1652.04199
-9.35,18,1652.091523
12.5,18,1652.158022
-9.2,18,1652.215377
-9.4,18,1652.257053
14.0,18,1652.32531
-7.75,18,1652.37022
12.9,18,1652.422003
-7.65,18,1652.480558
-8.45,18,1652.537336
-8.6,18,1652.601613
-7.4,18,1652.802453
13.65,18,1652.850927
-8.0,18,1652.898405
-8.8,18,1652.9469
15.0,18,1652.979185
-6.3,18,1653.036668
-8.2,18,1653.078387
-8.7,18,1653.127456
-8.15,18,1653.200023
-8.5,18,1653.248859
3.1,18,1653.296708
-8.95,18,1653.345605
-8.65,18,1653.409834
13.4,18,1653.466051
2.45,18,1653.705403
2.35,18,1653.737689
-9.05,18,1653.786172
-7.55,18,1653.834648
-8.65,18,1653.882656
-8.95,18,1653.932437
-5.75,18,1653.980944
-8.2,18,1654.05011
-7.55,18,1654.142522
-8.9,18,1654.207028
3.6,18,1654.268063
-7.2,18,1654.315906
-9.1,18,1654.383195
-8.4,18,1654.444235
13.15,18,1654.508526
-7.85,18,1654.748917
4.95,18,1654.796719
-6.8,18,1654.844702
-6.5,18,1654.893172
13.55,18,1654.943095
13.2,18,1654.984593
2.0,18,1655.037768
-8.05,18,1655.081019
14.8,18,1655.138683
-8.25,18,1655.201104
-8.35,18,1655.265692
-5.65,18,1655.297718
13.75,18,1655.366204
2.65,18,1655.422509
-7.45,18,1655.668741
11.9,18,1655.717771
-8.1,18,1655.766834
-8.6,18,1655.807775
-8.05,18,1655.858239
-8.25,18,1655.908508
16.65,18,1655.949892
13.2,18,1655.998245
-6.4,18,1656.061875
11.95,18,1656.109814
-8.4,18,1656.168187
11.9,18,1656.198957
11.8,18,1656.278944
-8.95,18,1656.336112
13.8,18,1656.562193
-6.6,18,1656.594128
-8.65,18,1656.64147
12.8,18,1656.696072
-8.75,18,1656.739505
-9.05,18,1656.788111
13.8,18,1656.864211
-8.85,18,1656.928579
-8.55,18,1656.982915
14.95,18,1657.03069
-6.8,18,1657.094937
1.9,18,1657.151176
13.3,18,1657.203475
-6.3,18,1657.251024
-8.4,18,1657.501076
13.2,18,1657.551879
-8.85,18,1657.592416
13.05,18,1657.651923
12.25,18,1657.68537
-6.5,18,1657.735429
-7.3,18,1657.776119
-8.95,18,1657.810989
-7.9,18,1657.872977
-7.6,18,1657.9205
-9.0,18,1657.968028
11.9,18,1658.033835
-7.6,18,1658.096351
-8.7,18,1658.14854
-5.95,18,1658.228536
-7.55,18,1658.453157
2.55,18,1658.484814
-8.95,18,1658.548134
12.85,18,1658.595877
-8.35,18,1658.638573
3.5,18,1658.687343
12.0,18,1658.73104
-8.3,18,1658.77942
2.7,18,1658.824603
14.75,18,1658.86491
-8.45,18,1658.9134
-8.85,18,1658.953994
-8.4,18,1659.001507
-8.9,18,1659.050476
3.1,18,1659.287893
12.4,18,1659.337761
-8.8,18,1659.380209
-8.8,18,1659.427817
13.0,18,1659.472871
-8.45,18,1659.523054
11.85,18,1659.579079
-7.35,18,1659.621867
-9.2,18,1659.671363
-8.65,18,1659.701611
-8.1,18,1659.749632
-6.0,18,1659.791017
3.9,18,1659.838663
2.65,18,1659.891398
13.05,18,1660.137649
-7.4,18,1660.28314
-8.6,18,1660.327652
-9.3,18,1660.365657
-8.85,18,1660.406572
-8.8,18,1660.464357
-8.4,18,1660.513141
12.95,18,1660.561547
1.95,18,1660.609159
13.0,18,1660.65222
-8.6,18,1660.700949
13.45,18,1660.742831
-8.45,18,1660.785519
14.35,18,1660.829214
12.4,18,1661.100933
15.55,18,1661.135655
-8.7,18,1661.180566
-8.95,18,1661.240837
-8.65,18,1661.284896
2.4,18,1661.337473
-7.4,18,1661.38302
-8.8,18,1661.439334
13.5,18,1661.488626
-8.8,18,1661.521773
-9.45,18,1661.571406
13.75,18,1661.625854
12.05,18,1661.665812
15.85,18,1661.713739
12.05,18,1661.971436
-7.6,18,1662.020495
-8.1,18,1662.06951
13.6,18,1662.118582
-7.55,18,1662.159352
-8.65,18,1662.208858
-9.3,18,1662.259033
-7.65,18,1662.30049
-7.45,18,1662.349829
13.9,18,1662.391577
12.3,18,1662.441129
-8.15,18,1662.48211
-7.7,18,1662.522792
-7.95,18,1662.577057
12.75,18,1662.619193
-7.55,18,1662.839643
12.4,18,1662.87328
-8.2,18,1662.921777
-8.65,18,1662.970252
-8.45,18,1663.022035
14.25,18,1663.066639
2.0,18,1663.106558
13.45,18,1663.153029
12.35,18,1663.201508
-8.15,18,1663.234721
-6.9,18,1663.289804
-7.8,18,1663.321857
-7.15,18,1663.370198
12.7,18,1663.425521
-5.6,18,1663.676029
-7.6,18,1663.718736
13.25,18,1663.765823
-8.0,18,1663.806762
-9.15,18,1663.856723
1.55,18,1663.904398
-8.9,18,1663.954386
-8.3,18,1663.990612
-7.7,18,1664.035482
-6.45,18,1664.091276
-8.35,18,1664.122977
-7.3,18,1664.175619
2.75,18,1664.219611
-8.6,18,1664.276537
-7.65,18,1664.477786
-7.25,18,1664.525645
-8.8,18,1664.574129
12.1,18,1664.622592
14.95,18,1664.668947
-8.4,18,1664.709923
1.85,18,1664.759056
-7.95,18,1664.803499
-7.45,18,1664.843337
-7.3,18,1664.890275
-8.7,18,1664.922385
-8.25,18,1664.984778
-9.55,18,1665.034273
-7.5,18,1665.081714
-7.2,18,1665.288198
-8.7,18,1665.362972
-7.25,18,1665.404853
-7.75,18,1665.455375
-8.65,18,1665.506317
-8.5,18,1665.550364
-8.8,18,1665.591682
-7.7,18,1665.623104
-9.05,18,1665.687284
-6.65,18,1665.72001
3.4,18,1665.767649
-8.1,18,1665.817064
-9.15,18,1665.86441
-8.4,18,1665.91663
-9.0,18,1665.950894
13.1,18,1666.176825
-7.95,18,1666.226443
-8.2,18,1666.267437
-8.35,18,1666.318961
-9.1,18,1666.392617
-7.4,18,1666.441738
-8.8,18,1666.48193
-9.15,18,1666.538929
-8.5,18,1666.57867
-7.4,18,1666.626862
-8.95,18,1666.675142
-7.65,18,1666.706793
14.7,18,1666.766304
-8.15,18,1666.796353
13.6,18,1667.032242
12.25,18,1667.074047
-9.25,18,1667.123417
14.05,18,1667.17347
-9.05,18,1667.22394
-9.15,18,1667.265755
13.65,18,1667.315065
-7.35,18,1667.364341
-8.85,18,1667.40846
-8.05,18,1667.455494
-8.65,18,1667.505259
-7.75,18,1667.563575
13.25,18,1667.605924
13.85,18,1667.65926
-6.7,18,1668.72644
-6.6,18,1668.769171
-7.65,18,1668.832592
-7.2,18,1668.882709
-8.7,18,1668.945038
-8.85,18,1669.009199
-8.75,18,1669.082015
-7.65,18,1669.138973
13.85,18,1669.202533
-8.0,18,1669.251249
-8.85,18,1669.299708
16.4,18,1669.363624
-8.45,18,1669.41297
-7.85,18,1669.467624
-8.6,18,1669.679769
-7.3,18,1669.722181
-8.0,18,1669.764102
-9.25,18,1669.813799
12.5,18,1669.864173
12.0,18,1669.913236
-8.75,18,1669.963204
12.55,18,1670.019353
-7.75,18,1670.068301
13.0,18,1670.123486
1.5,18,1670.188641
-9.05,18,1670.251949
-8.85,18,1670.300572
-8.5,18,1670.357773
-9.25,18,1670.757462
16.2,18,1670.805947
-7.05,18,1670.838226
-6.8,18,1670.886204
14.65,18,1670.936715
-7.7,18,1670.985249
-7.65,18,1671.039313
12.95,18,1671.097216
-9.05,18,1671.14668
13.65,18,1671.203298
2.2,18,1671.25166
-9.45,18,1671.324089
-6.3,18,1671.368295
-9.05,18,1671.426594
-8.2,18,1671.47512
12.15,18,1671.696779
12.15,18,1671.72906
12.75,18,1671.791745
-7.45,18,1671.841271
-7.1,18,1671.898938
14.6,18,1671.954441
-9.0,18,1671.997773
-8.6,18,1672.054816
-9.15,18,1672.107799
12.8,18,1672.167795
12.95,18,1672.228787
-5.5,18,1672.280994
-8.55,18,1672.336127
-8.55,18,1672.391618
12.5,18,1672.601208
-8.6,18,1672.649284
-7.7,18,1672.708443
16.2,18,1672.747147
-6.6,18,1672.799745
2.8,18,1672.849411
-9.1,18,1672.90714
-9.15,18,1672.971375
-8.05,18,1673.036114
-8.45,18,1673.083961
11.75,18,1673.139918
12.25,18,1673.187613
-8.9,18,1673.266758
12.35,18,1673.318912
13.9,18,1673.536251
-8.55,18,1673.568344
3.55,18,1673.616068
-7.7,18,1673.66389
-8.95,18,1673.711443
12.85,18,1673.760325
-6.25,18,1673.810038
-7.55,18,1673.868961
-9.05,18,1673.925289
-9.05,18,1673.973141
11.75,18,1674.045933
-8.9,18,1674.101988
13.15,18,1674.15844
-6.35,18,1674.199291
-8.95,18,1674.463152
-6.9,18,1674.518069
12.6,18,1674.580423
-9.25,18,1674.630845
13.0,18,1674.689948
4.5,18,1674.749779
-7.85,18,1674.790115
-8.85,18,1674.854341
-9.15,18,1674.91279
-8.7,18,1674.973301
-9.0,18,1675.020116
-7.95,18,1675.062841
3.6,18,1675.126006
-8.45,18,1675.190526
1.5,18,1675.239787
-6.25,18,1675.529138
-8.85,18,1675.577231
11.7,18,1675.632888
-7.65,18,1675.68042
-8.95,18,1675.721782
-9.05,18,1675.771409
14.1,18,1675.81243
14.05,18,1675.864511
3.2,18,1675.947969
13.25,18,1675.993357
-8.5,18,1676.038467
-7.05,18,1676.081312
-8.3,18,1676.130718
-6.5,18,1676.173443
3.75,18,1676.401954
-8.1,18,1676.442937
-9.1,18,1676.48412
-9.35,18,1676.541737
2.3,18,1676.583068
-7.75,18,1676.632459
-8.25,18,1676.690553
-7.35,18,1676.730431
12.65,18,1676.787526
-9.4,18,1676.827272
1.65,18,1676.874947
-8.65,18,1676.923137
-5.8,18,1676.970663
12.8,18,1677.018525
-6.65,18,1677.272733
-8.4,18,1677.319987
12.55,18,1677.368492
-9.25,18,1677.416976
-9.05,18,1677.474022
-9.3,18,1677.523605
-9.5,18,1677.566087
-6.7,18,1677.605831
-7.65,18,1677.654081
13.4,18,1677.701462
12.75,18,1677.759527
-7.55,18,1677.8019
-9.4,18,1677.850434
-7.85,18,1677.892859
-6.7,18,1678.11059
-7.75,18,1678.160559
15.25,18,1678.210394
-5.8,18,1678.243839
-8.75,18,1678.294359
-8.15,18,1678.337664
-9.15,18,1678.376814
-8.35,18,1678.434466
2.3,18,1678.475764
-7.85,18,1678.517232
3.05,18,1678.565305
-9.7,18,1678.614654
-9.4,18,1678.682513
-8.95,18,1678.758154
-7.75,18,1678.983821
2.3,18,1679.034557
14.15,18,1679.075038
-8.7,18,1679.127112
13.8,18,1679.168016
-8.75,18,1679.218652
-8.55,18,1679.266323
-8.25,18,1679.306929
13.95,18,1679.359211
-8.5,18,1679.409145
-6.45,18,1679.464206
-7.3,18,1679.50117
-8.5,18,1679.542834
-9.1,18,1679.601475
-9.0,18,1679.655765
-9.0,18,1679.933791
-8.7,18,1679.975251
-7.3,18,1680.025584
-8.6,18,1680.07581
12.1,18,1680.125854
-8.7,18,1680.167867
15.0,18,1680.209127
-9.35,18,1680.262773
11.9,18,1680.30796
-8.85,18,1680.35892
-8.9,18,1680.398442
15.25,18,1680.449668
-8.0,18,1680.497005
12.25,18,1680.563203
-7.5,18,1680.836347
-9.1,18,1680.932398
13.65,18,1681.074882
-8.15,18,1681.119104
12.3,18,1681.175268
-9.2,18,1681.229238
-8.55,18,1681.283514
-7.55,18,1681.328717
13.65,18,1681.377237
15.6,18,1681.425909
12.65,18,1681.476002
1.55,18,1681.529879
13.65,18,1681.583466
-8.95,18,1681.630543
15.85,18,1681.901989
-9.35,18,1681.949943
-8.0,18,1681.982209
12.3,18,1682.030089
11.65,18,1682.093998
-7.6,18,1682.135468
-8.05,18,1682.186723
-8.75,18,1682.23375
-8.2,18,1682.283074
-6.9,18,1682.322346
2.9,18,1682.37014
14.4,18,1682.420871
13.9,18,1682.467158
1.95,18,1682.535788
-6.45,18,1682.7834
-8.1,18,1682.831524
14.7,18,1682.882137
12.7,18,1682.930349
-7.9,18,1682.979438
-8.8,18,1683.028333
-7.65,18,1683.085645
13.9,18,1683.133499
-8.95,18,1683.201437
-8.4,18,1683.25702
-7.95,18,1683.327542
-6.35,18,1683.377053
-7.6,18,1683.431664
14.0,18,1683.485767
-8.55,18,1683.542112
-9.15,18,1683.790407
-8.6,18,1683.830255
-8.0,18,1683.88081
3.4,18,1683.930822
-7.8,18,1683.979109
-8.8,18,1684.026798
-8.0,18,1684.087366
12.0,18,1684.143798
-8.85,18,1684.202538
-9.15,18,1684.274206
-8.0,18,1684.361349
-8.15,18,1684.413625
-8.25,18,1684.474804
-5.8,18,1684.523756
-8.95,18,1684.758072
-8.35,18,1684.80103
-8.05,18,1684.847301
-9.05,18,1684.905622
-6.6,18,1684.947234
-7.15,18,1685.012307
-8.85,18,1685.079794
-8.5,18,1685.153221
13.15,18,1685.198765
14.1,18,1685.257838
-8.65,18,1685.309249
-7.55,18,1685.389785
-9.0,18,1685.447751
-7.5,18,1685.516925
-7.45,18,1685.845738
-9.0,18,1685.896819
-7.65,18,1685.944776
12.05,18,1685.993477
15.15,18,1686.040969
-7.1,18,1686.104755
12.55,18,1686.152067
12.95,18,1686.209443
-7.65,18,1686.261361
-8.7,18,1686.302791
-7.95,18,1686.350239
2.75,18,1686.40016
-6.45,18,1686.445653
13.4,18,1686.493562
-8.3,18,1686.725586
-9.55,18,1686.773397
-5.9,18,1686.845737
14.25,18,1686.893512
13.45,18,1686.949799
-9.35,18,1686.997495
-9.1,18,1687.054293
12.85,18,1687.093922
-9.1,18,1687.628288
-8.55,18,1687.638932
-9.4,18,1687.654258
-7.45,18,1687.668129
-8.75,18,1687.680125
-10.0,18,1687.698621
-9.0,18,1687.75393
-6.7,18,1687.770124
-9.15,18,1687.782981
-8.45,18,1687.800591
12.4,18,1687.813819
-9.6,18,1687.829503
3.6,18,1687.84643
-8.9,18,1687.861731
1.7,18,1687.873907
-9.2,18,1687.892093
-7.8,18,1687.910564
-7.3,18,1687.923795
-8.25,18,1687.939401
-8.1,18,1687.953587
-9.0,18,1687.965924
-8.6,18,1688.025809
-7.75,18,1688.043089
-6.2,18,1688.056285
-8.35,18,1688.068473
15.5,18,1688.080371
-7.7,18,1688.097617
-8.85,18,1688.112505
-7.2,18,1688.132573
-8.3,18,1688.163048
-8.5,18,1688.177276
4.05,18,1688.188031
14.25,18,1688.203762
-8.55,18,1688.219317
-8.9,18,1688.231374
-8.9,18,1688.305424
2.7,18,1688.322291
11.7,18,1688.340436
-9.05,18,1688.354762
2.9,18,1688.368566
-7.95,18,1688.383837
-8.9,18,1688.40166
11.8,18,1688.416615
14.35,18,1688.431347
-9.65,18,1688.450206
15.05,18,1688.464721
-8.65,18,1688.479638
14.85,18,1688.49251
-8.0,18,1688.504483
-9.2,18,1688.57288
-9.3,18,1688.600375
-8.3,18,1688.618635
-7.7,18,1688.63413
-9.15,18,1688.648725
-8.45,18,1688.663253
13.15,18,1688.679973
-8.3,18,1688.692185
14.8,18,1688.708738
14.0,18,1688.715596
-9.15,18,1688.733771
-8.8,18,1688.749153
12.4,18,1688.762647
-7.7,18,1688.762647
13.75,18,1688.830039
-7.65,18,1688.845693
14.75,18,1688.860633
16.0,18,1688.874685
-7.8,18,1688.889829
-9.15,18,1688.903818
13.6,18,1688.917875
-7.7,18,1688.929941
14.15,18,1688.94613
-8.5,18,1688.961557
12.8,18,1688.9765
2.35,18,1688.994917
-9.15,18,1689.009573
-8.7,18,1689.024026
2.55,18,1689.041366
-9.4,18,1689.09806
-8.45,18,1689.11389
1.25,18,1689.12953
-8.05,18,1689.141449
-8.8,18,1689.15345
14.6,18,1689.169869
-8.75,18,1689.183986
-6.5,18,1689.200419
-7.85,18,1689.214805
2.85,18,1689.228567
-7.35,18,1689.242586
-9.05,18,1689.254343
-9.35,18,1689.268105
-6.55,18,1689.281864
-9.0,18,1689.339393
2.0,18,1689.353947
14.25,18,1689.367577
13.0,18,1689.381434
3.25,18,1689.394748
-8.9,18,1689.406747
-8.3,18,1689.426989
-9.2,18,1689.442562
2.45,18,1689.457567
-8.95,18,1689.470293
14.45,18,1689.48442
-8.65,18,1689.498738
-7.95,18,1689.54775
-8.7,18,1689.54775
-8.55,18,1689.616455
1.9,18,1689.630501
13.3,18,1689.646875
-8.95,18,1689.65861
-9.05,18,1689.672539
-9.5,18,1689.684193
-8.95,18,1689.699958
-9.45,18,1689.715253
-7.5,18,1689.728614
-8.6,18,1689.743239
-8.65,18,1689.757066
-8.95,18,1689.769241
-5.55,18,1689.782544
-7.95,18,1689.794562
-8.3,18,1689.851559
13.5,18,1689.866555
13.2,18,1689.881577
-7.9,18,1689.895338
-8.55,18,1689.907353
11.65,18,1689.921332
-9.1,18,1689.93499
12.5,18,1689.950917
-9.4,18,1689.965665
11.75,18,1689.977253
-7.6,18,1689.991012
-8.15,18,1690.00277
-8.85,18,1690.016397
12.5,18,1690.030211
-8.4,18,1690.085569
-9.15,18,1690.09762
15.15,18,1690.109264
-6.8,18,1690.124632
-9.2,18,1690.136681
13.1,18,1690.149178
-8.65,18,1690.164256
-8.35,18,1690.176957
12.8,18,1690.188624
12.9,18,1690.20189
-8.1,18,1690.213648
-9.25,18,1690.227407
-8.45,18,1690.241426
-7.4,18,1690.255186
-8.95,18,1690.273202
-7.9,18,1690.320344
1.75,18,1690.334104
-8.1,18,1690.345861
-8.5,18,1690.357588
2.0,18,1690.371635
-6.6,18,1690.38404
-7.55,18,1690.396982
-7.3,18,1690.408998
-8.4,18,1690.420755
12.75,18,1690.440037
-7.7,18,1690.453244
11.6,18,1690.469631
15.25,18,1690.482288
-8.75,18,1690.49585
-8.05,18,1690.54711
-8.95,18,1690.558609
-7.65,18,1690.572876
-7.75,18,1690.587982
-9.05,18,1690.598171
-8.35,18,1690.606518
11.85,18,1690.626159
-8.55,18,1690.641879
-7.55,18,1690.656933
15.45,18,1690.667734
14.9,18,1690.682699
15.55,18,1690.696456
-6.75,18,1690.708827
13.0,18,1690.722588
-7.9,18,1690.777662
13.05,18,1690.791646
2.75,18,1690.807059
-7.9,18,1690.818818
-9.1,18,1690.83094
-8.75,18,1690.844699
-8.8,18,1690.85853
-8.15,18,1690.910165
-8.2,18,1690.921826
13.7,18,1690.935845
-9.35,18,1690.947603
1.3,18,1690.95936
2.9,18,1690.971116
4.85,18,1690.971116
-8.65,18,1691.037597
-7.3,18,1691.053831
-9.45,18,1691.068709
-6.5,18,1691.079331
12.8,18,1691.093942
-6.7,18,1691.105402
-8.4,18,1691.121889
-9.3,18,1691.133875
-8.65,18,1691.149531
12.1,18,1691.163421
13.9,18,1691.176375
-9.35,18,1691.188417
-8.45,18,1691.205537
13.9,18,1691.218705
-8.55,18,1691.230862
-7.75,18,1691.285053
-8.25,18,1691.302276
-8.15,18,1691.318437
-7.2,18,1691.329425
-7.45,18,1691.343649
12.9,18,1691.357986
-7.75,18,1691.370776
-8.25,18,1691.385944
-7.55,18,1691.398033
2.0,18,1691.415578
-7.45,18,1691.430386
2.9,18,1691.442648
13.0,18,1691.457143
-8.8,18,1691.46879
13.3,18,1691.520812
2.9,18,1691.532528
-7.3,18,1691.544349
-8.9,18,1691.558118
-4.5,18,1691.570123
-8.4,18,1691.582486
-8.25,18,1691.597885
-8.1,18,1691.609614
-7.2,18,1691.630973
-8.55,18,1691.645971
-9.5,18,1691.661781
12.95,18,1691.673587
-9.75,18,1691.691435
-7.8,18,1691.703591
-7.75,18,1691.76382
-7.95,18,1691.777739
13.2,18,1691.791249
-9.1,18,1691.805606
-8.15,18,1691.818585
-7.9,18,1691.830342
-8.6,18,1691.84241
11.5,18,1691.872679
-8.55,18,1691.886288
-8.85,18,1691.900048
13.35,18,1691.912064
-7.65,18,1691.925824
-7.1,18,1691.939477
-8.2,18,1691.953967
-7.65,18,1692.022891
12.7,18,1692.03668
-9.25,18,1692.054858
-7.9,18,1692.075001
2.9,18,1692.094851
-8.65,18,1692.112562
-8.35,18,1692.139142
-8.05,18,1692.177542
-8.95,18,1692.231914
-8.0,18,1692.30509
-9.55,18,1692.352948
-6.5,18,1692.432241
-9.0,18,1692.48327
12.4,18,1692.543504
14.25,18,1692.771669
12.85,18,1692.826897
3.8,18,1692.883087
14.15,18,1692.92756
2.3,18,1692.97204
-7.9,18,1693.019313
-8.25,18,1693.066626
1.9,18,1693.114558
-7.95,18,1693.162539
11.7,18,1693.209871
-9.4,18,1693.2573
13.65,18,1693.304723
-8.35,18,1693.352889
-8.95,18,1693.416328
11.75,18,1693.463862
-8.65,18,1693.700769
2.0,18,1694.495385
14.55,18,1694.548249
-8.55,18,1694.590997
2.5,18,1694.654771
4.35,18,1694.686655
-7.85,18,1694.74979
1.7,18,1694.797524
-8.15,18,1694.832005
13.75,18,1694.877356
-7.25,18,1694.925068
12.65,18,1694.971983
-7.85,18,1695.019515
-8.65,18,1695.082592
2.1,18,1695.318421
-8.6,18,1695.342503
-9.0,18,1695.358721
-8.1,18,1695.371902
-8.8,18,1695.386954
1.9,18,1695.402805
-8.8,18,1695.411425
14.85,18,1695.431467
-8.05,18,1695.441997
-8.8,18,1695.458449
12.0,18,1695.475318
-8.85,18,1695.484799
-9.35,18,1695.497618
-8.8,18,1695.514222
-8.55,18,1695.60865
3.45,18,1695.632154
13.9,18,1695.65514
12.85,18,1695.668284
14.4,18,1695.683868
-8.1,18,1695.698359
-8.3,18,1695.719851
13.85,18,1695.734409
-8.15,18,1695.747767
14.85,18,1695.761582
-7.3,18,1695.776263
-8.25,18,1695.788807
-8.95,18,1695.800624
-6.3,18,1695.82028
13.6,18,1695.949573
12.35,18,1695.997426
-7.4,18,1696.028015
13.0,18,1696.049472
12.8,18,1696.080582
-6.5,18,1696.106333
-7.1,18,1696.120214
-9.15,18,1696.139018
-7.7,18,1696.151711
14.7,18,1696.163698
5.05,18,1696.175364
-7.6,18,1696.183727
-9.15,18,1696.193996
-8.1,18,1696.199791
-8.05,18,1696.215566
-7.65,18,1696.280335
12.15,18,1696.295162
-8.85,18,1696.311715
-6.7,18,1696.325702
-8.15,18,1696.33963
-8.2,18,1696.356219
14.85,18,1696.370931
13.05,18,1696.385155
12.95,18,1696.398739
11.55,18,1696.41311
-9.2,18,1696.426732
-8.45,18,1696.439754
2.35,18,1696.452774
13.95,18,1696.466475
-6.8,18,1696.527488
-8.0,18,1696.54522
-9.2,18,1696.559052
-8.5,18,1696.575073
-7.65,18,1696.585093
-8.65,18,1696.59982
-9.05,18,1696.611391
-7.25,18,1696.62543
-9.05,18,1696.638949
-8.15,18,1696.652709
13.4,18,1696.667722
-9.1,18,1696.678347
-8.35,18,1696.690182
14.75,18,1696.696319
12.95,18,1696.75637
13.75,18,1696.773973
-8.4,18,1696.785968
-8.85,18,1696.799867
13.65,18,1696.81185
1.7,18,1696.830217
13.25,18,1696.84296
12.15,18,1696.854882
-7.65,18,1696.868589
11.85,18,1696.884861
-9.05,18,1696.894875
13.45,18,1696.913425
-8.3,18,1696.925183
13.2,18,1696.938706
-9.25,18,1696.98665
-8.85,18,1697.00034
12.9,18,1697.014258
-8.85,18,1697.028546
-7.35,18,1697.040305
12.85,18,1697.054065
-7.6,18,1697.066082
-8.85,18,1697.078863
14.4,18,1697.091882
-8.8,18,1697.108485
-8.35,18,1697.122295
1.95,18,1697.135598
-9.8,18,1697.149073
-8.7,18,1697.162301
-6.3,18,1697.222751
-7.2,18,1697.236401
-8.1,18,1697.248713
-8.2,18,1697.261402
15.65,18,1697.273419
13.05,18,1697.285176
-9.05,18,1697.300873
-8.25,18,1697.314311
13.85,18,1697.33082
12.75,18,1697.343879
11.75,18,1697.355408
-8.0,18,1697.368954
-9.0,18,1697.382769
-8.75,18,1697.394787
13.05,18,1697.40908
-8.2,18,1697.466873
14.7,18,1697.483644
-8.7,18,1697.483644
-7.1,18,1697.509072
-7.8,18,1697.521687
-7.0,18,1697.531441
-8.3,18,1697.543301
12.35,18,1697.55827
-7.55,18,1697.569466
-8.3,18,1697.586023
3.65,18,1697.59778
-7.5,18,1697.608063
12.95,18,1697.620728
-9.75,18,1697.634971
11.9,18,1697.712414
13.1,18,1697.724187
12.25,18,1697.737991
2.3,18,1697.749784
-8.4,18,1697.76384
-8.95,18,1697.780902
12.1,18,1697.794428
12.8,18,1697.807974
-8.85,18,1697.819772
-7.75,18,1697.832156
-9.1,18,1697.846837
-7.0,18,1697.858524
-8.6,18,1697.871954
14.15,18,1697.886599
-7.2,18,1697.955164
-8.9,18,1697.970937
-8.35,18,1697.986509
12.65,18,1698.002533
12.0,18,1698.015315
-7.55,18,1698.029143
-8.15,18,1698.041272
-7.8,18,1698.053867
-8.55,18,1698.066943
13.85,18,1698.080594
-8.25,18,1698.094613
-7.95,18,1698.10844
-9.0,18,1698.124004
-8.65,18,1698.136453
-7.35,18,1698.194368
2.9,18,1698.206128
-8.45,18,1698.21886
-8.9,18,1698.232262
13.6,18,1698.246291
12.15,18,1698.26198
-6.4,18,1698.279754
-7.75,18,1698.291512
2.5,18,1698.30327
14.15,18,1698.314687
-8.45,18,1698.33071
-8.45,18,1698.344887
-9.2,18,1698.356828
-7.55,18,1698.370363
13.45,18,1698.382379
-7.3,18,1698.457923
12.4,18,1698.467936
-6.25,18,1698.477691
12.6,18,1698.491561
-7.85,18,1698.506258
-7.6,18,1698.517437
-5.55,18,1698.530136
-7.45,18,1698.545436
2.75,18,1698.55763
13.2,18,1698.572187
-5.7,18,1698.583703
-7.2,18,1698.597267
-8.7,18,1698.609283
-8.6,18,1698.623042
-6.75,18,1698.67819
-7.55,18,1698.691951
-8.9,18,1698.704518
12.7,18,1698.716034
2.4,18,1698.727792
-8.0,18,1698.744801
13.55,18,1698.757591
-8.9,18,1698.769845
-7.85,18,1698.782075
-6.35,18,1698.795371
-8.65,18,1698.808949
-7.8,18,1698.820966
13.15,18,1698.832981
-7.45,18,1698.846741
-8.05,18,1698.906142
-7.45,18,1698.914707
13.1,18,1698.931138
-8.65,18,1698.945415
13.0,18,1698.959595
14.2,18,1698.974372
-6.7,18,1698.986246
-9.1,18,1699.007377
11.95,18,1699.02023
-7.6,18,1699.038455
14.3,18,1699.083133
-8.3,18,1699.09699
-8.75,18,1699.106844
13.5,18,1699.106844
-8.75,18,1699.179405
-6.55,18,1699.193264
-9.3,18,1699.204165
-8.15,18,1699.217721
-9.55,18,1699.217721
-8.0,18,1699.242162
-8.8,18,1699.256181
-8.8,18,1699.27002
-7.85,18,1699.281937
-7.7,18,1699.297701
-7.5,18,1699.308521
-7.25,18,1699.320822
-8.65,18,1699.334958
-8.9,18,1699.346975
-8.05,18,1699.404947
-8.3,18,1699.421603
-6.05,18,1699.43393
-7.25,18,1699.447976
-7.8,18,1699.460464
2.35,18,1699.475533
-8.8,18,1699.489988
-9.25,18,1699.506376
-9.3,18,1699.521771
-8.35,18,1699.534745
11.25,18,1699.547093
-9.25,18,1699.566697
-8.15,18,1699.579269
-8.2,18,1699.59328
14.9,18,1699.602878
-8.2,18,1699.660054
-8.3,18,1699.674366
13.65,18,1699.686853
4.65,18,1699.700076
13.2,18,1699.712101
-8.5,18,1699.726723
-7.85,18,1699.742957
-8.6,18,1699.754229
13.05,18,1699.766949
-8.7,18,1699.780451
-5.4,18,1699.79421
3.15,18,1699.811528
12.05,18,1699.824734
13.25,18,1699.840112
13.3,18,1699.892734
11.7,18,1699.908522
11.5,18,1699.922284
-6.9,18,1699.938046
12.05,18,1699.952414
-8.45,18,1699.967453
1.6,18,1699.981472
-8.85,18,1699.993965
-9.1,18,1700.006985
-6.65,18,1700.238682
-9.3,18,1700.249078
1.55,18,1700.261046
1.75,18,1700.268675
-8.15,18,1700.292393
12.0,18,1700.350513
-9.3,18,1700.362643
-7.15,18,1700.377174
-8.9,18,1700.392819
-9.1,18,1700.432243
-7.75,18,1700.445445
-6.8,18,1700.461231
-8.65,18,1700.473258
13.15,18,1700.487147
1.95,18,1700.498903
-8.7,18,1700.51066
-8.9,18,1700.522416
13.0,18,1700.536236
14.1,18,1700.541419
1.25,18,1700.620341
-8.25,18,1700.6419
-7.75,18,1700.663671
-8.6,18,1700.689731
-8.65,18,1700.711386
-8.2,18,1700.728943
-8.7,18,1700.74096
-9.1,18,1700.754719
-7.6,18,1700.771141
-8.45,18,1700.78429
-8.05,18,1700.796115
14.25,18,1700.809875
-8.25,18,1700.815626
12.45,18,1700.831439
-9.15,18,1700.831439
-7.7,18,1700.900573
-8.5,18,1700.913547
-8.75,18,1700.925811
-7.8,18,1700.93983
1.85,18,1700.95333
-8.85,18,1700.965345
18.25,18,1700.980814
-7.2,18,1700.993809
13.1,18,1701.004829
12.05,18,1701.016586
14.3,18,1701.030463
-8.4,18,1701.042219
-6.1,18,1701.055481
-9.35,18,1701.068274
-6.55,18,1701.120075
-8.7,18,1701.131832
13.3,18,1701.145566
-7.9,18,1701.157935
2.05,18,1701.169713
1.7,18,1701.187479
-8.65,18,1701.198534
-9.4,18,1701.211698
-8.1,18,1701.225458
-7.9,18,1701.237428
-8.2,18,1701.251077
-6.8,18,1701.264802
13.15,18,1701.277517
-8.5,18,1701.294199
-8.15,18,1701.350564
-8.6,18,1701.364584
2.8,18,1701.378344
-8.6,18,1701.39036
-9.4,18,1701.405964
12.75,18,1701.418089
-7.75,18,1701.428103
-9.35,18,1701.439861
-8.25,18,1701.45368
-6.4,18,1701.465437
-8.6,18,1701.477453
-9.1,18,1701.491212
-9.0,18,1701.507024
-8.1,18,1701.519231
15.05,18,1701.57038
-9.1,18,1701.582138
-8.55,18,1701.596037
-8.85,18,1701.612168
-7.9,18,1701.628143
-7.95,18,1701.637671
12.55,18,1701.653709
-9.0,18,1701.669449
-8.8,18,1701.684682
-6.85,18,1701.697287
-7.4,18,1701.712512
-7.0,18,1701.722162
-6.6,18,1701.734304
-8.95,18,1701.746063
-8.5,18,1701.926687
-8.9,18,1701.950494
-8.15,18,1701.999379
-7.9,18,1702.017121
-8.95,18,1702.028877
-8.85,18,1702.042897
-8.2,18,1702.057741
2.7,18,1702.06884
-8.75,18,1702.080915
14.8,18,1702.09248
-8.75,18,1702.102493
2.6,18,1702.114356
11.5,18,1702.122161
2.25,18,1702.13246
-7.2,18,1702.148131
12.25,18,1702.207747
12.65,18,1702.229581
-6.5,18,1702.251463
2.45,18,1702.277143
13.15,18,1702.292696
-9.0,18,1702.302709
13.05,18,1702.316761
-8.7,18,1702.328451
-8.75,18,1702.34141
13.25,18,1702.355429
13.1,18,1702.368531
15.25,18,1702.385322
-7.8,18,1702.393561
-8.85,18,1702.409325
12.8,18,1702.459864
-7.6,18,1702.471744
-8.45,18,1702.488391
3.15,18,1702.499655
-7.35,18,1702.514189
-7.7,18,1702.526205
-8.1,18,1702.537961
4.45,18,1702.549977
12.4,18,1702.563737
16.1,18,1702.589475
13.9,18,1702.605569
-7.85,18,1702.620322
-7.75,18,1702.631365
-9.1,18,1702.644813
-7.75,18,1702.703693
4.15,18,1702.723358
-9.35,18,1702.738883
-8.75,18,1702.752709
-6.35,18,1702.764466
-8.5,18,1702.776224
13.4,18,1702.791986
-8.45,18,1702.805722
-7.6,18,1702.816403
-8.35,18,1702.83199
11.9,18,1702.845751
-8.25,18,1702.857768
1.55,18,1702.871529
2.8,18,1702.885291
-8.65,18,1702.981143
-8.5,18,1703.004825
-8.65,18,1703.029064
-6.65,18,1703.043339
-8.25,18,1703.055093
-8.4,18,1703.068853
12.1,18,1703.082399
12.0,18,1703.096418
-7.85,18,1703.109952
-8.25,18,1703.124692
-7.0,18,1703.18101
13.55,18,1703.191053
15.15,18,1703.200838
-8.95,18,1703.210622
-7.8,18,1703.227334
-7.85,18,1703.293094
-7.6,18,1703.307157
14.15,18,1703.323038
-8.8,18,1703.337151
-9.4,18,1703.349331
12.75,18,1703.363605
-8.8,18,1703.377328
13.4,18,1703.392175
3.1,18,1703.405936
13.85,18,1703.420036
-7.25,18,1703.433351
-7.6,18,1703.445533
2.15,18,1703.459296
-6.3,18,1703.471052
-8.55,18,1703.54077
-7.25,18,1703.555453
-9.15,18,1703.574541
12.15,18,1703.586152
-7.75,18,1703.599966
-8.85,18,1703.611982
-8.7,18,1703.621996
-6.75,18,1703.637216
-9.05,18,1703.651464
-7.1,18,1703.665583
-8.75,18,1703.677341
-8.75,18,1703.6911
-8.2,18,1703.702857
-8.7,18,1703.716617
-8.75,18,1703.772275
1.45,18,1703.78429
-8.85,18,1703.796353
-8.7,18,1703.810112
3.65,18,1703.819867
-9.1,18,1703.835515
-7.5,18,1703.846411
-6.85,18,1703.864546
-8.85,18,1703.879481
-8.5,18,1703.892759
13.1,18,1703.908857
11.65,18,1703.92124
-8.6,18,1703.935418
-8.5,18,1703.949614
-9.1,18,1704.001495
1.8,18,1704.015546
12.15,18,1704.029503
-9.05,18,1704.044573
1.75,18,1704.060337
-8.9,18,1704.07394
12.95,18,1704.088094
-8.3,18,1704.101854
-8.75,18,1704.114483
-8.25,18,1704.131367
13.8,18,1704.143157
-8.6,18,1704.156955
-8.0,18,1704.169543
12.95,18,1704.187081
12.85,18,1704.250473
1.95,18,1704.268095
16.65,18,1704.289607
-7.45,18,1704.309334
-7.3,18,1704.322887
-8.8,18,1704.334904
-8.7,18,1704.346662
12.15,18,1704.365796
-8.7,18,1704.379555
2.85,18,1704.391571
11.8,18,1704.409633
-8.95,18,1704.423525
-8.7,18,1704.437243
-6.6,18,1704.447859
-7.3,18,1704.455664
-7.7,18,1704.516822
3.75,18,1704.529454
-8.5,18,1704.545624
2.4,18,1704.558642
12.65,18,1704.571903
13.7,18,1704.584631
-8.3,18,1704.600088
-9.65,18,1704.612809
-8.9,18,1704.629705
-8.65,18,1704.64344
-8.25,18,1704.657783
-9.2,18,1704.668488
-9.0,18,1704.682375
-7.4,18,1704.696393
-5.65,18,1704.756211
-7.75,18,1704.769926
-9.0,18,1704.785522
-7.4,18,1704.798961
12.35,18,1704.81382
14.6,18,1704.827683
-7.25,18,1704.8459
-7.6,18,1704.860689
13.65,18,1704.872175
-8.45,18,1704.886194
-8.7,18,1704.899955
12.95,18,1704.913737
-7.55,18,1704.927496
13.45,18,1704.939253
13.9,18,1704.995352
12.7,18,1705.007109
13.6,18,1705.021129
-8.95,18,1705.034902
2.0,18,1705.048662
5.5,18,1705.062422
-8.1,18,1705.07468
-8.0,18,1705.088464
12.8,18,1705.10202
-9.1,18,1705.117223
1.45,18,1705.132245
-7.75,18,1705.144003
4.0,18,1705.157763
12.0,18,1705.173862
14.95,18,1705.233786
12.8,18,1705.247353
-8.5,18,1705.261374
13.15,18,1705.473583
12.1,18,1705.501103
14.6,18,1705.513301
-7.45,18,1705.513301
-7.85,18,1705.529508
-7.3,18,1705.548872
12.5,18,1705.561398
14.25,18,1705.572391
-8.5,18,1705.583439
1.8,18,1705.59938
-8.65,18,1705.610565
14.9,18,1705.617702
14.3,18,1705.678727
15.0,18,1705.691417
-7.6,18,1705.706378
-8.25,18,1705.719054
12.7,18,1705.734157
-7.65,18,1705.746917
-7.9,18,1705.760677
-8.8,18,1705.774695
15.3,18,1705.786572
-8.45,18,1705.800333
2.95,18,1705.816095
-7.6,18,1705.829143
-7.35,18,1705.843757
-7.55,18,1705.896036
-9.2,18,1705.998983
-7.3,18,1706.02049
2.3,18,1706.03406
-8.8,18,1706.05621
-9.3,18,1706.07082
-7.05,18,1706.083891
-6.75,18,1706.097651
-8.6,18,1706.111624
-7.95,18,1706.130672
-6.9,18,1706.143003
-8.3,18,1706.157087
-9.0,18,1706.172719
-7.85,18,1706.186647
-8.3,18,1706.199087
-7.6,18,1706.282793
-7.65,18,1706.298555
-7.95,18,1706.31256
-8.9,18,1706.325711
-8.95,18,1706.341474
-8.85,18,1706.357698
11.95,18,1706.370964
-9.0,18,1706.384723
-7.3,18,1706.397003
-7.65,18,1706.408906
-8.15,18,1706.42092
1.65,18,1706.432678
12.05,18,1706.444694
15.2,18,1706.458453
-8.45,18,1706.515168
2.9,18,1706.526913
-9.05,18,1706.540432
-8.6,18,1706.550446
11.95,18,1706.568659
11.85,18,1706.582166
-9.05,18,1706.595926
12.8,18,1706.607682
-8.3,18,1706.623445
-9.2,18,1706.636657
-7.7,18,1706.650675
-7.55,18,1706.662434
13.95,18,1706.678034
-8.4,18,1706.691545
14.0,18,1706.748143
12.5,18,1706.761904
12.55,18,1706.77862
-7.95,18,1706.791517
13.55,18,1706.805716
-6.1,18,1706.817474
-8.55,18,1706.831232
-8.15,18,1706.844992
13.1,18,1706.857008
14.5,18,1706.872522
13.65,18,1706.888383
-8.4,18,1706.902694
-9.05,18,1706.916487
-8.9,18,1706.93038
-8.55,18,1706.9444
-9.05,18,1707.008096
2.8,18,1707.023591
-9.25,18,1707.032995
-9.55,18,1707.048676
12.0,18,1707.064444
12.9,18,1707.078463
-7.2,18,1707.092849
1.95,18,1707.107495
13.2,18,1707.121257
-8.65,18,1707.133273
-8.8,18,1707.148828
-9.2,18,1707.162847
-7.15,18,1707.176608
-8.45,18,1707.191353
-8.55,18,1707.397098
-7.55,18,1707.443704
-9.1,18,1707.479348
2.3,18,1707.489102
-7.95,18,1707.500859
13.0,18,1707.510873
-5.55,18,1707.523905
-8.25,18,1707.539075
-7.85,18,1707.550653
13.15,18,1707.564458
-8.5,18,1707.570525
-7.2,18,1707.586573
-7.55,18,1707.586573
-7.45,18,1707.602218
3.3,18,1707.657208
-8.2,18,1707.671324
-7.75,18,1707.683008
13.0,18,1707.695378
13.8,18,1707.708552
-9.35,18,1707.722408
12.4,18,1707.738032
-8.55,18,1707.752978
13.4,18,1707.766188
-5.7,18,1707.778436
-7.8,18,1707.792444
-7.95,18,1707.804459
-8.7,18,1707.818218
-7.9,18,1707.829975
-8.1,18,1707.882226
-8.75,18,1707.895988
-7.7,18,1707.909747
-7.4,18,1707.921616
-8.5,18,1707.933632
-8.9,18,1707.950012
14.3,18,1707.963525
-7.75,18,1707.975407
-6.35,18,1707.989166
-8.7,18,1708.000975
12.9,18,1708.014521
-8.5,18,1708.026538
-8.2,18,1708.038726
-8.45,18,1708.053146
-9.2,18,1708.066803
2.05,18,1708.122048
-7.65,18,1708.13384
-8.5,18,1708.149746
-8.5,18,1708.161763
-8.65,18,1708.173666
-8.45,18,1708.187269
-8.55,18,1708.203058
1.8,18,1708.216027
-8.4,18,1708.232037
-8.15,18,1708.245189
-7.95,18,1708.260906
13.65,18,1708.272602
-7.3,18,1708.287553
2.1,18,1708.300637
-9.1,18,1708.354942
-8.55,18,1708.371403
1.55,18,1708.383482
-8.75,18,1708.39557
-7.95,18,1708.407329
-9.2,18,1708.424378
-8.9,18,1708.438163
-7.8,18,1708.450178
-8.65,18,1708.465993
-7.3,18,1708.482081
12.05,18,1708.495969
-8.7,18,1708.507961
-8.45,18,1708.518674
12.6,18,1708.532364
-7.8,18,1708.590022
-7.85,18,1708.603512
-7.4,18,1708.617457
-8.4,18,1708.629215
-8.4,18,1708.642974
13.75,18,1708.656734
-9.6,18,1708.668468
-6.8,18,1708.684388
-8.3,18,1708.695422
11.85,18,1708.7113
-9.0,18,1708.721907
-7.55,18,1708.736255
12.1,18,1708.74999
-8.85,18,1708.76538
-8.0,18,1708.840893
13.0,18,1708.852911
13.45,18,1708.864608
1.3,18,1708.878369
-9.15,18,1708.890827
-7.3,18,1708.90861
12.45,18,1708.919865
-7.75,18,1708.932525
-7.55,18,1708.949154
-8.65,18,1708.958357
14.0,18,1708.976087
2.75,18,1708.987689
-8.9,18,1709.005742
-7.65,18,1709.018413
12.25,18,1709.075336
-9.4,18,1709.088897
12.15,18,1709.103621
-8.55,18,1709.114046
-9.5,18,1709.128454
13.85,18,1709.142405
-8.0,18,1709.154359
-8.55,18,1709.166117
11.8,18,1709.180136
13.2,18,1709.192037
-8.25,18,1709.206199
-7.7,18,1709.22169
2.85,18,1709.233265
12.2,18,1709.245453
-8.95,18,1709.25721
-7.05,18,1709.313949
11.7,18,1709.330906
11.7,18,1709.342675
11.7,18,1709.357381
-8.9,18,1709.369566
-7.55,18,1709.37958
12.55,18,1709.391835
-7.6,18,1709.403351
-8.05,18,1709.415367
-9.05,18,1709.433097
14.45,18,1709.449017
-8.1,18,1709.462671
-9.3,18,1709.477452
-7.4,18,1709.48956
-8.4,18,1709.551683
-8.6,18,1709.567367
14.3,18,1709.581073
-9.2,18,1709.59481
-7.95,18,1709.60728
14.9,18,1709.619182
13.25,18,1709.632942
13.9,18,1709.647744
-8.05,18,1709.660837
-8.0,18,1709.673312
4.45,18,1709.684694
-5.5,18,1709.69757
-8.1,18,1709.709085
-8.0,18,1709.722845
13.4,18,1709.775886
-7.85,18,1709.786417
-8.2,18,1709.799399
15.5,18,1709.816767
13.75,18,1709.829454
12.1,18,1709.84218
13.15,18,1709.855106
15.8,18,1709.871281
-9.5,18,1709.884522
-7.1,18,1709.892766
-6.25,18,1709.907666
-8.75,18,1709.921234
13.7,18,1709.93341
13.05,18,1709.981317
12.0,18,1710.030094
-6.4,18,1710.043136
-8.45,18,1710.055773
12.95,18,1710.068414
1.65,18,1710.083478
12.8,18,1710.097288
-9.35,18,1710.113249
-9.05,18,1710.125266
-7.8,18,1710.137878
-8.65,18,1710.150663
-9.05,18,1710.1644
-8.25,18,1710.176764
-7.85,18,1710.190173
-9.5,18,1710.202231
-4.5,18,1710.214656
-7.75,18,1710.271186
11.85,18,1710.282944
1.85,18,1710.302592
-7.25,18,1710.315372
-7.35,18,1710.328299
-8.1,18,1710.340055
12.15,18,1710.349809
-7.25,18,1710.365443
-8.8,18,1710.379719
12.6,18,1710.578944
-9.55,18,1710.578944
12.25,18,1710.594734
12.05,18,1710.610593
-8.3,18,1710.626441
-7.45,18,1710.684047
-7.85,18,1710.695205
13.05,18,1710.711297
-8.4,18,1710.724569
13.85,18,1710.740016
-8.4,18,1710.754523
11.5,18,1710.76654
-7.55,18,1710.778298
-8.35,18,1710.792068
-8.85,18,1710.803825
2.85,18,1710.817532
-8.45,18,1710.830788
-9.3,18,1710.842936
-7.65,18,1710.861211
1.85,18,1710.914603
1.65,18,1710.931595
-8.4,18,1710.943521
-8.4,18,1710.957056
13.15,18,1710.971074
1.7,18,1710.986078
-7.3,18,1710.999323
-8.3,18,1711.015086
-8.9,18,1711.02852
3.65,18,1711.042619
-8.9,18,1711.05438
-9.05,18,1711.070063
2.75,18,1711.082518
-7.0,18,1711.094326
-8.15,18,1711.149616
13.6,18,1711.16716
14.55,18,1711.18169
-8.75,18,1711.195195
-6.45,18,1711.208751
-8.8,18,1711.222812
-8.7,18,1711.236917
-6.6,18,1711.248831
-8.65,18,1711.264014
12.65,18,1711.27603
-8.9,18,1711.292012
-8.8,18,1711.304663
12.05,18,1711.354575
-7.9,18,1711.362839
2.4,18,1711.419121
13.1,18,1711.432318
-7.5,18,1711.446338
-8.4,18,1711.459286
-8.6,18,1711.472328
13.25,18,1711.486088
2.9,18,1711.501619
14.05,18,1711.513634
3.8,18,1711.526261
-8.5,18,1711.53914
14.5,18,1711.551156
2.7,18,1711.564846
-8.95,18,1711.576603
-8.3,18,1711.590363
-8.75,18,1711.606126
-8.25,18,1711.657701
3.0,18,1711.66978
-8.8,18,1711.683541
-9.15,18,1711.695298
-7.65,18,1711.710125
11.75,18,1711.723762
15.05,18,1711.735799
12.0,18,1711.74956
-8.45,18,1711.76394
-8.75,18,1711.774797
-9.1,18,1711.785629
-7.45,18,1711.799648
-8.2,18,1711.811664
14.75,18,1711.827875
-8.8,18,1711.879369
12.75,18,1711.893227
12.65,18,1711.904984
-8.35,18,1711.922755
-8.65,18,1711.935092
-9.4,18,1711.947225
-8.45,18,1711.958724
-8.5,18,1711.972743
-8.1,18,1711.986502
2.65,18,1712.000057
14.3,18,1712.014132
-7.95,18,1712.029357
-8.45,18,1712.044431
13.9,18,1712.056314
12.55,18,1712.107975
1.75,18,1712.121735
-9.25,18,1712.137626
-5.9,18,1712.149566
13.35,18,1712.161763
-8.45,18,1712.173521
13.0,18,1712.187282
13.25,18,1712.199299
-7.35,18,1712.211056
-9.2,18,1712.225047
-6.25,18,1712.238946
-8.55,18,1712.257055
-7.7,18,1712.271788
-6.75,18,1712.284772
-7.9,18,1712.332885
-8.75,18,1712.35187
-8.2,18,1712.365798
2.5,18,1712.380895
1.4,18,1712.406484
-7.5,18,1712.418768
-8.65,18,1712.430002
-7.65,18,1712.446619
2.65,18,1712.458551
2.85,18,1712.47075
-9.15,18,1712.484208
2.25,18,1712.495966
1.4,18,1712.509726
11.65,18,1712.523529
13.35,18,1712.529499
14.5,18,1712.581376
-6.35,18,1712.605268
-8.4,18,1712.620975
-8.15,18,1712.635419
12.2,18,1712.652517
-8.15,18,1712.665209
-8.85,18,1712.680667
13.45,18,1712.694189
-9.05,18,1712.706486
2.1,18,1712.735771
-7.85,18,1712.753801
-7.8,18,1712.768089
13.3,18,1712.779888
-6.45,18,1712.779888
-8.75,18,1712.840768
-7.5,18,1712.85383
-6.55,18,1712.869565
-8.0,18,1712.883496
-8.25,18,1712.896513
13.45,18,1712.909533
-7.4,18,1712.921275
12.15,18,1712.935035
13.15,18,1712.946792
-9.1,18,1712.958809
-8.5,18,1712.973706
2.85,18,1712.987884
-7.9,18,1712.999901
15.4,18,1713.011659
-6.65,18,1713.069575
-8.35,18,1713.083457
-7.2,18,1713.093605
13.35,18,1713.107145
-8.75,18,1713.118902
12.35,18,1713.13292
-6.35,18,1713.144586
-8.7,18,1713.158346
13.1,18,1713.170928
-8.6,18,1713.186657
11.75,18,1713.200736
12.65,18,1713.214213
-9.25,18,1713.22665
12.7,18,1713.242818
-8.8,18,1713.298294
-8.65,18,1713.311691
-8.45,18,1713.331228
12.2,18,1713.342986
-9.5,18,1713.356279
11.9,18,1713.367959
3.45,18,1713.380134
12.0,18,1713.397158
1.85,18,1713.415285
-8.2,18,1713.42925
-7.8,18,1713.44293
-8.4,18,1713.454687
-8.3,18,1713.468706
-8.6,18,1713.482467
-8.75,18,1713.542935
-7.55,18,1713.556696
13.7,18,1713.570561
-8.75,18,1713.582318
-7.35,18,1713.596078
-7.45,18,1713.610229
13.25,18,1713.620316
-9.0,18,1713.633932
12.9,18,1713.648795
-7.0,18,1713.659957
-8.0,18,1713.671115
-6.4,18,1713.685816
-8.2,18,1713.699716
-6.4,18,1713.713485
13.55,18,1713.726358
-8.75,18,1713.783317
-8.0,18,1713.795078
-9.05,18,1713.808839
12.7,18,1713.824847
-8.9,18,1713.837263
-6.85,18,1713.851173
-7.95,18,1713.863214
-8.3,18,1713.878657
-8.55,18,1713.891142
-9.2,18,1713.907623
-8.15,18,1713.924217
-8.35,18,1713.942191
-7.7,18,1713.955969
13.3,18,1713.967192
-9.15,18,1714.026181
-8.25,18,1714.042015
-8.9,18,1714.054418
12.7,18,1714.064168
-7.3,18,1714.072275
11.85,18,1714.088478
-6.4,18,1714.098578
-8.05,18,1714.112598
-8.6,18,1714.124027
-8.35,18,1714.139568
17.45,18,1714.1553
-7.9,18,1714.167979
1.75,18,1714.181636
3.05,18,1714.195632
-8.1,18,1714.255118
-9.25,18,1714.268379
-8.85,18,1714.295635
12.85,18,1714.312506
-8.45,18,1714.325777
13.8,18,1714.337875
-8.4,18,1714.356133
-9.25,18,1714.371873
15.0,18,1714.386362
2.85,18,1714.399608
-6.25,18,1714.411453
-8.45,18,1714.424821
13.3,18,1714.434498
-8.55,18,1714.451502
-8.35,18,1714.513254
15.6,18,1714.537574
-8.8,18,1714.549693
-8.65,18,1714.563861
13.1,18,1714.580323
-7.85,18,1714.592466
-9.45,18,1714.606713
13.85,18,1714.619528
-8.45,18,1714.631624
-8.55,18,1714.644959
-6.0,18,1714.655497
-9.35,18,1714.671644
1.85,18,1714.691634
-6.65,18,1714.703503
12.5,18,1714.715488
3.3,18,1714.771498
-9.05,18,1714.791809
-8.05,18,1714.805875
-7.25,18,1714.818604
14.15,18,1714.831079
-8.7,18,1714.844078
-4.45,18,1714.859552
-7.95,18,1714.872543
-7.05,18,1714.883909
-6.65,18,1714.901561
-6.55,18,1714.915605
-6.45,18,1714.927451
-8.95,18,1714.944163
-7.6,18,1714.955836
-8.55,18,1715.035717
-9.05,18,1715.055528
11.5,18,1715.071508
14.1,18,1715.084907
-7.95,18,1715.096629
13.3,18,1715.115565
-9.2,18,1715.131205
3.0,18,1715.145036
-7.65,18,1715.158258
-7.4,18,1715.173136
-8.25,18,1715.185928
-6.3,18,1715.199802
11.7,18,1715.217943
-8.25,18,1715.229472
-8.85,18,1715.283495
-7.55,18,1715.301113
-9.2,18,1715.31424
-8.0,18,1715.583595
-9.0,18,1715.589106
-7.2,18,1715.605295
-8.9,18,1715.621786
-8.1,18,1715.638296
-8.15,18,1715.65333
12.55,18,1715.664987
1.95,18,1715.68124
13.1,18,1715.693147
14.8,18,1715.707168
-8.35,18,1715.722749
-8.45,18,1715.789692
2.45,18,1715.804154
-9.1,18,1715.818026
-8.75,18,1715.830308
-8.15,18,1715.843653
2.35,18,1715.858736
3.45,18,1715.875634
11.95,18,1715.891576
11.9,18,1715.90584
-8.35,18,1715.922289
13.5,18,1715.936236
-8.75,18,1715.95032
-7.85,18,1715.964081
-9.0,18,1715.979057
12.5,18,1716.050058
-9.05,18,1716.06967
-7.25,18,1716.087644
-9.1,18,1716.10619
-8.3,18,1716.119709
-7.15,18,1716.129463
2.35,18,1716.145535
-9.15,18,1716.159144
-8.6,18,1716.17116
-9.15,18,1716.190196
-8.65,18,1716.204376
-8.85,18,1716.217942
2.45,18,1716.23491
13.4,18,1716.245249
2.35,18,1716.259401
-6.95,18,1716.327784
13.1,18,1716.34046
-8.4,18,1716.353619
-8.4,18,1716.367592
-8.35,18,1716.383312
-7.0,18,1716.400225
-8.7,18,1716.415953
12.9,18,1716.430556
-8.15,18,1716.446532
14.6,18,1716.461054
-7.95,18,1716.470732
11.95,18,1716.488548
-8.45,18,1716.50523
13.35,18,1716.513241
-8.85,18,1716.576932
14.35,18,1716.592252
-8.45,18,1716.60502
-7.75,18,1716.623675
-6.5,18,1716.635476
-8.6,18,1716.649083
-8.7,18,1716.667331
2.95,18,1716.679744
-8.95,18,1716.693346
-7.1,18,1716.707083
2.3,18,1716.727154
-7.95,18,1716.740828
-8.55,18,1716.754722
13.0,18,1716.8041
-6.45,18,1716.891204
13.45,18,1716.914718
12.9,18,1716.933417
1.8,18,1716.951608
-8.55,18,1716.966109
-7.45,18,1716.979668
2.0,18,1716.993557
-9.0,18,1717.007845
-8.35,18,1717.020074
12.75,18,1717.036183
-8.7,18,1717.051808
-7.7,18,1717.064966
2.0,18,1717.081266
-7.6,18,1717.088925
-8.85,18,1717.148172
-8.45,18,1717.161642
-8.85,18,1717.175503
-8.45,18,1717.191408
-8.45,18,1717.203424
12.65,18,1717.217185
-7.35,18,1717.228942
-5.8,18,1717.245606
2.85,18,1717.259202
12.4,18,1717.273247
-9.05,18,1717.286749
-8.55,18,1717.298518
12.1,18,1717.312277
-6.1,18,1717.326036
11.65,18,1717.338052
12.85,18,1717.395239
-8.35,18,1717.410043
-8.5,18,1717.422507
-8.75,18,1717.439077
16.1,18,1717.455077
-8.25,18,1717.468469
-8.25,18,1717.48277
2.6,18,1717.499324
-8.25,18,1717.514593
-8.4,18,1717.532262
-8.3,18,1717.545065
-6.6,18,1717.562463
-8.2,18,1717.57778
-8.15,18,1717.592638
12.65,18,1717.665934
-7.9,18,1717.683392
-9.35,18,1717.697409
11.95,18,1717.713849
11.95,18,1717.731564
12.2,18,1717.74555
-8.6,18,1717.757527
-8.9,18,1717.777536
-9.0,18,1717.792119
-4.25,18,1717.804347
16.2,18,1717.817494
1.8,18,1717.830637
-8.25,18,1717.844878
-5.2,18,1717.853336
-8.65,18,1717.913021
-8.65,18,1717.929277
2.0,18,1717.944297
13.95,18,1717.957842
-7.75,18,1717.969814
-7.35,18,1717.988618
-8.5,18,1718.004355
12.45,18,1718.016927
-8.6,18,1718.03198
-6.7,18,1718.043019
-8.5,18,1718.052037
13.85,18,1718.069813
-8.2,18,1718.085683
12.8,18,1718.098614
13.95,18,1718.324669
-8.85,18,1718.372205
-8.6,18,1718.419894
13.2,18,1718.472461
2.6,18,1718.515604
-8.6,18,1718.563671
-8.8,18,1718.611667
-5.75,18,1718.659205
13.9,18,1718.706809
-8.25,18,1718.762002
11.85,18,1718.802796
-7.55,18,1718.850677
2.65,18,1718.90106
-6.95,18,1718.946697
-8.95,18,1719.199794
-8.95,18,1719.253622
-8.65,18,1719.304141
14.85,18,1719.341878
13.7,18,1719.388436
-8.35,18,1719.435564
-8.75,18,1719.480747
-8.8,18,1719.545987
12.35,18,1719.593072
12.25,18,1719.656355
-8.45,18,1719.692397
-7.7,18,1719.732229
-9.05,18,1719.770022
12.8,18,1719.798707
-8.5,18,1719.830201
-6.65,18,1720.001169
13.2,18,1720.045503
11.95,18,1720.096563
-7.25,18,1720.137609
12.2,18,1720.165781
-8.5,18,1720.226114
-8.15,18,1720.270996
2.1,18,1720.315575
-8.4,18,1720.348851
-6.55,18,1720.384102
13.3,18,1720.424206
-7.35,18,1720.462666
-8.7,18,1720.494086
-8.35,18,1720.54219
16.05,18,1720.733008
-9.0,18,1720.781317
-6.95,18,1720.829684
-8.9,18,1720.909058
12.75,18,1720.957079
-9.15,18,1721.008702
-8.45,18,1721.053023
-7.7,18,1721.099323
-7.3,18,1721.132768
-8.45,18,1721.180854
1.95,18,1721.232164
-8.25,18,1721.276538
-8.35,18,1721.328114
-8.4,18,1721.357142
-7.75,18,1721.594945
-6.95,18,1721.642902
-7.85,18,1721.690887
13.4,18,1721.738792
-8.05,18,1721.787281
-8.6,18,1721.822623
-6.5,18,1721.867081
-8.3,18,1721.914914
11.8,18,1721.963166
-9.15,18,1722.010985
-8.95,18,1722.058867
-8.65,18,1722.10661
-7.3,18,1722.154517
-8.7,18,1722.202394
-8.15,18,1722.427292
4.8,18,1722.459463
-8.4,18,1722.507476
-8.55,18,1722.555969
-8.1,18,1722.58828
2.65,18,1722.652669
-7.7,18,1722.684361
13.25,18,1722.732151
-7.85,18,1722.780533
3.6,18,1722.828617
-8.35,18,1722.880167
-8.55,18,1722.924945
-8.25,18,1722.956855
-8.65,18,1723.015076
-9.2,18,1723.053149
-6.2,18,1723.261171
-8.95,18,1723.308928
-8.6,18,1723.388269
-8.7,18,1723.445786
13.15,18,1723.483619
2.1,18,1723.532096
-6.45,18,1723.580426
-7.75,18,1723.612418
-5.95,18,1723.677349
2.75,18,1723.710291
14.55,18,1723.772861
13.05,18,1723.815866
14.1,18,1723.849974
13.4,18,1723.900784
-8.75,18,1724.134602
-8.3,18,1724.182014
-7.15,18,1724.234395
-6.9,18,1724.277002
-9.15,18,1724.32546
-7.6,18,1724.373922
1.85,18,1724.405289
15.4,18,1724.468239
-7.5,18,1724.515468
-9.5,18,1724.566618
-8.15,18,1724.609959
1.9,18,1724.657295
-7.15,18,1724.704422
12.0,18,1724.751608
-7.85,18,1725.004711
-7.9,18,1725.036549
3.05,18,1725.088775
-8.15,18,1725.132533
-6.85,18,1725.180204
-8.9,18,1725.227252
-8.05,18,1725.274561
-7.2,18,1725.338027
13.2,18,1725.385787
-7.2,18,1725.433778
-8.3,18,1725.465749
-8.75,18,1725.513402
-7.8,18,1725.561098
-7.85,18,1725.608972
11.45,18,1725.817097
3.25,18,1725.877476
13.85,18,1725.923666
-8.85,18,1725.959605
-9.2,18,1726.013497
-7.8,18,1726.070297
-8.05,18,1726.124624
-7.85,18,1726.168219
-8.7,18,1726.212582
-8.8,18,1726.261976
-7.2,18,1726.304682
2.75,18,1727.226736
11.9,18,1727.275191
-8.4,18,1727.323655
13.0,18,1727.563603
14.8,18,1727.612075
-6.1,18,1727.667349
14.85,18,1727.754054
-6.5,18,1727.793799
13.0,18,1727.834533
12.95,18,1727.890416
-9.0,18,1727.929073
-6.5,18,1727.984148
-8.05,18,1728.02352
-6.65,18,1728.080512
2.9,18,1728.117789
13.0,18,1728.165023
-7.85,18,1728.212335
2.55,18,1728.258919
12.95,18,1728.464963
-8.25,18,1728.528668
-7.7,18,1728.560365
13.2,18,1728.60831
-7.3,18,1728.656388
-8.4,18,1728.704873
-9.05,18,1728.75336
-8.7,18,1728.801366
2.0,18,1728.849311
-8.15,18,1728.901537
-7.65,18,1728.945423
3.55,18,1728.993204
-8.2,18,1729.040723
-8.5,18,1729.088818
-8.35,18,1729.313391
14.25,18,1729.345761
-8.65,18,1729.394277
13.0,18,1729.442709
-9.4,18,1729.4912
-9.05,18,1729.539664
-7.25,18,1729.57196
-9.25,18,1729.620453
-8.05,18,1729.668916
12.1,18,1729.717422
12.25,18,1729.76589
-8.05,18,1729.798196
-9.35,18,1729.846679
-8.85,18,1729.895148
-7.45,18,1730.103803
12.7,18,1730.152247
-9.05,18,1730.207964
2.45,18,1730.248754
-8.8,18,1730.297191
13.5,18,1730.345666
14.0,18,1730.387875
-8.75,18,1730.473241
-7.8,18,1730.520699
-9.1,18,1730.568312
-7.35,18,1730.61016
14.7,18,1730.647596
-7.25,18,1730.695585
-8.35,18,1730.743234
-8.95,18,1730.951214
-8.45,18,1731.015723
-8.1,18,1731.04813
-6.95,18,1731.095733
-6.85,18,1731.143501
-6.85,18,1731.191352
-6.35,18,1731.238881
-7.4,18,1731.270766
-8.15,18,1731.318159
14.55,18,1731.365919
3.95,18,1731.40391
-7.95,18,1731.460876
-8.55,18,1731.496077
-6.55,18,1731.556157
-8.5,18,1731.587993
-7.1,18,1731.811238
-9.4,18,1731.84328
4.6,18,1731.90568
15.65,18,1731.938816
12.95,18,1731.987348
-7.8,18,1732.035224
-8.4,18,1732.06673
3.0,18,1732.114442
-9.45,18,1732.162121
-8.65,18,1732.210526
-9.05,18,1732.259057
-8.7,18,1732.307089
-6.65,18,1732.355172
13.05,18,1732.403028
-8.6,18,1732.629778
1.45,18,1732.69084
-6.7,18,1732.741427
1.65,18,1732.784569
-9.35,18,1732.833086
12.95,18,1732.877445
-9.15,18,1732.929212
-8.25,18,1732.9777
-7.3,18,1733.025555
-8.8,18,1733.073234
14.35,18,1733.132387
-8.5,18,1733.184544
-8.1,18,1733.23241
-6.6,18,1733.280442
-8.95,18,1733.503561
-8.5,18,1733.535734
-8.7,18,1733.59932
13.8,18,1733.631092
-7.75,18,1733.67927
12.05,18,1733.72664
-8.8,18,1733.77446
-9.05,18,1733.822689
-7.35,18,1733.870455
-8.4,18,1733.93356
-8.15,18,1733.980632
-8.95,18,1734.027707
13.35,18,1734.075399
-8.75,18,1734.13864
3.15,18,1734.376827
-6.2,18,1734.427698
-8.75,18,1734.478872
-7.45,18,1734.550147
-8.6,18,1734.5978
-9.15,18,1734.652802
3.2,18,1734.706386
-4.65,18,1734.740066
11.55,18,1734.803318
-9.1,18,1734.851111
-7.75,18,1734.901817
13.35,18,1734.946407
-7.6,18,1734.997765
3.4,18,1735.045852
2.7,18,1735.264874
-9.15,18,1735.313384
-6.4,18,1735.361812
-8.0,18,1735.3942
12.95,18,1735.441997
1.6,18,1735.489616
12.05,18,1735.537364
12.9,18,1735.585334
13.15,18,1735.63344
-7.7,18,1735.681278
12.4,18,1735.728914
-9.45,18,1735.776932
13.0,18,1735.830569
-7.85,18,1735.905181
-8.1,18,1735.965828
-9.25,18,1736.125199
15.15,18,1736.158781
2.1,18,1736.198032
-9.1,18,1736.229857
-7.8,18,1736.260622
-9.05,18,1736.286398
12.7,18,1736.318004
14.25,18,1736.349343
-8.25,18,1736.391558
-8.6,18,1736.420246
-7.55,18,1736.474637
-7.3,18,1736.513642
-7.6,18,1736.547549
2.55,18,1736.593364
2.3,18,1736.810817
-7.9,18,1736.85084
-8.85,18,1736.890652
-7.95,18,1736.938153
-8.8,18,1736.986466
-7.35,18,1737.034424
13.3,18,1737.070456
2.75,18,1737.130881
-8.7,18,1737.16316
-8.05,18,1737.221209
-9.1,18,1737.265716
-8.5,18,1737.313213
12.15,18,1737.361167
14.0,18,1737.408895
14.35,18,1737.630387
3.05,18,1737.662121
-7.7,18,1737.710659
14.4,18,1737.759129
-8.6,18,1737.807607
14.3,18,1737.856072
2.7,18,1737.888415
-9.0,18,1737.936056
-8.8,18,1737.98368
1.9,18,1738.031856
-7.1,18,1738.080295
12.1,18,1738.112597
-8.25,18,1738.177292
-8.6,18,1738.209562
-8.6,18,1738.418183
-8.9,18,1738.466227
-8.95,18,1738.514643
-8.8,18,1738.546937
-9.3,18,1738.594744
-8.8,18,1738.642393
13.0,18,1738.690367
-9.2,18,1738.738786
-8.9,18,1738.786719
12.75,18,1738.839842
-6.75,18,1738.882347
14.05,18,1738.929839
-7.5,18,1738.960882
12.75,18,1739.008124
-7.95,18,1739.055717
-7.95,18,1739.277596
-8.7,18,1739.31003
-8.9,18,1739.374684
-8.3,18,1739.442385
-7.4,18,1739.495238
-8.3,18,1739.533311
14.2,18,1739.5813
-8.9,18,1739.634024
2.55,18,1739.677129
15.8,18,1739.725082
13.05,18,1739.773575
-9.5,18,1739.82197
-9.65,18,1739.869655
11.8,18,1739.918009
-8.6,18,1740.174873
12.7,18,1740.222573
12.95,18,1740.270775
13.05,18,1740.318573
1.6,18,1740.382141
1.8,18,1740.433548
13.2,18,1740.476055
-7.9,18,1740.523932
-8.95,18,1740.571782
-7.8,18,1740.627979
-9.3,18,1740.669091
12.1,18,1740.716341
3.1,18,1740.763846
2.4,18,1740.811919
11.7,18,1741.082165
-8.45,18,1741.145514
3.5,18,1741.198694
3.0,18,1741.241591
14.05,18,1741.29016
-8.45,18,1741.337469
12.75,18,1741.385319
-7.7,18,1741.445143
-8.65,18,1741.481336
-8.0,18,1741.528824
-9.15,18,1741.576964
3.9,18,1741.629791
13.55,18,1741.68027
-8.35,18,1741.740362
-9.25,18,1742.372667
-7.2,18,1742.420186
11.85,18,1742.468258
-7.9,18,1742.528713
14.4,18,1742.564162
-8.4,18,1742.611783
-7.65,18,1742.673689
-8.95,18,1742.738722
-8.4,18,1742.786618
-8.6,18,1742.834172
-9.15,18,1742.882377
-8.3,18,1742.930744
12.05,18,1742.979112
12.8,18,1743.030816
-8.1,18,1743.268241
-8.25,18,1743.316472
-8.5,18,1743.380239
-8.6,18,1743.428304
14.55,18,1743.460136
13.1,18,1743.508098
12.05,18,1743.571417
14.2,18,1743.618925
-9.4,18,1743.666597
-8.9,18,1743.714124
-7.65,18,1743.762089
-7.05,18,1743.812932
13.65,18,1743.842607
13.2,18,1743.906051
-6.05,18,1743.956594
-8.6,18,1744.15987
2.95,18,1744.207566
-6.0,18,1744.255624
-6.8,18,1744.30316
14.2,18,1745.100489
-9.45,18,1745.164025
-6.75,18,1745.228685
14.25,18,1745.280537
14.55,18,1745.435163
-7.8,18,1745.483197
-9.8,18,1745.562975
12.45,18,1745.610677
13.95,18,1745.674982
-8.65,18,1745.738703
-7.75,18,1745.945138
-8.35,18,1746.009305
2.5,18,1746.041193
-9.3,18,1746.12064
-7.95,18,1746.176495
-7.95,18,1746.229071
-8.65,18,1746.279156
-8.95,18,1746.326409
-7.65,18,1746.393156
-9.55,18,1746.47054
-9.35,18,1746.51409
-7.9,18,1746.549815
13.3,18,1746.597841
-7.8,18,1746.772457
-7.6,18,1747.170227
2.3,18,1747.23317
12.8,18,1747.280458
15.25,18,1747.344332
-7.7,18,1747.491383
-8.7,18,1747.550483
-8.25,18,1747.62254
13.35,18,1747.684533
-7.55,18,1747.735384
13.3,18,1747.795721
-8.7,18,1747.843568
14.35,18,1747.89113
-8.25,18,1747.93838
14.35,18,1748.00134
14.2,18,1748.287525
12.8,18,1748.334841
14.0,18,1748.382326
12.15,18,1748.429923
13.1,18,1748.499871
-7.85,18,1748.56628
-7.0,18,1748.602348
-7.15,18,1748.649967
13.85,18,1748.697494
13.15,18,1748.745662
-7.8,18,1748.79391
-8.45,18,1748.825723
-8.7,18,1748.889517
-9.75,18,1748.921389
-7.5,18,1748.968793
1.5,18,1749.192341
-8.05,18,1749.255521
13.4,18,1749.303217
-6.8,18,1749.359021
-8.8,18,1749.399194
-9.45,18,1749.449082
12.1,18,1749.493624
-8.95,18,1749.541144
12.15,18,1749.591847
13.05,18,1749.635989
-8.2,18,1749.682965
-8.95,18,1749.731313
11.9,18,1749.779298
-7.8,18,1749.827645
-9.5,18,1750.052572
1.2,18,1750.084322
-7.75,18,1750.147923
-7.55,18,1750.179692
11.9,18,1750.242893
13.5,18,1750.290812
2.35,18,1750.342708
-9.0,18,1750.370649
-7.95,18,1750.418548
-9.3,18,1750.481617
-8.45,18,1750.529674
13.85,18,1750.577248
-7.75,18,1750.625061
-8.45,18,1750.672569
-8.05,18,1750.933436
12.25,18,1750.972262
-8.9,18,1751.03569
-7.7,18,1751.08366
-8.35,18,1751.131565
-8.75,18,1751.17884
